model,oyear,horizon,cov90,cov50,n,origins,region,assessed,in_band,target
b1_ets,2018,1,0.7746641963872163,0.43862899490504864,4318,9,assessable,True,False,all
b1_ets,2018,2,0.765730206640353,0.4179243092639889,4307,9,assessable,True,False,all
b1_ets,2018,3,0.7891425908667288,0.42847157502329913,4292,9,assessable,True,False,all
b1_ets,2018,4,0.7585884552465529,0.395653189997663,4279,9,assessable,True,False,all
b1_ets,2018,5,0.7699882766705745,0.4063305978898007,4265,9,assessable,True,False,all
b1_ets,2018,6,0.7900422733677783,0.43118835133865663,4258,9,assessable,True,False,all
b1_ets,2019,1,0.7847050512186506,0.43235605793006004,5662,12,assessable,True,False,all
b1_ets,2019,2,0.817068843151171,0.4515613910574876,5636,12,assessable,True,False,all
b1_ets,2019,3,0.8308076305936887,0.4720984132643965,5609,12,assessable,True,False,all
b1_ets,2019,4,0.8234030084000782,0.4711857784723579,5119,11,assessable,True,False,all
b1_ets,2019,5,0.8391548081069427,0.4855541181543769,4638,10,assessable,True,False,all
b1_ets,2019,6,0.832051898125901,0.4987986544930322,4162,9,assessable,True,False,all
b1_ets,2020,1,0.8055853920515574,0.46186895810955964,931,2,assessable,False,False,all
b1_ets,2020,2,0.8038793103448276,0.43103448275862066,464,1,assessable,False,False,all
b1_ets,2021,1,0.9247311827956989,0.5469039673711531,2697,6,assessable,True,True,all
b1_ets,2021,2,0.9322664681801265,0.5749906959434313,2687,6,assessable,True,False,all
b1_ets,2021,3,0.9515287099179717,0.7080536912751678,2682,6,assessable,True,False,all
b1_ets,2021,4,0.951865671641791,0.7093283582089552,2680,6,assessable,True,False,all
b1_ets,2021,5,0.9562616822429907,0.719626168224299,2675,6,assessable,True,False,all
b1_ets,2021,6,0.9568965517241379,0.7256371814092953,2668,6,assessable,True,False,all
b1_ets,2022,1,0.9125906639389995,0.5848986423656314,5377,12,assessable,True,True,all
b1_ets,2022,2,0.9198658218412226,0.5467759970182632,5366,12,assessable,True,True,all
b1_ets,2022,3,0.92472917444901,0.5636906985431454,5354,12,assessable,True,True,all
b1_ets,2022,4,0.9462949101796407,0.6279940119760479,5344,12,assessable,True,False,all
b1_ets,2022,5,0.958950328022493,0.6762886597938145,5335,12,assessable,True,False,all
b1_ets,2022,6,0.9634009009009009,0.7257882882882883,5328,12,assessable,True,False,all
b1_ets,2023,1,0.9229340761374187,0.6570102135561745,5385,12,assessable,True,True,all
b1_ets,2023,2,0.9494826536822885,0.6792452830188679,4929,11,assessable,True,False,all
b1_ets,2023,3,0.9613234965347641,0.7145092778895595,4473,10,assessable,True,False,all
b1_ets,2023,4,0.9639123942259831,0.7252364360378297,4018,9,assessable,True,False,all
b1_ets,2023,5,0.9607513316512476,0.751331651247547,3567,8,assessable,True,False,all
b1_ets,2023,6,0.9621309370988447,0.7830551989730423,3116,7,assessable,True,False,all
b1_ets+dtaci,2018,1,0.9214914312181566,0.5690134321445114,4318,9,assessable,True,True,all
b1_ets+dtaci,2018,2,0.909217552820989,0.5532853494311586,4307,9,assessable,True,True,all
b1_ets+dtaci,2018,3,0.928937558247903,0.5666356011183598,4292,9,assessable,True,True,all
b1_ets+dtaci,2018,4,0.9130637999532601,0.5185791072680532,4279,9,assessable,True,True,all
b1_ets+dtaci,2018,5,0.8862837045720985,0.48300117233294254,4265,9,assessable,True,True,all
b1_ets+dtaci,2018,6,0.8929074682949741,0.5023485204321277,4258,9,assessable,True,True,all
b1_ets+dtaci,2019,1,0.8954433062522077,0.48481102084069233,5662,12,assessable,True,True,all
b1_ets+dtaci,2019,2,0.9009936124911284,0.5120652945351313,5636,12,assessable,True,True,all
b1_ets+dtaci,2019,3,0.8898199322517383,0.5088251025138171,5609,12,assessable,True,True,all
b1_ets+dtaci,2019,4,0.9124829068177378,0.5557726118382497,5119,11,assessable,True,True,all
b1_ets+dtaci,2019,5,0.9161276412246658,0.573738680465718,4638,10,assessable,True,True,all
b1_ets+dtaci,2019,6,0.9067755886592984,0.5677558865929841,4162,9,assessable,True,True,all
b1_ets+dtaci,2020,1,0.8850698174006445,0.5026852846401718,931,2,assessable,False,True,all
b1_ets+dtaci,2020,2,0.8922413793103449,0.4827586206896552,464,1,assessable,False,True,all
b1_ets+dtaci,2021,1,0.9744160177975528,0.6017797552836485,2697,6,assessable,True,False,all
b1_ets+dtaci,2021,2,0.9810197245999256,0.6810569408262003,2687,6,assessable,True,False,all
b1_ets+dtaci,2021,3,0.9832214765100671,0.7982848620432513,2682,6,assessable,True,False,all
b1_ets+dtaci,2021,4,0.9813432835820896,0.8526119402985075,2680,6,assessable,True,False,all
b1_ets+dtaci,2021,5,0.9824299065420561,0.8590654205607476,2675,6,assessable,True,False,all
b1_ets+dtaci,2021,6,0.9801349325337332,0.8590704647676162,2668,6,assessable,True,False,all
b1_ets+dtaci,2022,1,0.9168681420866654,0.5229681978798587,5377,12,assessable,True,True,all
b1_ets+dtaci,2022,2,0.905329854640328,0.4739098024599329,5366,12,assessable,True,True,all
b1_ets+dtaci,2022,3,0.9071722076951811,0.41837878221890173,5354,12,assessable,True,True,all
b1_ets+dtaci,2022,4,0.9094311377245509,0.4711826347305389,5344,12,assessable,True,True,all
b1_ets+dtaci,2022,5,0.9034676663542643,0.47104029990627927,5335,12,assessable,True,True,all
b1_ets+dtaci,2022,6,0.9194819819819819,0.5106981981981982,5328,12,assessable,True,True,all
b1_ets+dtaci,2023,1,0.9210770659238626,0.5584029712163416,5385,12,assessable,True,True,all
b1_ets+dtaci,2023,2,0.9407587745993102,0.577399066747819,4929,11,assessable,True,False,all
b1_ets+dtaci,2023,3,0.9472389894925106,0.5750055890900961,4473,10,assessable,True,False,all
b1_ets+dtaci,2023,4,0.9295669487307118,0.5281234444997511,4018,9,assessable,True,True,all
b1_ets+dtaci,2023,5,0.8945892907204934,0.5074292122231567,3567,8,assessable,True,True,all
b1_ets+dtaci,2023,6,0.8645699614890886,0.47946084724005134,3116,7,assessable,True,False,all
b1_ets+pooled,2018,1,0.928902269569245,0.5817508105604446,4318,9,assessable,True,True,all
b1_ets+pooled,2018,2,0.9196656605525888,0.552820989087532,4307,9,assessable,True,True,all
b1_ets+pooled,2018,3,0.9310344827586207,0.570596458527493,4292,9,assessable,True,False,all
b1_ets+pooled,2018,4,0.9177377892030848,0.522318298667913,4279,9,assessable,True,True,all
b1_ets+pooled,2018,5,0.8876905041031653,0.48440797186400936,4265,9,assessable,True,True,all
b1_ets+pooled,2018,6,0.8938468764678252,0.5028182245185533,4258,9,assessable,True,True,all
b1_ets+pooled,2019,1,0.9083362769339456,0.5028258565877781,5662,12,assessable,True,True,all
b1_ets+pooled,2019,2,0.9185592618878637,0.531582682753726,5636,12,assessable,True,True,all
b1_ets+pooled,2019,3,0.9142449634515957,0.5353895525049028,5609,12,assessable,True,True,all
b1_ets+pooled,2019,4,0.9249853487009182,0.5676890017581558,5119,11,assessable,True,True,all
b1_ets+pooled,2019,5,0.9271237602414834,0.5756791720569211,4638,10,assessable,True,True,all
b1_ets+pooled,2019,6,0.9185487746275829,0.5756847669389716,4162,9,assessable,True,True,all
b1_ets+pooled,2020,1,0.8925886143931256,0.5166487647690655,931,2,assessable,False,True,all
b1_ets+pooled,2020,2,0.9073275862068966,0.48060344827586204,464,1,assessable,False,True,all
b1_ets+pooled,2021,1,0.9725621060437524,0.6303299962921765,2697,6,assessable,True,False,all
b1_ets+pooled,2021,2,0.9802754000744325,0.7212504652028284,2687,6,assessable,True,False,all
b1_ets+pooled,2021,3,0.9828486204325131,0.8392990305741984,2682,6,assessable,True,False,all
b1_ets+pooled,2021,4,0.9813432835820896,0.8753731343283582,2680,6,assessable,True,False,all
b1_ets+pooled,2021,5,0.9824299065420561,0.8762616822429906,2675,6,assessable,True,False,all
b1_ets+pooled,2021,6,0.9775112443778111,0.8650674662668666,2668,6,assessable,True,False,all
b1_ets+pooled,2022,1,0.9311883950158081,0.5484470894550865,5377,12,assessable,True,False,all
b1_ets+pooled,2022,2,0.9325382035035408,0.523667536339918,5366,12,assessable,True,False,all
b1_ets+pooled,2022,3,0.9338812103100486,0.48412401942472916,5354,12,assessable,True,False,all
b1_ets+pooled,2022,4,0.9468562874251497,0.5666167664670658,5344,12,assessable,True,False,all
b1_ets+pooled,2022,5,0.9512652296157451,0.6266166822867854,5335,12,assessable,True,False,all
b1_ets+pooled,2022,6,0.9590840840840841,0.6768018018018018,5328,12,assessable,True,False,all
b1_ets+pooled,2023,1,0.9227483751160631,0.5743732590529248,5385,12,assessable,True,True,all
b1_ets+pooled,2023,2,0.9429904645972814,0.6009332521809698,4929,11,assessable,True,False,all
b1_ets+pooled,2023,3,0.9537223340040242,0.598479767493852,4473,10,assessable,True,False,all
b1_ets+pooled,2023,4,0.9474863115978098,0.5699352911896466,4018,9,assessable,True,False,all
b1_ets+pooled,2023,5,0.9271096159237454,0.5747126436781609,3567,8,assessable,True,True,all
b1_ets+pooled,2023,6,0.9175224646983312,0.5818356867779204,3116,7,assessable,True,True,all
b1_ets+series,2018,1,0.9316813339509032,0.6060676238999537,4318,9,assessable,True,False,all
b1_ets+series,2018,2,0.9203622010680288,0.5871836545159044,4307,9,assessable,True,True,all
b1_ets+series,2018,3,0.9305684995340168,0.5934296365330848,4292,9,assessable,True,False,all
b1_ets+series,2018,4,0.9182051881280673,0.5491937368544052,4279,9,assessable,True,True,all
b1_ets+series,2018,5,0.8879249706916764,0.5036342321219226,4265,9,assessable,True,True,all
b1_ets+series,2018,6,0.8938468764678252,0.5234852043212775,4258,9,assessable,True,True,all
b1_ets+series,2019,1,0.9201695513952667,0.531261038502296,5662,12,assessable,True,True,all
b1_ets+series,2019,2,0.92902767920511,0.5601490418736693,5636,12,assessable,True,True,all
b1_ets+series,2019,3,0.9176323765377072,0.5646282759850241,5609,12,assessable,True,True,all
b1_ets+series,2019,4,0.9224457901933971,0.5899589763625708,5119,11,assessable,True,True,all
b1_ets+series,2019,5,0.9213022854678741,0.6045709357481673,4638,10,assessable,True,True,all
b1_ets+series,2019,6,0.9070158577606919,0.5989908697741471,4162,9,assessable,True,True,all
b1_ets+series,2020,1,0.9044038668098818,0.5413533834586466,931,2,assessable,False,True,all
b1_ets+series,2020,2,0.9202586206896551,0.5301724137931034,464,1,assessable,False,True,all
b1_ets+series,2021,1,0.982202447163515,0.6529477196885428,2697,6,assessable,True,False,all
b1_ets+series,2021,2,0.9862299962783774,0.7201339784145888,2687,6,assessable,True,False,all
b1_ets+series,2021,3,0.9891871737509321,0.813944817300522,2682,6,assessable,True,False,all
b1_ets+series,2021,4,0.9847014925373134,0.8373134328358209,2680,6,assessable,True,False,all
b1_ets+series,2021,5,0.9854205607476636,0.8471028037383178,2675,6,assessable,True,False,all
b1_ets+series,2021,6,0.9801349325337332,0.8403298350824587,2668,6,assessable,True,False,all
b1_ets+series,2022,1,0.9767528361539892,0.635856425516087,5377,12,assessable,True,False,all
b1_ets+series,2022,2,0.9856503913529631,0.6270965337308982,5366,12,assessable,True,False,all
b1_ets+series,2022,3,0.9858050056032872,0.6251400821815465,5354,12,assessable,True,False,all
b1_ets+series,2022,4,0.9865269461077845,0.6888098802395209,5344,12,assessable,True,False,all
b1_ets+series,2022,5,0.9863167760074977,0.7448922211808809,5335,12,assessable,True,False,all
b1_ets+series,2022,6,0.984984984984985,0.7903528528528528,5328,12,assessable,True,False,all
b1_ets+series,2023,1,0.9656453110492108,0.6380687093779016,5385,12,assessable,True,False,all
b1_ets+series,2023,2,0.9760600527490363,0.6928383039156015,4929,11,assessable,True,False,all
b1_ets+series,2023,3,0.97719651240778,0.6946121171473284,4473,10,assessable,True,False,all
b1_ets+series,2023,4,0.9751119960179193,0.7045793927327029,4018,9,assessable,True,False,all
b1_ets+series,2023,5,0.9688814129520605,0.7275021026072329,3567,8,assessable,True,False,all
b1_ets+series,2023,6,0.9656611039794608,0.7509627727856226,3116,7,assessable,True,False,all
m1_enbpi,2018,1,0.8813559322033898,0.37660190161223644,4838,9,assessable,True,True,all
m1_enbpi,2018,2,0.8464730290456431,0.3412863070539419,4820,9,assessable,True,False,all
m1_enbpi,2018,3,0.8519599666388658,0.3613427856547123,4796,9,assessable,True,False,all
m1_enbpi,2018,4,0.8406040268456376,0.4089765100671141,4768,9,assessable,True,False,all
m1_enbpi,2018,5,0.8118018967334035,0.34120126448893573,4745,9,assessable,True,False,all
m1_enbpi,2018,6,0.7844918656243397,0.3171350095077118,4733,9,assessable,True,False,all
m1_enbpi,2019,1,0.8554276315789474,0.3101973684210526,6080,12,assessable,True,False,all
m1_enbpi,2019,2,0.8448703122418635,0.3099289608458616,6053,12,assessable,True,False,all
m1_enbpi,2019,3,0.827191235059761,0.3109229747675963,6024,12,assessable,True,False,all
m1_enbpi,2019,4,0.8099399235390496,0.3546331694884398,5493,11,assessable,True,False,all
m1_enbpi,2019,5,0.8081640860647497,0.305047255177961,4973,10,assessable,True,False,all
m1_enbpi,2019,6,0.7905677246312025,0.299731783638802,4474,9,assessable,True,False,all
m1_enbpi,2020,1,0.7723658051689861,0.2077534791252485,1006,2,assessable,False,False,all
m1_enbpi,2020,2,0.654,0.172,500,1,assessable,False,False,all
m1_enbpi,2021,1,0.8832796276405299,0.40744718940207664,2793,6,assessable,True,True,all
m1_enbpi,2021,2,0.8800718132854578,0.4186714542190305,2785,6,assessable,True,True,all
m1_enbpi,2021,3,0.9010791366906474,0.5276978417266187,2780,6,assessable,True,True,all
m1_enbpi,2021,4,0.9031677465802735,0.5766738660907127,2778,6,assessable,True,True,all
m1_enbpi,2021,5,0.8694554633970429,0.4875586007933646,2773,6,assessable,True,False,all
m1_enbpi,2021,6,0.806941431670282,0.49168474331164136,2766,6,assessable,True,False,all
m1_enbpi,2022,1,0.8653985507246377,0.3496376811594203,5520,12,assessable,True,False,all
m1_enbpi,2022,2,0.852087114337568,0.35771324863883847,5510,12,assessable,True,False,all
m1_enbpi,2022,3,0.8267272727272728,0.3781818181818182,5500,12,assessable,True,False,all
m1_enbpi,2022,4,0.8387978142076503,0.37868852459016394,5490,12,assessable,True,False,all
m1_enbpi,2022,5,0.8294418095585553,0.38234221087194453,5482,12,assessable,True,False,all
m1_enbpi,2022,6,0.7974799123447772,0.4161796932067202,5476,12,assessable,True,False,all
m1_enbpi,2023,1,0.8661818181818182,0.37054545454545457,5500,12,assessable,True,False,all
m1_enbpi,2023,2,0.8793650793650793,0.40456349206349207,5040,11,assessable,True,True,all
m1_enbpi,2023,3,0.8519973804846104,0.3800480244488103,4581,10,assessable,True,False,all
m1_enbpi,2023,4,0.8343037360504609,0.36050460941290635,4122,9,assessable,True,False,all
m1_enbpi,2023,5,0.81838014725934,0.36051268066539405,3667,8,assessable,True,False,all
m1_enbpi,2023,6,0.7985678704856787,0.3468244084682441,3212,7,assessable,True,False,all
m1_lightgbm_v3,2018,1,0.8443571723852832,0.3739148408433237,4838,9,assessable,True,False,all
m1_lightgbm_v3,2018,2,0.796265560165975,0.329253112033195,4820,9,assessable,True,False,all
m1_lightgbm_v3,2018,3,0.8090075062552127,0.34841534612176817,4796,9,assessable,True,False,all
m1_lightgbm_v3,2018,4,0.7504194630872483,0.3152265100671141,4768,9,assessable,True,False,all
m1_lightgbm_v3,2018,5,0.7951527924130664,0.3553213909378293,4745,9,assessable,True,False,all
m1_lightgbm_v3,2018,6,0.7542784703148109,0.3158673145996197,4733,9,assessable,True,False,all
m1_lightgbm_v3,2019,1,0.8161184210526315,0.38766447368421053,6080,12,assessable,True,False,all
m1_lightgbm_v3,2019,2,0.812324467206344,0.38311581034197917,6053,12,assessable,True,False,all
m1_lightgbm_v3,2019,3,0.7953187250996016,0.3598937583001328,6024,12,assessable,True,False,all
m1_lightgbm_v3,2019,4,0.7760786455488804,0.3593664664117968,5493,11,assessable,True,False,all
m1_lightgbm_v3,2019,5,0.7534687311482002,0.32415041222602053,4973,10,assessable,True,False,all
m1_lightgbm_v3,2019,6,0.7320071524362987,0.3012963790791238,4474,9,assessable,True,False,all
m1_lightgbm_v3,2020,1,0.8061630218687873,0.34691848906560635,1006,2,assessable,False,False,all
m1_lightgbm_v3,2020,2,0.802,0.392,500,1,assessable,False,False,all
m1_lightgbm_v3,2021,1,0.8725384890798424,0.5413533834586466,2793,6,assessable,True,True,all
m1_lightgbm_v3,2021,2,0.851346499102334,0.43087971274685816,2785,6,assessable,True,False,all
m1_lightgbm_v3,2021,3,0.8525179856115108,0.34568345323741007,2780,6,assessable,True,False,all
m1_lightgbm_v3,2021,4,0.8308135349172067,0.31533477321814257,2778,6,assessable,True,False,all
m1_lightgbm_v3,2021,5,0.8413270825820411,0.2751532636134151,2773,6,assessable,True,False,all
m1_lightgbm_v3,2021,6,0.8575560375994216,0.24367317425885757,2766,6,assessable,True,False,all
m1_lightgbm_v3,2022,1,0.8465579710144927,0.35978260869565215,5520,12,assessable,True,False,all
m1_lightgbm_v3,2022,2,0.8366606170598911,0.3524500907441016,5510,12,assessable,True,False,all
m1_lightgbm_v3,2022,3,0.8256363636363636,0.3276363636363636,5500,12,assessable,True,False,all
m1_lightgbm_v3,2022,4,0.8329690346083789,0.32987249544626596,5490,12,assessable,True,False,all
m1_lightgbm_v3,2022,5,0.8298066399124407,0.33090113097409707,5482,12,assessable,True,False,all
m1_lightgbm_v3,2022,6,0.8089846603360117,0.3287070854638422,5476,12,assessable,True,False,all
m1_lightgbm_v3,2023,1,0.8585454545454545,0.39,5500,12,assessable,True,False,all
m1_lightgbm_v3,2023,2,0.8539682539682539,0.40714285714285714,5040,11,assessable,True,False,all
m1_lightgbm_v3,2023,3,0.8426107836716874,0.3938004802444881,4581,10,assessable,True,False,all
m1_lightgbm_v3,2023,4,0.8238719068413392,0.35055798156234835,4122,9,assessable,True,False,all
m1_lightgbm_v3,2023,5,0.7990182710662667,0.3474229615489501,3667,8,assessable,True,False,all
m1_lightgbm_v3,2023,6,0.7801992528019925,0.349626400996264,3212,7,assessable,True,False,all
m1_lightgbm_v3_raw,2018,1,0.7362546506821,0.361099627945432,4838,9,assessable,True,False,all
m1_lightgbm_v3_raw,2018,2,0.6595435684647303,0.28775933609958504,4820,9,assessable,True,False,all
m1_lightgbm_v3_raw,2018,3,0.6959966638865721,0.3000417014178482,4796,9,assessable,True,False,all
m1_lightgbm_v3_raw,2018,4,0.5952181208053692,0.26153523489932884,4768,9,assessable,True,False,all
m1_lightgbm_v3_raw,2018,5,0.6278187565858798,0.2640674394099052,4745,9,assessable,True,False,all
m1_lightgbm_v3_raw,2018,6,0.5734206634270019,0.23557997042045214,4733,9,assessable,True,False,all
m1_lightgbm_v3_raw,2019,1,0.7134868421052631,0.32664473684210527,6080,12,assessable,True,False,all
m1_lightgbm_v3_raw,2019,2,0.6937056005286635,0.29439947133652733,6053,12,assessable,True,False,all
m1_lightgbm_v3_raw,2019,3,0.6527224435590969,0.2818725099601594,6024,12,assessable,True,False,all
m1_lightgbm_v3_raw,2019,4,0.634261787729838,0.2657928272346623,5493,11,assessable,True,False,all
m1_lightgbm_v3_raw,2019,5,0.607279308264629,0.24854212748843757,4973,10,assessable,True,False,all
m1_lightgbm_v3_raw,2019,6,0.5824765310683951,0.24273580688421995,4474,9,assessable,True,False,all
m1_lightgbm_v3_raw,2020,1,0.6451292246520874,0.25646123260437376,1006,2,assessable,False,False,all
m1_lightgbm_v3_raw,2020,2,0.528,0.222,500,1,assessable,False,False,all
m1_lightgbm_v3_raw,2021,1,0.6197636949516648,0.25993555316863587,2793,6,assessable,True,False,all
m1_lightgbm_v3_raw,2021,2,0.5619389587073609,0.22333931777378815,2785,6,assessable,True,False,all
m1_lightgbm_v3_raw,2021,3,0.5852517985611511,0.25755395683453236,2780,6,assessable,True,False,all
m1_lightgbm_v3_raw,2021,4,0.5561555075593952,0.1861051115910727,2778,6,assessable,True,False,all
m1_lightgbm_v3_raw,2021,5,0.576631806707537,0.18283447529751173,2773,6,assessable,True,False,all
m1_lightgbm_v3_raw,2021,6,0.591467823571945,0.20824295010845986,2766,6,assessable,True,False,all
m1_lightgbm_v3_raw,2022,1,0.6795289855072464,0.2831521739130435,5520,12,assessable,True,False,all
m1_lightgbm_v3_raw,2022,2,0.6125226860254084,0.26116152450090746,5510,12,assessable,True,False,all
m1_lightgbm_v3_raw,2022,3,0.59,0.21381818181818182,5500,12,assessable,True,False,all
m1_lightgbm_v3_raw,2022,4,0.6058287795992714,0.2103825136612022,5490,12,assessable,True,False,all
m1_lightgbm_v3_raw,2022,5,0.5879241152863919,0.2041225829989055,5482,12,assessable,True,False,all
m1_lightgbm_v3_raw,2022,6,0.5807158509861212,0.2089116143170197,5476,12,assessable,True,False,all
m1_lightgbm_v3_raw,2023,1,0.7501818181818182,0.3401818181818182,5500,12,assessable,True,False,all
m1_lightgbm_v3_raw,2023,2,0.7406746031746032,0.3388888888888889,5040,11,assessable,True,False,all
m1_lightgbm_v3_raw,2023,3,0.7450338354071163,0.3529796987557302,4581,10,assessable,True,False,all
m1_lightgbm_v3_raw,2023,4,0.7011159631246967,0.2789907811741873,4122,9,assessable,True,False,all
m1_lightgbm_v3_raw,2023,5,0.6839378238341969,0.2639760021816199,3667,8,assessable,True,False,all
m1_lightgbm_v3_raw,2023,6,0.6562889165628891,0.26556662515566626,3212,7,assessable,True,False,all
m1_lightgbm_v3_raw+dtaci,2018,1,0.9078131459280695,0.4948325754443985,4838,9,assessable,True,True,all
m1_lightgbm_v3_raw+dtaci,2018,2,0.8850622406639004,0.4450207468879668,4820,9,assessable,True,True,all
m1_lightgbm_v3_raw+dtaci,2018,3,0.9118015012510425,0.4768557130942452,4796,9,assessable,True,True,all
m1_lightgbm_v3_raw+dtaci,2018,4,0.8800335570469798,0.40604026845637586,4768,9,assessable,True,True,all
m1_lightgbm_v3_raw+dtaci,2018,5,0.9057955742887249,0.4166491043203372,4745,9,assessable,True,True,all
m1_lightgbm_v3_raw+dtaci,2018,6,0.9108387914641877,0.37798436509613353,4733,9,assessable,True,True,all
m1_lightgbm_v3_raw+dtaci,2019,1,0.8685855263157894,0.44605263157894737,6080,12,assessable,True,False,all
m1_lightgbm_v3_raw+dtaci,2019,2,0.8751032545845036,0.4458945977201388,6053,12,assessable,True,True,all
m1_lightgbm_v3_raw+dtaci,2019,3,0.8623837981407703,0.4438911022576361,6024,12,assessable,True,False,all
m1_lightgbm_v3_raw+dtaci,2019,4,0.8802111778627344,0.47933733843073,5493,11,assessable,True,True,all
m1_lightgbm_v3_raw+dtaci,2019,5,0.8670822441182385,0.47858435551980694,4973,10,assessable,True,False,all
m1_lightgbm_v3_raw+dtaci,2019,6,0.8755029056772463,0.5084935181046044,4474,9,assessable,True,True,all
m1_lightgbm_v3_raw+dtaci,2020,1,0.852882703777336,0.3687872763419483,1006,2,assessable,False,False,all
m1_lightgbm_v3_raw+dtaci,2020,2,0.734,0.314,500,1,assessable,False,False,all
m1_lightgbm_v3_raw+dtaci,2021,1,0.9341210168277837,0.48621553884711777,2793,6,assessable,True,False,all
m1_lightgbm_v3_raw+dtaci,2021,2,0.9572710951526032,0.5741472172351885,2785,6,assessable,True,False,all
m1_lightgbm_v3_raw+dtaci,2021,3,0.9593525179856115,0.7593525179856115,2780,6,assessable,True,False,all
m1_lightgbm_v3_raw+dtaci,2021,4,0.9546436285097192,0.796976241900648,2778,6,assessable,True,False,all
m1_lightgbm_v3_raw+dtaci,2021,5,0.9570861882437793,0.7991345113595384,2773,6,assessable,True,False,all
m1_lightgbm_v3_raw+dtaci,2021,6,0.9475777295733911,0.7866955892986262,2766,6,assessable,True,False,all
m1_lightgbm_v3_raw+dtaci,2022,1,0.9036231884057971,0.4989130434782609,5520,12,assessable,True,True,all
m1_lightgbm_v3_raw+dtaci,2022,2,0.9092558983666061,0.5190562613430127,5510,12,assessable,True,True,all
m1_lightgbm_v3_raw+dtaci,2022,3,0.9241818181818182,0.494,5500,12,assessable,True,True,all
m1_lightgbm_v3_raw+dtaci,2022,4,0.9382513661202185,0.5320582877959927,5490,12,assessable,True,False,all
m1_lightgbm_v3_raw+dtaci,2022,5,0.9425392192630427,0.5638453119299526,5482,12,assessable,True,False,all
m1_lightgbm_v3_raw+dtaci,2022,6,0.9432067202337473,0.5611760409057707,5476,12,assessable,True,False,all
m1_lightgbm_v3_raw+dtaci,2023,1,0.9107272727272727,0.5394545454545454,5500,12,assessable,True,True,all
m1_lightgbm_v3_raw+dtaci,2023,2,0.9236111111111112,0.551984126984127,5040,11,assessable,True,True,all
m1_lightgbm_v3_raw+dtaci,2023,3,0.9170486793276578,0.5579567779960707,4581,10,assessable,True,True,all
m1_lightgbm_v3_raw+dtaci,2023,4,0.893498301795245,0.4978165938864629,4122,9,assessable,True,True,all
m1_lightgbm_v3_raw+dtaci,2023,5,0.8731933460594491,0.4734115080447232,3667,8,assessable,True,True,all
m1_lightgbm_v3_raw+dtaci,2023,6,0.8592777085927771,0.46731008717310085,3212,7,assessable,True,False,all
m1_lightgbm_v3_raw+pooled,2018,1,0.9007854485324515,0.4491525423728814,4838,9,assessable,True,True,all
m1_lightgbm_v3_raw+pooled,2018,2,0.8813278008298755,0.4037344398340249,4820,9,assessable,True,True,all
m1_lightgbm_v3_raw+pooled,2018,3,0.9001251042535446,0.41555462885738115,4796,9,assessable,True,True,all
m1_lightgbm_v3_raw+pooled,2018,4,0.8791946308724832,0.3695469798657718,4768,9,assessable,True,True,all
m1_lightgbm_v3_raw+pooled,2018,5,0.901791359325606,0.3898840885142255,4745,9,assessable,True,True,all
m1_lightgbm_v3_raw+pooled,2018,6,0.9009085146841327,0.36023663638284387,4733,9,assessable,True,True,all
m1_lightgbm_v3_raw+pooled,2019,1,0.8583881578947369,0.40411184210526313,6080,12,assessable,True,False,all
m1_lightgbm_v3_raw+pooled,2019,2,0.87906823062944,0.38922848174458946,6053,12,assessable,True,True,all
m1_lightgbm_v3_raw+pooled,2019,3,0.8590637450199203,0.38247011952191234,6024,12,assessable,True,False,all
m1_lightgbm_v3_raw+pooled,2019,4,0.8805752776260696,0.3810304023302385,5493,11,assessable,True,True,all
m1_lightgbm_v3_raw+pooled,2019,5,0.8723104765734969,0.37361753468731146,4973,10,assessable,True,True,all
m1_lightgbm_v3_raw+pooled,2019,6,0.8752793920429146,0.37706750111756815,4474,9,assessable,True,True,all
m1_lightgbm_v3_raw+pooled,2020,1,0.8379721669980119,0.31709741550695825,1006,2,assessable,False,False,all
m1_lightgbm_v3_raw+pooled,2020,2,0.738,0.276,500,1,assessable,False,False,all
m1_lightgbm_v3_raw+pooled,2021,1,0.9094163981382026,0.37808807733619765,2793,6,assessable,True,True,all
m1_lightgbm_v3_raw+pooled,2021,2,0.9368043087971275,0.3859964093357271,2785,6,assessable,True,False,all
m1_lightgbm_v3_raw+pooled,2021,3,0.9474820143884892,0.497841726618705,2780,6,assessable,True,False,all
m1_lightgbm_v3_raw+pooled,2021,4,0.9359251259899208,0.5172786177105831,2778,6,assessable,True,False,all
m1_lightgbm_v3_raw+pooled,2021,5,0.9322033898305084,0.5286693112152903,2773,6,assessable,True,False,all
m1_lightgbm_v3_raw+pooled,2021,6,0.9215473608098337,0.571583514099783,2766,6,assessable,True,True,all
m1_lightgbm_v3_raw+pooled,2022,1,0.8954710144927536,0.39710144927536234,5520,12,assessable,True,True,all
m1_lightgbm_v3_raw+pooled,2022,2,0.9090744101633393,0.4192377495462795,5510,12,assessable,True,True,all
m1_lightgbm_v3_raw+pooled,2022,3,0.9287272727272727,0.4167272727272727,5500,12,assessable,True,True,all
m1_lightgbm_v3_raw+pooled,2022,4,0.938615664845173,0.48269581056466304,5490,12,assessable,True,False,all
m1_lightgbm_v3_raw+pooled,2022,5,0.9461875228018971,0.507843852608537,5482,12,assessable,True,False,all
m1_lightgbm_v3_raw+pooled,2022,6,0.9461285609934259,0.4992695398100804,5476,12,assessable,True,False,all
m1_lightgbm_v3_raw+pooled,2023,1,0.9012727272727272,0.4330909090909091,5500,12,assessable,True,True,all
m1_lightgbm_v3_raw+pooled,2023,2,0.922420634920635,0.45535714285714285,5040,11,assessable,True,True,all
m1_lightgbm_v3_raw+pooled,2023,3,0.917703558175071,0.4774066797642436,4581,10,assessable,True,True,all
m1_lightgbm_v3_raw+pooled,2023,4,0.9121785540999515,0.43522561863173215,4122,9,assessable,True,True,all
m1_lightgbm_v3_raw+pooled,2023,5,0.9037360239978184,0.4483228797382056,3667,8,assessable,True,True,all
m1_lightgbm_v3_raw+pooled,2023,6,0.9078455790784558,0.45485678704856786,3212,7,assessable,True,True,all
m1_lightgbm_v3_raw+series,2018,1,0.9218685407193055,0.5442331541959488,4838,9,assessable,True,True,all
m1_lightgbm_v3_raw+series,2018,2,0.9020746887966805,0.50850622406639,4820,9,assessable,True,True,all
m1_lightgbm_v3_raw+series,2018,3,0.9115929941618015,0.5260633861551293,4796,9,assessable,True,True,all
m1_lightgbm_v3_raw+series,2018,4,0.8850671140939598,0.4838506711409396,4768,9,assessable,True,True,all
m1_lightgbm_v3_raw+series,2018,5,0.9062170706006323,0.48472075869336145,4745,9,assessable,True,True,all
m1_lightgbm_v3_raw+series,2018,6,0.9025987745615889,0.4671455736319459,4733,9,assessable,True,True,all
m1_lightgbm_v3_raw+series,2019,1,0.8995065789473684,0.5044407894736842,6080,12,assessable,True,True,all
m1_lightgbm_v3_raw+series,2019,2,0.9154138443746902,0.5212291425739303,6053,12,assessable,True,True,all
m1_lightgbm_v3_raw+series,2019,3,0.9012284196547145,0.5170982735723771,6024,12,assessable,True,True,all
m1_lightgbm_v3_raw+series,2019,4,0.9049699617695248,0.536136901511014,5493,11,assessable,True,True,all
m1_lightgbm_v3_raw+series,2019,5,0.8950331791675046,0.535491654936658,4973,10,assessable,True,True,all
m1_lightgbm_v3_raw+series,2019,6,0.8904783191774698,0.5364327223960662,4474,9,assessable,True,True,all
m1_lightgbm_v3_raw+series,2020,1,0.8777335984095428,0.41451292246520877,1006,2,assessable,False,True,all
m1_lightgbm_v3_raw+series,2020,2,0.816,0.356,500,1,assessable,False,False,all
m1_lightgbm_v3_raw+series,2021,1,0.9577515216612961,0.4647332617257429,2793,6,assessable,True,False,all
m1_lightgbm_v3_raw+series,2021,2,0.9669658886894076,0.46642728904847397,2785,6,assessable,True,False,all
m1_lightgbm_v3_raw+series,2021,3,0.9705035971223022,0.5503597122302158,2780,6,assessable,True,False,all
m1_lightgbm_v3_raw+series,2021,4,0.968682505399568,0.5694744420446364,2778,6,assessable,True,False,all
m1_lightgbm_v3_raw+series,2021,5,0.9711503786512802,0.5896141363144609,2773,6,assessable,True,False,all
m1_lightgbm_v3_raw+series,2021,6,0.9642082429501084,0.6341287057122198,2766,6,assessable,True,False,all
m1_lightgbm_v3_raw+series,2022,1,0.9632246376811594,0.5284420289855073,5520,12,assessable,True,False,all
m1_lightgbm_v3_raw+series,2022,2,0.9754990925589837,0.5911070780399275,5510,12,assessable,True,False,all
m1_lightgbm_v3_raw+series,2022,3,0.9832727272727273,0.6,5500,12,assessable,True,False,all
m1_lightgbm_v3_raw+series,2022,4,0.9823315118397086,0.6907103825136612,5490,12,assessable,True,False,all
m1_lightgbm_v3_raw+series,2022,5,0.9830353885443269,0.6993797883983948,5482,12,assessable,True,False,all
m1_lightgbm_v3_raw+series,2022,6,0.9800949598246895,0.7096420745069394,5476,12,assessable,True,False,all
m1_lightgbm_v3_raw+series,2023,1,0.9610909090909091,0.6058181818181818,5500,12,assessable,True,False,all
m1_lightgbm_v3_raw+series,2023,2,0.9702380952380952,0.6998015873015873,5040,11,assessable,True,False,all
m1_lightgbm_v3_raw+series,2023,3,0.9674743505784763,0.7262606417812705,4581,10,assessable,True,False,all
m1_lightgbm_v3_raw+series,2023,4,0.970160116448326,0.7142163998059194,4122,9,assessable,True,False,all
m1_lightgbm_v3_raw+series,2023,5,0.9683665121352605,0.7302972457049359,3667,8,assessable,True,False,all
m1_lightgbm_v3_raw+series,2023,6,0.9694894146948941,0.7475093399750934,3212,7,assessable,True,False,all
b1_ets,2019,4,0.07173913043478261,0.03695652173913044,460,1,covid_window,False,False,all
b1_ets,2019,5,0.0752212389380531,0.03761061946902655,904,2,covid_window,False,False,all
b1_ets,2019,6,0.0861812778603269,0.03789004457652303,1346,3,covid_window,False,False,all
b1_ets,2020,1,0.5608093248295579,0.29404002639102705,4547,10,covid_window,False,False,all
b1_ets,2020,2,0.493073679983939,0.1959445894398715,4981,11,covid_window,False,False,all
b1_ets,2020,3,0.5060953084595493,0.2375323236054673,5414,12,covid_window,False,False,all
b1_ets,2020,4,0.5443907875185735,0.2659732540861813,5384,12,covid_window,False,False,all
b1_ets,2020,5,0.5618479880774963,0.2727272727272727,5368,12,covid_window,False,False,all
b1_ets,2020,6,0.638095238095238,0.3025210084033613,5355,12,covid_window,False,False,all
b1_ets,2021,1,0.6696165191740413,0.34623893805309736,2712,6,covid_window,False,False,all
b1_ets,2021,2,0.6251386321626617,0.3659889094269871,2705,6,covid_window,False,False,all
b1_ets,2021,3,0.5798443868099296,0.3130789181178214,2699,6,covid_window,False,False,all
b1_ets,2021,4,0.5471768202080238,0.3027488855869242,2692,6,covid_window,False,False,all
b1_ets,2021,5,0.6179315476190477,0.32626488095238093,2688,6,covid_window,False,False,all
b1_ets,2021,6,0.6392098397316437,0.3477450614983228,2683,6,covid_window,False,False,all
b1_ets+dtaci,2019,4,0.09565217391304348,0.0391304347826087,460,1,covid_window,False,False,all
b1_ets+dtaci,2019,5,0.0918141592920354,0.03761061946902655,904,2,covid_window,False,False,all
b1_ets+dtaci,2019,6,0.11069836552748885,0.034918276374442794,1346,3,covid_window,False,False,all
b1_ets+dtaci,2020,1,0.7965691664833956,0.42775456344842755,4547,10,covid_window,False,False,all
b1_ets+dtaci,2020,2,0.7643043565549087,0.41497691226661315,4981,11,covid_window,False,False,all
b1_ets+dtaci,2020,3,0.7281123014407093,0.42076099002585887,5414,12,covid_window,False,False,all
b1_ets+dtaci,2020,4,0.7395988112927192,0.4671248142644874,5384,12,covid_window,False,False,all
b1_ets+dtaci,2020,5,0.7602459016393442,0.46572280178837555,5368,12,covid_window,False,False,all
b1_ets+dtaci,2020,6,0.7964519140989729,0.51577964519141,5355,12,covid_window,False,False,all
b1_ets+dtaci,2021,1,0.9782448377581121,0.5250737463126843,2712,6,covid_window,False,False,all
b1_ets+dtaci,2021,2,0.9844731977818854,0.5767097966728281,2705,6,covid_window,False,False,all
b1_ets+dtaci,2021,3,0.9885142645424231,0.5346424601704335,2699,6,covid_window,False,False,all
b1_ets+dtaci,2021,4,0.9907132243684993,0.5520059435364042,2692,6,covid_window,False,False,all
b1_ets+dtaci,2021,5,0.9906994047619048,0.6547619047619048,2688,6,covid_window,False,False,all
b1_ets+dtaci,2021,6,0.9910547894148342,0.6772269847185985,2683,6,covid_window,False,False,all
b1_ets+pooled,2019,4,0.08478260869565217,0.03695652173913044,460,1,covid_window,False,False,all
b1_ets+pooled,2019,5,0.08738938053097345,0.03982300884955752,904,2,covid_window,False,False,all
b1_ets+pooled,2019,6,0.10475482912332838,0.03789004457652303,1346,3,covid_window,False,False,all
b1_ets+pooled,2020,1,0.783813503408841,0.40004398504508465,4547,10,covid_window,False,False,all
b1_ets+pooled,2020,2,0.7438265408552499,0.34069463963059626,4981,11,covid_window,False,False,all
b1_ets+pooled,2020,3,0.7146287403029183,0.35389730328777247,5414,12,covid_window,False,False,all
b1_ets+pooled,2020,4,0.725482912332838,0.39933135215453197,5384,12,covid_window,False,False,all
b1_ets+pooled,2020,5,0.7507451564828614,0.3846870342771982,5368,12,covid_window,False,False,all
b1_ets+pooled,2020,6,0.7962651727357609,0.4199813258636788,5355,12,covid_window,False,False,all
b1_ets+pooled,2021,1,0.9760324483775811,0.525811209439528,2712,6,covid_window,False,False,all
b1_ets+pooled,2021,2,0.9815157116451017,0.5726432532347505,2705,6,covid_window,False,False,all
b1_ets+pooled,2021,3,0.9851796961837718,0.526491293071508,2699,6,covid_window,False,False,all
b1_ets+pooled,2021,4,0.9855126300148589,0.5234026745913819,2692,6,covid_window,False,False,all
b1_ets+pooled,2021,5,0.9847470238095238,0.5911458333333334,2688,6,covid_window,False,False,all
b1_ets+pooled,2021,6,0.9843458814759597,0.5747297800969065,2683,6,covid_window,False,False,all
b1_ets+series,2019,4,0.11739130434782609,0.0391304347826087,460,1,covid_window,False,False,all
b1_ets+series,2019,5,0.09734513274336283,0.04092920353982301,904,2,covid_window,False,False,all
b1_ets+series,2019,6,0.10772659732540862,0.041604754829123326,1346,3,covid_window,False,False,all
b1_ets+series,2020,1,0.7642401583461623,0.3672751264570046,4547,10,covid_window,False,False,all
b1_ets+series,2020,2,0.7207388074683798,0.2746436458542461,4981,11,covid_window,False,False,all
b1_ets+series,2020,3,0.6961581086073144,0.30347247875877353,5414,12,covid_window,False,False,all
b1_ets+series,2020,4,0.7063521545319466,0.34806835066864783,5384,12,covid_window,False,False,all
b1_ets+series,2020,5,0.7360283159463488,0.3423994038748137,5368,12,covid_window,False,False,all
b1_ets+series,2020,6,0.7859943977591036,0.36956115779645193,5355,12,covid_window,False,False,all
b1_ets+series,2021,1,0.9594395280235988,0.44874631268436577,2712,6,covid_window,False,False,all
b1_ets+series,2021,2,0.9493530499075785,0.4709796672828096,2705,6,covid_window,False,False,all
b1_ets+series,2021,3,0.9677658391997036,0.4197851055946647,2699,6,covid_window,False,False,all
b1_ets+series,2021,4,0.9732540861812778,0.40676077265973254,2692,6,covid_window,False,False,all
b1_ets+series,2021,5,0.9739583333333334,0.44494047619047616,2688,6,covid_window,False,False,all
b1_ets+series,2021,6,0.9772642564293701,0.44055162131941855,2683,6,covid_window,False,False,all
m1_enbpi,2019,4,0.03822937625754527,0.01609657947686117,497,1,covid_window,False,False,all
m1_enbpi,2019,5,0.045081967213114756,0.0235655737704918,976,2,covid_window,False,False,all
m1_enbpi,2019,6,0.04580152671755725,0.015267175572519083,1441,3,covid_window,False,False,all
m1_enbpi,2020,1,0.5967808501857201,0.22575319851423856,4846,10,covid_window,False,False,all
m1_enbpi,2020,2,0.5350761707729923,0.22117735565168328,5317,11,covid_window,False,False,all
m1_enbpi,2020,3,0.5387409200968523,0.23140781736423383,5782,12,covid_window,False,False,all
m1_enbpi,2020,4,0.5709812108559499,0.2607863604732081,5748,12,covid_window,False,False,all
m1_enbpi,2020,5,0.5492490394690883,0.18494586098498078,5726,12,covid_window,False,False,all
m1_enbpi,2020,6,0.5573856667250745,0.11845102505694761,5707,12,covid_window,False,False,all
m1_enbpi,2021,1,0.8502636203866433,0.3388400702987698,2845,6,covid_window,False,False,all
m1_enbpi,2021,2,0.6665490472829922,0.22265349329569514,2834,6,covid_window,False,False,all
m1_enbpi,2021,3,0.4201769911504425,0.14548672566371681,2825,6,covid_window,False,False,all
m1_enbpi,2021,4,0.4269982238010657,0.11047957371225577,2815,6,covid_window,False,False,all
m1_enbpi,2021,5,0.43752224991100036,0.09611961552153792,2809,6,covid_window,False,False,all
m1_enbpi,2021,6,0.7273376159885796,0.38329764453961457,2802,6,covid_window,False,False,all
m1_lightgbm_v3,2019,4,0.10462776659959759,0.03420523138832998,497,1,covid_window,False,False,all
m1_lightgbm_v3,2019,5,0.08094262295081968,0.0389344262295082,976,2,covid_window,False,False,all
m1_lightgbm_v3,2019,6,0.08743927827897294,0.03539208882720333,1441,3,covid_window,False,False,all
m1_lightgbm_v3,2020,1,0.786215435410648,0.311803549319026,4846,10,covid_window,False,False,all
m1_lightgbm_v3,2020,2,0.7263494451758511,0.2851231897686665,5317,11,covid_window,False,False,all
m1_lightgbm_v3,2020,3,0.685748875821515,0.2210307851954341,5782,12,covid_window,False,False,all
m1_lightgbm_v3,2020,4,0.6892832289491997,0.19224077940153098,5748,12,covid_window,False,False,all
m1_lightgbm_v3,2020,5,0.7025847013622075,0.18005588543485854,5726,12,covid_window,False,False,all
m1_lightgbm_v3,2020,6,0.7072016821447346,0.14561065358331873,5707,12,covid_window,False,False,all
m1_lightgbm_v3,2021,1,0.7827768014059754,0.20843585237258347,2845,6,covid_window,False,False,all
m1_lightgbm_v3,2021,2,0.7410021171489062,0.17678193366266762,2834,6,covid_window,False,False,all
m1_lightgbm_v3,2021,3,0.7621238938053098,0.215929203539823,2825,6,covid_window,False,False,all
m1_lightgbm_v3,2021,4,0.7573712255772647,0.1733570159857904,2815,6,covid_window,False,False,all
m1_lightgbm_v3,2021,5,0.725881096475614,0.12032751868992524,2809,6,covid_window,False,False,all
m1_lightgbm_v3,2021,6,0.7505353319057816,0.16238401142041398,2802,6,covid_window,False,False,all
m1_lightgbm_v3_raw,2019,4,0.08450704225352113,0.03219315895372234,497,1,covid_window,False,False,all
m1_lightgbm_v3_raw,2019,5,0.06352459016393443,0.030737704918032786,976,2,covid_window,False,False,all
m1_lightgbm_v3_raw,2019,6,0.062456627342123525,0.029840388619014575,1441,3,covid_window,False,False,all
m1_lightgbm_v3_raw,2020,1,0.6667354519191085,0.2470078415187784,4846,10,covid_window,False,False,all
m1_lightgbm_v3_raw,2020,2,0.6422794809102877,0.2271957870979876,5317,11,covid_window,False,False,all
m1_lightgbm_v3_raw,2020,3,0.62279488066413,0.24714631615358007,5782,12,covid_window,False,False,all
m1_lightgbm_v3_raw,2020,4,0.6181280445372304,0.22773138482950592,5748,12,covid_window,False,False,all
m1_lightgbm_v3_raw,2020,5,0.5829549423681453,0.22493887530562348,5726,12,covid_window,False,False,all
m1_lightgbm_v3_raw,2020,6,0.5810408270544944,0.21727702821096898,5707,12,covid_window,False,False,all
m1_lightgbm_v3_raw,2021,1,0.5768014059753954,0.28014059753954307,2845,6,covid_window,False,False,all
m1_lightgbm_v3_raw,2021,2,0.38708539167254763,0.17854622441778406,2834,6,covid_window,False,False,all
m1_lightgbm_v3_raw,2021,3,0.2736283185840708,0.09911504424778761,2825,6,covid_window,False,False,all
m1_lightgbm_v3_raw,2021,4,0.21882770870337478,0.07175843694493783,2815,6,covid_window,False,False,all
m1_lightgbm_v3_raw,2021,5,0.19259522961908151,0.07618369526521894,2809,6,covid_window,False,False,all
m1_lightgbm_v3_raw,2021,6,0.20699500356887937,0.06995003568879372,2802,6,covid_window,False,False,all
m1_lightgbm_v3_raw+dtaci,2019,4,0.13078470824949698,0.04024144869215292,497,1,covid_window,False,False,all
m1_lightgbm_v3_raw+dtaci,2019,5,0.09938524590163934,0.039959016393442626,976,2,covid_window,False,False,all
m1_lightgbm_v3_raw+dtaci,2019,6,0.11311589174184594,0.04510756419153366,1441,3,covid_window,False,False,all
m1_lightgbm_v3_raw+dtaci,2020,1,0.8299628559636814,0.4335534461411473,4846,10,covid_window,False,False,all
m1_lightgbm_v3_raw+dtaci,2020,2,0.8051532819258981,0.43765281173594134,5317,11,covid_window,False,False,all
m1_lightgbm_v3_raw+dtaci,2020,3,0.7547561397440332,0.46074022829470773,5782,12,covid_window,False,False,all
m1_lightgbm_v3_raw+dtaci,2020,4,0.7627000695894224,0.4702505219206681,5748,12,covid_window,False,False,all
m1_lightgbm_v3_raw+dtaci,2020,5,0.7799511002444988,0.48515543136570033,5726,12,covid_window,False,False,all
m1_lightgbm_v3_raw+dtaci,2020,6,0.803224110741195,0.48466795163833887,5707,12,covid_window,False,False,all
m1_lightgbm_v3_raw+dtaci,2021,1,0.9152899824253076,0.4369068541300527,2845,6,covid_window,False,True,all
m1_lightgbm_v3_raw+dtaci,2021,2,0.9188426252646437,0.3842625264643613,2834,6,covid_window,False,True,all
m1_lightgbm_v3_raw+dtaci,2021,3,0.9486725663716814,0.3164601769911504,2825,6,covid_window,False,False,all
m1_lightgbm_v3_raw+dtaci,2021,4,0.9641207815275311,0.34316163410301953,2815,6,covid_window,False,False,all
m1_lightgbm_v3_raw+dtaci,2021,5,0.968316126735493,0.3616945532217871,2809,6,covid_window,False,False,all
m1_lightgbm_v3_raw+dtaci,2021,6,0.9746609564596717,0.4778729478943612,2802,6,covid_window,False,False,all
m1_lightgbm_v3_raw+pooled,2019,4,0.10865191146881288,0.03219315895372234,497,1,covid_window,False,False,all
m1_lightgbm_v3_raw+pooled,2019,5,0.0778688524590164,0.031762295081967214,976,2,covid_window,False,False,all
m1_lightgbm_v3_raw+pooled,2019,6,0.09299097848716169,0.031922276197085354,1441,3,covid_window,False,False,all
m1_lightgbm_v3_raw+pooled,2020,1,0.8074700784151878,0.30705736690053653,4846,10,covid_window,False,False,all
m1_lightgbm_v3_raw+pooled,2020,2,0.7801391762271958,0.2851231897686665,5317,11,covid_window,False,False,all
m1_lightgbm_v3_raw+pooled,2020,3,0.7343479764787271,0.28951919750951227,5782,12,covid_window,False,False,all
m1_lightgbm_v3_raw+pooled,2020,4,0.7419972164231037,0.27713987473903967,5748,12,covid_window,False,False,all
m1_lightgbm_v3_raw+pooled,2020,5,0.7591687041564792,0.29252532308767026,5726,12,covid_window,False,False,all
m1_lightgbm_v3_raw+pooled,2020,6,0.7900823550026284,0.2666900297879797,5707,12,covid_window,False,False,all
m1_lightgbm_v3_raw+pooled,2021,1,0.8783831282952548,0.3423550087873462,2845,6,covid_window,False,True,all
m1_lightgbm_v3_raw+pooled,2021,2,0.865561044460127,0.24700070571630206,2834,6,covid_window,False,False,all
m1_lightgbm_v3_raw+pooled,2021,3,0.8909734513274337,0.17415929203539823,2825,6,covid_window,False,True,all
m1_lightgbm_v3_raw+pooled,2021,4,0.9161634103019538,0.17264653641207817,2815,6,covid_window,False,True,all
m1_lightgbm_v3_raw+pooled,2021,5,0.9206123175507298,0.17515129939480242,2809,6,covid_window,False,True,all
m1_lightgbm_v3_raw+pooled,2021,6,0.9286224125624554,0.21663097787294788,2802,6,covid_window,False,True,all
m1_lightgbm_v3_raw+series,2019,4,0.16096579476861167,0.03822937625754527,497,1,covid_window,False,False,all
m1_lightgbm_v3_raw+series,2019,5,0.11577868852459017,0.04405737704918033,976,2,covid_window,False,False,all
m1_lightgbm_v3_raw+series,2019,6,0.12630117973629423,0.046495489243580844,1441,3,covid_window,False,False,all
m1_lightgbm_v3_raw+series,2020,1,0.8023111844820471,0.3431696244325217,4846,10,covid_window,False,False,all
m1_lightgbm_v3_raw+series,2020,2,0.7729922888847094,0.31653187887906714,5317,11,covid_window,False,False,all
m1_lightgbm_v3_raw+series,2020,3,0.7395364925631269,0.32324455205811137,5782,12,covid_window,False,False,all
m1_lightgbm_v3_raw+series,2020,4,0.7498260264439806,0.3162839248434238,5748,12,covid_window,False,False,all
m1_lightgbm_v3_raw+series,2020,5,0.7677261613691931,0.3220398183723367,5726,12,covid_window,False,False,all
m1_lightgbm_v3_raw+series,2020,6,0.7979674084457683,0.3147012440862099,5707,12,covid_window,False,False,all
m1_lightgbm_v3_raw+series,2021,1,0.8337434094903339,0.384182776801406,2845,6,covid_window,False,False,all
m1_lightgbm_v3_raw+series,2021,2,0.8009880028228652,0.2702893436838391,2834,6,covid_window,False,False,all
m1_lightgbm_v3_raw+series,2021,3,0.8205309734513274,0.1784070796460177,2825,6,covid_window,False,False,all
m1_lightgbm_v3_raw+series,2021,4,0.8792184724689165,0.15879218472468917,2815,6,covid_window,False,True,all
m1_lightgbm_v3_raw+series,2021,5,0.9035243859024564,0.17052331790672837,2809,6,covid_window,False,True,all
m1_lightgbm_v3_raw+series,2021,6,0.9182726623840114,0.20092790863668808,2802,6,covid_window,False,True,all
b1_ets,2018,1,0.7486671744097486,0.4013709063214014,1313,9,assessable,True,False,adm_via_ae
b1_ets,2018,1,0.781354051054384,0.4583795782463929,1802,9,assessable,True,False,att_all
b1_ets,2018,1,0.7930174563591023,0.44970906068162925,1203,9,assessable,True,False,att_type1
b1_ets,2018,2,0.7595419847328244,0.41755725190839693,1310,9,assessable,True,False,adm_via_ae
b1_ets,2018,2,0.7790762381747357,0.4307178631051753,1797,9,assessable,True,False,att_all
b1_ets,2018,2,0.7525,0.39916666666666667,1200,9,assessable,True,False,att_type1
b1_ets,2018,3,0.7857689364957919,0.4177505738332058,1307,9,assessable,True,False,adm_via_ae
b1_ets,2018,3,0.7925055928411633,0.4429530201342282,1788,9,assessable,True,False,att_all
b1_ets,2018,3,0.7878028404344194,0.41854636591478694,1197,9,assessable,True,False,att_type1
b1_ets,2018,4,0.7538343558282209,0.4026073619631902,1304,9,assessable,True,False,adm_via_ae
b1_ets,2018,4,0.7748455923638405,0.4031443009545199,1781,9,assessable,True,False,att_all
b1_ets,2018,4,0.7395309882747069,0.3768844221105528,1194,9,assessable,True,False,att_type1
b1_ets,2018,5,0.7755572636433513,0.4304381245196003,1301,9,assessable,True,False,adm_via_ae
b1_ets,2018,5,0.7832957110609481,0.4159142212189616,1772,9,assessable,True,False,att_all
b1_ets,2018,5,0.7441275167785235,0.36577181208053694,1192,9,assessable,True,False,att_type1
b1_ets,2018,6,0.7755572636433513,0.4411990776325903,1301,9,assessable,True,False,adm_via_ae
b1_ets,2018,6,0.8175637393767705,0.454957507082153,1765,9,assessable,True,False,att_all
b1_ets,2018,6,0.7651006711409396,0.3850671140939597,1192,9,assessable,True,False,att_type1
b1_ets,2019,1,0.7651821862348178,0.43551185656448815,1729,12,assessable,True,False,adm_via_ae
b1_ets,2019,1,0.7971198644642101,0.43667937314697164,2361,12,assessable,True,False,att_all
b1_ets,2019,1,0.787531806615776,0.4223918575063613,1572,12,assessable,True,False,att_type1
b1_ets,2019,2,0.7862950058072009,0.4361207897793264,1722,12,assessable,True,False,adm_via_ae
b1_ets,2019,2,0.8320545609548167,0.4599317988064791,2346,12,assessable,True,False,att_all
b1_ets,2019,2,0.8284438775510204,0.4559948979591837,1568,12,assessable,True,False,att_type1
b1_ets,2019,3,0.7935860058309038,0.4513119533527697,1715,12,assessable,True,False,adm_via_ae
b1_ets,2019,3,0.8424892703862661,0.4832618025751073,2330,12,assessable,True,False,att_all
b1_ets,2019,3,0.8542199488491049,0.4782608695652174,1564,12,assessable,True,False,att_type1
b1_ets,2019,4,0.7913209955328654,0.4658583280153159,1567,11,assessable,True,False,adm_via_ae
b1_ets,2019,4,0.8382838283828383,0.4776049033474776,2121,11,assessable,True,False,att_all
b1_ets,2019,4,0.8364779874213837,0.46750524109014674,1431,11,assessable,True,False,att_type1
b1_ets,2019,5,0.8095572733661279,0.4617006324666198,1423,10,assessable,True,False,adm_via_ae
b1_ets,2019,5,0.8443864229765013,0.5086161879895561,1915,10,assessable,True,False,att_all
b1_ets,2019,5,0.8638461538461538,0.4776923076923077,1300,10,assessable,True,False,att_type1
b1_ets,2019,6,0.8193901485535575,0.4870992963252541,1279,9,assessable,True,False,adm_via_ae
b1_ets,2019,6,0.8319719953325554,0.5070011668611435,1714,9,assessable,True,False,att_all
b1_ets,2019,6,0.8460222412318221,0.49957228400342174,1169,9,assessable,True,False,att_type1
b1_ets,2020,1,0.7695035460992907,0.44680851063829785,282,2,assessable,False,False,adm_via_ae
b1_ets,2020,1,0.8107416879795396,0.4680306905370844,391,2,assessable,False,False,att_all
b1_ets,2020,1,0.8372093023255814,0.4689922480620155,258,2,assessable,False,False,att_type1
b1_ets,2020,2,0.7588652482269503,0.45390070921985815,141,1,assessable,False,False,adm_via_ae
b1_ets,2020,2,0.8195876288659794,0.4175257731958763,194,1,assessable,False,False,att_all
b1_ets,2020,2,0.8294573643410853,0.4263565891472868,129,1,assessable,False,False,att_type1
b1_ets,2021,1,0.9039408866995073,0.5566502463054187,812,6,assessable,True,True,adm_via_ae
b1_ets,2021,1,0.9290096406660824,0.5363716038562665,1141,6,assessable,True,True,att_all
b1_ets,2021,1,0.9408602150537635,0.5524193548387096,744,6,assessable,True,False,att_type1
b1_ets,2021,2,0.9061728395061729,0.562962962962963,810,6,assessable,True,True,adm_via_ae
b1_ets,2021,2,0.9427312775330396,0.573568281938326,1135,6,assessable,True,False,att_all
b1_ets,2021,2,0.944743935309973,0.5902964959568733,742,6,assessable,True,False,att_type1
b1_ets,2021,3,0.9134734239802225,0.5896168108776267,809,6,assessable,True,True,adm_via_ae
b1_ets,2021,3,0.9628975265017667,0.7482332155477032,1132,6,assessable,True,False,att_all
b1_ets,2021,3,0.9757085020242915,0.7759784075573549,741,6,assessable,True,False,att_type1
b1_ets,2021,4,0.9195544554455446,0.6113861386138614,808,6,assessable,True,True,adm_via_ae
b1_ets,2021,4,0.9637809187279152,0.7517667844522968,1132,6,assessable,True,False,att_all
b1_ets,2021,4,0.9689189189189189,0.7513513513513513,740,6,assessable,True,False,att_type1
b1_ets,2021,5,0.9169764560099133,0.5836431226765799,807,6,assessable,True,True,adm_via_ae
b1_ets,2021,5,0.975199291408326,0.7697077059344553,1129,6,assessable,True,False,att_all
b1_ets,2021,5,0.9702300405953992,0.7916102841677943,739,6,assessable,True,False,att_type1
b1_ets,2021,6,0.9205955334987593,0.598014888337469,806,6,assessable,True,True,adm_via_ae
b1_ets,2021,6,0.9741992882562278,0.7811387900355872,1124,6,assessable,True,False,att_all
b1_ets,2021,6,0.9701897018970189,0.7804878048780488,738,6,assessable,True,False,att_type1
b1_ets,2022,1,0.8883435582822086,0.5503067484662577,1630,12,assessable,True,True,adm_via_ae
b1_ets,2022,1,0.9194542253521126,0.6016725352112676,2272,12,assessable,True,True,att_all
b1_ets,2022,1,0.9288135593220339,0.5972881355932204,1475,12,assessable,True,True,att_type1
b1_ets,2022,2,0.9054054054054054,0.5939803439803439,1628,12,assessable,True,True,adm_via_ae
b1_ets,2022,2,0.9196113074204947,0.5463780918727915,2264,12,assessable,True,True,att_all
b1_ets,2022,2,0.9362279511533242,0.49525101763907736,1474,12,assessable,True,False,att_type1
b1_ets,2022,3,0.9212307692307692,0.6135384615384616,1625,12,assessable,True,True,adm_via_ae
b1_ets,2022,3,0.9188829787234043,0.5500886524822695,2256,12,assessable,True,True,att_all
b1_ets,2022,3,0.9375424304141209,0.5295315682281059,1473,12,assessable,True,False,att_type1
b1_ets,2022,4,0.9346888478126926,0.6179913739987677,1623,12,assessable,True,False,adm_via_ae
b1_ets,2022,4,0.9417518897287683,0.622054246331703,2249,12,assessable,True,False,att_all
b1_ets,2022,4,0.9660326086956522,0.6480978260869565,1472,12,assessable,True,False,att_type1
b1_ets,2022,5,0.9420111042566317,0.6286243059839605,1621,12,assessable,True,False,adm_via_ae
b1_ets,2022,5,0.9598751671868034,0.6785555060187249,2243,12,assessable,True,False,att_all
b1_ets,2022,5,0.9762066621346023,0.7253569000679809,1471,12,assessable,True,False,att_type1
b1_ets,2022,6,0.9462631253860407,0.6590487955528104,1619,12,assessable,True,False,adm_via_ae
b1_ets,2022,6,0.9633765073693613,0.7378293881196963,2239,12,assessable,True,False,att_all
b1_ets,2022,6,0.9823129251700681,0.780952380952381,1470,12,assessable,True,False,att_type1
b1_ets,2023,1,0.9104750304506699,0.5785627283800243,1642,12,assessable,True,True,adm_via_ae
b1_ets,2023,1,0.934007919049714,0.6981962164540255,2273,12,assessable,True,False,att_all
b1_ets,2023,1,0.9197278911564626,0.680952380952381,1470,12,assessable,True,True,att_type1
b1_ets,2023,2,0.9234863606121091,0.6074517631403858,1503,11,assessable,True,True,adm_via_ae
b1_ets,2023,2,0.9625,0.7158653846153846,2080,11,assessable,True,False,att_all
b1_ets,2023,2,0.9583952451708767,0.7028231797919762,1346,11,assessable,True,False,att_type1
b1_ets,2023,3,0.9347507331378299,0.6268328445747801,1364,10,assessable,True,False,adm_via_ae
b1_ets,2023,3,0.9740328563857975,0.758876523582406,1887,10,assessable,True,False,att_all
b1_ets,2023,3,0.9713584288052373,0.7438625204582652,1222,10,assessable,True,False,att_type1
b1_ets,2023,4,0.9387755102040817,0.6351020408163265,1225,9,assessable,True,False,adm_via_ae
b1_ets,2023,4,0.9752212389380531,0.776401179941003,1695,9,assessable,True,False,att_all
b1_ets,2023,4,0.9744990892531876,0.7468123861566485,1098,9,assessable,True,False,att_type1
b1_ets,2023,5,0.9346826126954921,0.6577736890524379,1087,8,assessable,True,False,adm_via_ae
b1_ets,2023,5,0.9707641196013289,0.7946843853820598,1505,8,assessable,True,False,att_all
b1_ets,2023,5,0.9743589743589743,0.7887179487179488,975,8,assessable,True,False,att_type1
b1_ets,2023,6,0.9399367755532139,0.6712328767123288,949,7,assessable,True,False,adm_via_ae
b1_ets,2023,6,0.9726235741444867,0.8304182509505703,1315,7,assessable,True,False,att_all
b1_ets,2023,6,0.9706572769953051,0.8345070422535211,852,7,assessable,True,False,att_type1
b1_ets+dtaci,2018,1,0.9047981721249048,0.5354150799695354,1313,9,assessable,True,True,adm_via_ae
b1_ets+dtaci,2018,1,0.9211986681465039,0.58157602663707,1802,9,assessable,True,True,att_all
b1_ets+dtaci,2018,1,0.940149625935162,0.5868661679135495,1203,9,assessable,True,False,att_type1
b1_ets+dtaci,2018,2,0.8862595419847328,0.5221374045801527,1310,9,assessable,True,True,adm_via_ae
b1_ets+dtaci,2018,2,0.9159710628825821,0.5592654424040067,1797,9,assessable,True,True,att_all
b1_ets+dtaci,2018,2,0.9241666666666667,0.5783333333333334,1200,9,assessable,True,True,att_type1
b1_ets+dtaci,2018,3,0.9074215761285387,0.5340474368783473,1307,9,assessable,True,True,adm_via_ae
b1_ets+dtaci,2018,3,0.9323266219239373,0.5799776286353467,1788,9,assessable,True,False,att_all
b1_ets+dtaci,2018,3,0.9473684210526315,0.5822890559732665,1197,9,assessable,True,False,att_type1
b1_ets+dtaci,2018,4,0.8987730061349694,0.5076687116564417,1304,9,assessable,True,True,adm_via_ae
b1_ets+dtaci,2018,4,0.927007299270073,0.5311622683885457,1781,9,assessable,True,True,att_all
b1_ets+dtaci,2018,4,0.9078726968174204,0.5117252931323283,1194,9,assessable,True,True,att_type1
b1_ets+dtaci,2018,5,0.8808608762490392,0.49116064565718676,1301,9,assessable,True,True,adm_via_ae
b1_ets+dtaci,2018,5,0.8905191873589164,0.5079006772009029,1772,9,assessable,True,True,att_all
b1_ets+dtaci,2018,5,0.8859060402684564,0.43708053691275167,1192,9,assessable,True,True,att_type1
b1_ets+dtaci,2018,6,0.8870099923136049,0.5103766333589547,1301,9,assessable,True,True,adm_via_ae
b1_ets+dtaci,2018,6,0.9031161473087819,0.5286118980169972,1765,9,assessable,True,True,att_all
b1_ets+dtaci,2018,6,0.8842281879194631,0.4546979865771812,1192,9,assessable,True,True,att_type1
b1_ets+dtaci,2019,1,0.9109311740890689,0.4939271255060729,1729,12,assessable,True,True,adm_via_ae
b1_ets+dtaci,2019,1,0.8941126641253706,0.4836933502753071,2361,12,assessable,True,True,att_all
b1_ets+dtaci,2019,1,0.8804071246819338,0.47646310432569977,1572,12,assessable,True,True,att_type1
b1_ets+dtaci,2019,2,0.9041811846689896,0.5145180023228804,1722,12,assessable,True,True,adm_via_ae
b1_ets+dtaci,2019,2,0.8930093776641091,0.5072463768115942,2346,12,assessable,True,True,att_all
b1_ets+dtaci,2019,2,0.9094387755102041,0.5165816326530612,1568,12,assessable,True,True,att_type1
b1_ets+dtaci,2019,3,0.8839650145772595,0.5142857142857142,1715,12,assessable,True,True,adm_via_ae
b1_ets+dtaci,2019,3,0.8892703862660944,0.5004291845493563,2330,12,assessable,True,True,att_all
b1_ets+dtaci,2019,3,0.8970588235294118,0.5153452685421995,1564,12,assessable,True,True,att_type1
b1_ets+dtaci,2019,4,0.9042756860242501,0.5424377791959157,1567,11,assessable,True,True,adm_via_ae
b1_ets+dtaci,2019,4,0.9094766619519095,0.5454974068835455,2121,11,assessable,True,True,att_all
b1_ets+dtaci,2019,4,0.9259259259259259,0.5856044723969253,1431,11,assessable,True,True,att_type1
b1_ets+dtaci,2019,5,0.9079409697821503,0.5418130709768095,1423,10,assessable,True,True,adm_via_ae
b1_ets+dtaci,2019,5,0.9117493472584857,0.5733681462140993,1915,10,assessable,True,True,att_all
b1_ets+dtaci,2019,5,0.9315384615384615,0.6092307692307692,1300,10,assessable,True,False,att_type1
b1_ets+dtaci,2019,6,0.90852228303362,0.54573885848319,1279,9,assessable,True,True,adm_via_ae
b1_ets+dtaci,2019,6,0.8955659276546091,0.558343057176196,1714,9,assessable,True,True,att_all
b1_ets+dtaci,2019,6,0.9213002566295979,0.6056458511548332,1169,9,assessable,True,True,att_type1
b1_ets+dtaci,2020,1,0.8617021276595744,0.49645390070921985,282,2,assessable,False,False,adm_via_ae
b1_ets+dtaci,2020,1,0.8976982097186701,0.5012787723785166,391,2,assessable,False,True,att_all
b1_ets+dtaci,2020,1,0.8914728682170543,0.5116279069767442,258,2,assessable,False,True,att_type1
b1_ets+dtaci,2020,2,0.8794326241134752,0.524822695035461,141,1,assessable,False,True,adm_via_ae
b1_ets+dtaci,2020,2,0.8969072164948454,0.4536082474226804,194,1,assessable,False,True,att_all
b1_ets+dtaci,2020,2,0.8992248062015504,0.4806201550387597,129,1,assessable,False,True,att_type1
b1_ets+dtaci,2021,1,0.9593596059113301,0.6157635467980296,812,6,assessable,True,False,adm_via_ae
b1_ets+dtaci,2021,1,0.9772129710780018,0.5784399649430324,1141,6,assessable,True,False,att_all
b1_ets+dtaci,2021,1,0.9865591397849462,0.6223118279569892,744,6,assessable,True,False,att_type1
b1_ets+dtaci,2021,2,0.9753086419753086,0.6209876543209877,810,6,assessable,True,False,adm_via_ae
b1_ets+dtaci,2021,2,0.9806167400881057,0.6837004405286343,1135,6,assessable,True,False,att_all
b1_ets+dtaci,2021,2,0.9878706199460916,0.7425876010781671,742,6,assessable,True,False,att_type1
b1_ets+dtaci,2021,3,0.9703337453646477,0.695920889987639,809,6,assessable,True,False,adm_via_ae
b1_ets+dtaci,2021,3,0.984982332155477,0.8197879858657244,1132,6,assessable,True,False,att_all
b1_ets+dtaci,2021,3,0.9946018893387314,0.8771929824561403,741,6,assessable,True,False,att_type1
b1_ets+dtaci,2021,4,0.9628712871287128,0.745049504950495,808,6,assessable,True,False,adm_via_ae
b1_ets+dtaci,2021,4,0.9885159010600707,0.8798586572438163,1132,6,assessable,True,False,att_all
b1_ets+dtaci,2021,4,0.9905405405405405,0.9283783783783783,740,6,assessable,True,False,att_type1
b1_ets+dtaci,2021,5,0.9653035935563816,0.7261462205700124,807,6,assessable,True,False,adm_via_ae
b1_ets+dtaci,2021,5,0.9911426040744021,0.8972542072630647,1129,6,assessable,True,False,att_all
b1_ets+dtaci,2021,5,0.9878213802435724,0.945872801082544,739,6,assessable,True,False,att_type1
b1_ets+dtaci,2021,6,0.9590570719602978,0.7245657568238213,806,6,assessable,True,False,adm_via_ae
b1_ets+dtaci,2021,6,0.9919928825622776,0.896797153024911,1124,6,assessable,True,False,att_all
b1_ets+dtaci,2021,6,0.9850948509485095,0.948509485094851,738,6,assessable,True,False,att_type1
b1_ets+dtaci,2022,1,0.9061349693251534,0.49263803680981594,1630,12,assessable,True,True,adm_via_ae
b1_ets+dtaci,2022,1,0.9198943661971831,0.5475352112676056,2272,12,assessable,True,True,att_all
b1_ets+dtaci,2022,1,0.9240677966101695,0.5186440677966102,1475,12,assessable,True,True,att_type1
b1_ets+dtaci,2022,2,0.9152334152334153,0.5018427518427518,1628,12,assessable,True,True,adm_via_ae
b1_ets+dtaci,2022,2,0.907243816254417,0.48100706713780916,2264,12,assessable,True,True,att_all
b1_ets+dtaci,2022,2,0.8914518317503393,0.432157394843962,1474,12,assessable,True,True,att_type1
b1_ets+dtaci,2022,3,0.9156923076923077,0.5083076923076923,1625,12,assessable,True,True,adm_via_ae
b1_ets+dtaci,2022,3,0.9042553191489362,0.3953900709219858,2256,12,assessable,True,True,att_all
b1_ets+dtaci,2022,3,0.9022403258655805,0.3543788187372709,1473,12,assessable,True,True,att_type1
b1_ets+dtaci,2022,4,0.9026494146642021,0.4959950708564387,1623,12,assessable,True,True,adm_via_ae
b1_ets+dtaci,2022,4,0.9070698088039129,0.4468652734548688,2249,12,assessable,True,True,att_all
b1_ets+dtaci,2022,4,0.920516304347826,0.48097826086956524,1472,12,assessable,True,True,att_type1
b1_ets+dtaci,2022,5,0.8957433682911783,0.512646514497224,1621,12,assessable,True,True,adm_via_ae
b1_ets+dtaci,2022,5,0.9045920641997325,0.43245653143111906,2243,12,assessable,True,True,att_all
b1_ets+dtaci,2022,5,0.9102651257647859,0.4840244731475187,1471,12,assessable,True,True,att_type1
b1_ets+dtaci,2022,6,0.8999382334774553,0.5219271155033972,1619,12,assessable,True,True,adm_via_ae
b1_ets+dtaci,2022,6,0.9263063867798124,0.4890576150066994,2239,12,assessable,True,True,att_all
b1_ets+dtaci,2022,6,0.9306122448979591,0.5312925170068027,1470,12,assessable,True,False,att_type1
b1_ets+dtaci,2023,1,0.9135200974421437,0.5274056029232643,1642,12,assessable,True,True,adm_via_ae
b1_ets+dtaci,2023,1,0.9309282886053674,0.5802903651561813,2273,12,assessable,True,False,att_all
b1_ets+dtaci,2023,1,0.9142857142857143,0.5591836734693878,1470,12,assessable,True,True,att_type1
b1_ets+dtaci,2023,2,0.9221556886227545,0.5089820359281437,1503,11,assessable,True,True,adm_via_ae
b1_ets+dtaci,2023,2,0.9557692307692308,0.5966346153846154,2080,11,assessable,True,False,att_all
b1_ets+dtaci,2023,2,0.9383358098068351,0.6240713224368499,1346,11,assessable,True,False,att_type1
b1_ets+dtaci,2023,3,0.9222873900293255,0.4875366568914956,1364,10,assessable,True,True,adm_via_ae
b1_ets+dtaci,2023,3,0.9650238473767886,0.6094329623741388,1887,10,assessable,True,False,att_all
b1_ets+dtaci,2023,3,0.9476268412438625,0.6194762684124386,1222,10,assessable,True,False,att_type1
b1_ets+dtaci,2023,4,0.8971428571428571,0.48,1225,9,assessable,True,True,adm_via_ae
b1_ets+dtaci,2023,4,0.9528023598820059,0.5616519174041298,1695,9,assessable,True,False,att_all
b1_ets+dtaci,2023,4,0.9298724954462659,0.5300546448087432,1098,9,assessable,True,True,att_type1
b1_ets+dtaci,2023,5,0.858325666973321,0.4563017479300828,1087,8,assessable,True,False,adm_via_ae
b1_ets+dtaci,2023,5,0.9275747508305647,0.5548172757475083,1505,8,assessable,True,True,att_all
b1_ets+dtaci,2023,5,0.884102564102564,0.49128205128205127,975,8,assessable,True,True,att_type1
b1_ets+dtaci,2023,6,0.8292939936775553,0.4214963119072708,949,7,assessable,True,False,adm_via_ae
b1_ets+dtaci,2023,6,0.9026615969581749,0.529277566539924,1315,7,assessable,True,True,att_all
b1_ets+dtaci,2023,6,0.8450704225352113,0.4671361502347418,852,7,assessable,True,False,att_type1
b1_ets+pooled,2018,1,0.913937547600914,0.5514089870525514,1313,9,assessable,True,True,adm_via_ae
b1_ets+pooled,2018,1,0.925638179800222,0.586015538290788,1802,9,assessable,True,True,att_all
b1_ets+pooled,2018,1,0.9501246882793017,0.6084788029925187,1203,9,assessable,True,False,att_type1
b1_ets+pooled,2018,2,0.8923664122137405,0.517557251908397,1310,9,assessable,True,True,adm_via_ae
b1_ets+pooled,2018,2,0.9321090706733445,0.5614913745130774,1797,9,assessable,True,False,att_all
b1_ets+pooled,2018,2,0.9308333333333333,0.5783333333333334,1200,9,assessable,True,False,att_type1
b1_ets+pooled,2018,3,0.9028309104820199,0.531752104055088,1307,9,assessable,True,True,adm_via_ae
b1_ets+pooled,2018,3,0.9368008948545862,0.5855704697986577,1788,9,assessable,True,False,att_all
b1_ets+pooled,2018,3,0.9532163742690059,0.5906432748538012,1197,9,assessable,True,False,att_type1
b1_ets+pooled,2018,4,0.8980061349693251,0.5153374233128835,1304,9,assessable,True,True,adm_via_ae
b1_ets+pooled,2018,4,0.9337450870297586,0.5317237507018528,1781,9,assessable,True,False,att_all
b1_ets+pooled,2018,4,0.9154103852596315,0.5159128978224455,1194,9,assessable,True,True,att_type1
b1_ets+pooled,2018,5,0.8808608762490392,0.49423520368946966,1301,9,assessable,True,True,adm_via_ae
b1_ets+pooled,2018,5,0.891647855530474,0.5067720090293454,1772,9,assessable,True,True,att_all
b1_ets+pooled,2018,5,0.889261744966443,0.44043624161073824,1192,9,assessable,True,True,att_type1
b1_ets+pooled,2018,6,0.8862413528055342,0.5103766333589547,1301,9,assessable,True,True,adm_via_ae
b1_ets+pooled,2018,6,0.9042492917847026,0.5303116147308782,1765,9,assessable,True,True,att_all
b1_ets+pooled,2018,6,0.886744966442953,0.4538590604026846,1192,9,assessable,True,True,att_type1
b1_ets+pooled,2019,1,0.9196067090803933,0.5095430884904569,1729,12,assessable,True,True,adm_via_ae
b1_ets+pooled,2019,1,0.9085133418043202,0.5006353240152478,2361,12,assessable,True,True,att_all
b1_ets+pooled,2019,1,0.8956743002544529,0.49872773536895676,1572,12,assessable,True,True,att_type1
b1_ets+pooled,2019,2,0.9117305458768873,0.5226480836236934,1722,12,assessable,True,True,adm_via_ae
b1_ets+pooled,2019,2,0.9164535379369139,0.5277067348678602,2346,12,assessable,True,True,att_all
b1_ets+pooled,2019,2,0.9292091836734694,0.5471938775510204,1568,12,assessable,True,True,att_type1
b1_ets+pooled,2019,3,0.9049562682215744,0.521865889212828,1715,12,assessable,True,True,adm_via_ae
b1_ets+pooled,2019,3,0.9137339055793992,0.5373390557939914,2330,12,assessable,True,True,att_all
b1_ets+pooled,2019,3,0.9251918158567775,0.5473145780051151,1564,12,assessable,True,True,att_type1
b1_ets+pooled,2019,4,0.9202297383535418,0.5494575622208041,1567,11,assessable,True,True,adm_via_ae
b1_ets+pooled,2019,4,0.9226779820839227,0.5643564356435643,2121,11,assessable,True,True,att_all
b1_ets+pooled,2019,4,0.93361285814116,0.5925925925925926,1431,11,assessable,True,False,att_type1
b1_ets+pooled,2019,5,0.9149683766690091,0.5375966268446943,1423,10,assessable,True,True,adm_via_ae
b1_ets+pooled,2019,5,0.9263707571801567,0.5838120104438642,1915,10,assessable,True,True,att_all
b1_ets+pooled,2019,5,0.9415384615384615,0.6053846153846154,1300,10,assessable,True,False,att_type1
b1_ets+pooled,2019,6,0.9155590304925724,0.5519937451133698,1279,9,assessable,True,True,adm_via_ae
b1_ets+pooled,2019,6,0.911318553092182,0.572928821470245,1714,9,assessable,True,True,att_all
b1_ets+pooled,2019,6,0.932420872540633,0.6056458511548332,1169,9,assessable,True,False,att_type1
b1_ets+pooled,2020,1,0.8617021276595744,0.49645390070921985,282,2,assessable,False,False,adm_via_ae
b1_ets+pooled,2020,1,0.9053708439897699,0.5166240409207161,391,2,assessable,False,True,att_all
b1_ets+pooled,2020,1,0.9069767441860465,0.5387596899224806,258,2,assessable,False,True,att_type1
b1_ets+pooled,2020,2,0.8936170212765957,0.5035460992907801,141,1,assessable,False,True,adm_via_ae
b1_ets+pooled,2020,2,0.9123711340206185,0.4587628865979381,194,1,assessable,False,True,att_all
b1_ets+pooled,2020,2,0.9147286821705426,0.4883720930232558,129,1,assessable,False,True,att_type1
b1_ets+pooled,2021,1,0.9642857142857143,0.6440886699507389,812,6,assessable,True,False,adm_via_ae
b1_ets+pooled,2021,1,0.9684487291849255,0.6047326906222612,1141,6,assessable,True,False,att_all
b1_ets+pooled,2021,1,0.9879032258064516,0.6545698924731183,744,6,assessable,True,False,att_type1
b1_ets+pooled,2021,2,0.9753086419753086,0.6679012345679012,810,6,assessable,True,False,adm_via_ae
b1_ets+pooled,2021,2,0.9779735682819384,0.7259911894273128,1135,6,assessable,True,False,att_all
b1_ets+pooled,2021,2,0.9892183288409704,0.7722371967654986,742,6,assessable,True,False,att_type1
b1_ets+pooled,2021,3,0.9728059332509271,0.7453646477132262,809,6,assessable,True,False,adm_via_ae
b1_ets+pooled,2021,3,0.9823321554770318,0.8507067137809188,1132,6,assessable,True,False,att_all
b1_ets+pooled,2021,3,0.9946018893387314,0.9244264507422402,741,6,assessable,True,False,att_type1
b1_ets+pooled,2021,4,0.9628712871287128,0.780940594059406,808,6,assessable,True,False,adm_via_ae
b1_ets+pooled,2021,4,0.9885159010600707,0.8984098939929329,1132,6,assessable,True,False,att_all
b1_ets+pooled,2021,4,0.9905405405405405,0.9432432432432433,740,6,assessable,True,False,att_type1
b1_ets+pooled,2021,5,0.9690210656753407,0.758364312267658,807,6,assessable,True,False,adm_via_ae
b1_ets+pooled,2021,5,0.9884853852967228,0.9078830823737821,1129,6,assessable,True,False,att_all
b1_ets+pooled,2021,5,0.9878213802435724,0.9566982408660352,739,6,assessable,True,False,att_type1
b1_ets+pooled,2021,6,0.9602977667493796,0.7369727047146402,806,6,assessable,True,False,adm_via_ae
b1_ets+pooled,2021,6,0.9848754448398577,0.9030249110320284,1124,6,assessable,True,False,att_all
b1_ets+pooled,2021,6,0.9850948509485095,0.9471544715447154,738,6,assessable,True,False,att_type1
b1_ets+pooled,2022,1,0.912883435582822,0.5251533742331288,1630,12,assessable,True,True,adm_via_ae
b1_ets+pooled,2022,1,0.9379401408450704,0.565580985915493,2272,12,assessable,True,False,att_all
b1_ets+pooled,2022,1,0.9410169491525424,0.5477966101694915,1475,12,assessable,True,False,att_type1
b1_ets+pooled,2022,2,0.9312039312039312,0.5583538083538083,1628,12,assessable,True,False,adm_via_ae
b1_ets+pooled,2022,2,0.9390459363957597,0.5247349823321554,2264,12,assessable,True,False,att_all
b1_ets+pooled,2022,2,0.9240162822252375,0.4837177747625509,1474,12,assessable,True,True,att_type1
b1_ets+pooled,2022,3,0.9427692307692308,0.5612307692307692,1625,12,assessable,True,False,adm_via_ae
b1_ets+pooled,2022,3,0.9312943262411347,0.462322695035461,2256,12,assessable,True,False,att_all
b1_ets+pooled,2022,3,0.9280380176510523,0.43245078071961984,1473,12,assessable,True,True,att_type1
b1_ets+pooled,2022,4,0.9574861367837338,0.5779420825631546,1623,12,assessable,True,False,adm_via_ae
b1_ets+pooled,2022,4,0.9421965317919075,0.5535793686082704,2249,12,assessable,True,False,att_all
b1_ets+pooled,2022,4,0.9422554347826086,0.5740489130434783,1472,12,assessable,True,False,att_type1
b1_ets+pooled,2022,5,0.9475632325724861,0.6113510178901912,1621,12,assessable,True,False,adm_via_ae
b1_ets+pooled,2022,5,0.9536335265269728,0.6277307177886758,2243,12,assessable,True,False,att_all
b1_ets+pooled,2022,5,0.9517335146159075,0.6417403127124405,1471,12,assessable,True,False,att_type1
b1_ets+pooled,2022,6,0.948733786287832,0.6306361951822113,1619,12,assessable,True,False,adm_via_ae
b1_ets+pooled,2022,6,0.9633765073693613,0.6815542652970076,2239,12,assessable,True,False,att_all
b1_ets+pooled,2022,6,0.9639455782312926,0.7204081632653061,1470,12,assessable,True,False,att_type1
b1_ets+pooled,2023,1,0.9135200974421437,0.5347137637028014,1642,12,assessable,True,True,adm_via_ae
b1_ets+pooled,2023,1,0.9348878134623845,0.5939287285525737,2273,12,assessable,True,False,att_all
b1_ets+pooled,2023,1,0.9142857142857143,0.5884353741496599,1470,12,assessable,True,True,att_type1
b1_ets+pooled,2023,2,0.9234863606121091,0.5096473719228211,1503,11,assessable,True,True,adm_via_ae
b1_ets+pooled,2023,2,0.9586538461538462,0.6254807692307692,2080,11,assessable,True,False,att_all
b1_ets+pooled,2023,2,0.9405646359583952,0.6649331352154532,1346,11,assessable,True,False,att_type1
b1_ets+pooled,2023,3,0.9347507331378299,0.5058651026392962,1364,10,assessable,True,False,adm_via_ae
b1_ets+pooled,2023,3,0.9660837307896132,0.6327503974562798,1887,10,assessable,True,False,att_all
b1_ets+pooled,2023,3,0.955810147299509,0.648936170212766,1222,10,assessable,True,False,att_type1
b1_ets+pooled,2023,4,0.9387755102040817,0.5110204081632653,1225,9,assessable,True,False,adm_via_ae
b1_ets+pooled,2023,4,0.9581120943952802,0.6106194690265486,1695,9,assessable,True,False,att_all
b1_ets+pooled,2023,4,0.9408014571948998,0.5728597449908925,1098,9,assessable,True,False,att_type1
b1_ets+pooled,2023,5,0.906163753449862,0.5078196872125115,1087,8,assessable,True,True,adm_via_ae
b1_ets+pooled,2023,5,0.9508305647840531,0.6172757475083056,1505,8,assessable,True,False,att_all
b1_ets+pooled,2023,5,0.9138461538461539,0.5835897435897436,975,8,assessable,True,True,att_type1
b1_ets+pooled,2023,6,0.9030558482613277,0.4910432033719705,949,7,assessable,True,True,adm_via_ae
b1_ets+pooled,2023,6,0.9376425855513308,0.6395437262357414,1315,7,assessable,True,False,att_all
b1_ets+pooled,2023,6,0.9025821596244131,0.5938967136150235,852,7,assessable,True,True,att_type1
b1_ets+series,2018,1,0.9131759329779132,0.5780654988575781,1313,9,assessable,True,True,adm_via_ae
b1_ets+series,2018,1,0.9289678135405105,0.6087680355160933,1802,9,assessable,True,True,att_all
b1_ets+series,2018,1,0.9559434746467166,0.6325852036575229,1203,9,assessable,True,False,att_type1
b1_ets+series,2018,2,0.8923664122137405,0.5473282442748092,1310,9,assessable,True,True,adm_via_ae
b1_ets+series,2018,2,0.9326655537006121,0.5982192543127435,1797,9,assessable,True,False,att_all
b1_ets+series,2018,2,0.9325,0.6141666666666666,1200,9,assessable,True,False,att_type1
b1_ets+series,2018,3,0.9028309104820199,0.5562356541698547,1307,9,assessable,True,True,adm_via_ae
b1_ets+series,2018,3,0.9362416107382551,0.6023489932885906,1788,9,assessable,True,False,att_all
b1_ets+series,2018,3,0.9523809523809523,0.620718462823726,1197,9,assessable,True,False,att_type1
b1_ets+series,2018,4,0.8987730061349694,0.5368098159509203,1304,9,assessable,True,True,adm_via_ae
b1_ets+series,2018,4,0.9343065693430657,0.5620437956204379,1781,9,assessable,True,False,att_all
b1_ets+series,2018,4,0.9154103852596315,0.5435510887772195,1194,9,assessable,True,True,att_type1
b1_ets+series,2018,5,0.8816295157571099,0.5065334358186011,1301,9,assessable,True,True,adm_via_ae
b1_ets+series,2018,5,0.891647855530474,0.5293453724604966,1772,9,assessable,True,True,att_all
b1_ets+series,2018,5,0.889261744966443,0.462248322147651,1192,9,assessable,True,True,att_type1
b1_ets+series,2018,6,0.8862413528055342,0.528055342044581,1301,9,assessable,True,True,adm_via_ae
b1_ets+series,2018,6,0.9042492917847026,0.5546742209631728,1765,9,assessable,True,True,att_all
b1_ets+series,2018,6,0.886744966442953,0.47231543624161076,1192,9,assessable,True,True,att_type1
b1_ets+series,2019,1,0.9236552920763447,0.5459803354540197,1729,12,assessable,True,True,adm_via_ae
b1_ets+series,2019,1,0.9246082168572639,0.5273189326556544,2361,12,assessable,True,True,att_all
b1_ets+series,2019,1,0.9096692111959288,0.5209923664122137,1572,12,assessable,True,True,att_type1
b1_ets+series,2019,2,0.9152148664343787,0.5481997677119629,1722,12,assessable,True,True,adm_via_ae
b1_ets+series,2019,2,0.9309462915601023,0.5575447570332481,2346,12,assessable,True,False,att_all
b1_ets+series,2019,2,0.9413265306122449,0.5771683673469388,1568,12,assessable,True,False,att_type1
b1_ets+series,2019,3,0.9008746355685131,0.5428571428571428,1715,12,assessable,True,True,adm_via_ae
b1_ets+series,2019,3,0.91931330472103,0.5695278969957082,2330,12,assessable,True,True,att_all
b1_ets+series,2019,3,0.9335038363171355,0.5812020460358056,1564,12,assessable,True,False,att_type1
b1_ets+series,2019,4,0.9017230376515635,0.568602425015954,1567,11,assessable,True,True,adm_via_ae
b1_ets+series,2019,4,0.9269212635549269,0.5874587458745875,2121,11,assessable,True,True,att_all
b1_ets+series,2019,4,0.9385045422781272,0.6170510132774284,1431,11,assessable,True,False,att_type1
b1_ets+series,2019,5,0.9044272663387211,0.5692199578355587,1423,10,assessable,True,True,adm_via_ae
b1_ets+series,2019,5,0.9206266318537859,0.6109660574412533,1915,10,assessable,True,True,att_all
b1_ets+series,2019,5,0.9407692307692308,0.6338461538461538,1300,10,assessable,True,False,att_type1
b1_ets+series,2019,6,0.9022673964034402,0.584831899921814,1279,9,assessable,True,True,adm_via_ae
b1_ets+series,2019,6,0.9002333722287048,0.5962660443407235,1714,9,assessable,True,True,att_all
b1_ets+series,2019,6,0.9221556886227545,0.6184773310521814,1169,9,assessable,True,True,att_type1
b1_ets+series,2020,1,0.8829787234042553,0.5319148936170213,282,2,assessable,False,True,adm_via_ae
b1_ets+series,2020,1,0.9207161125319693,0.5370843989769821,391,2,assessable,False,True,att_all
b1_ets+series,2020,1,0.9031007751937985,0.5581395348837209,258,2,assessable,False,True,att_type1
b1_ets+series,2020,2,0.8865248226950354,0.5177304964539007,141,1,assessable,False,True,adm_via_ae
b1_ets+series,2020,2,0.9381443298969072,0.5154639175257731,194,1,assessable,False,False,att_all
b1_ets+series,2020,2,0.9302325581395349,0.5658914728682171,129,1,assessable,False,False,att_type1
b1_ets+series,2021,1,0.9741379310344828,0.6834975369458128,812,6,assessable,True,False,adm_via_ae
b1_ets+series,2021,1,0.9824715162138475,0.6231375985977213,1141,6,assessable,True,False,att_all
b1_ets+series,2021,1,0.9905913978494624,0.6653225806451613,744,6,assessable,True,False,att_type1
b1_ets+series,2021,2,0.9777777777777777,0.6839506172839506,810,6,assessable,True,False,adm_via_ae
b1_ets+series,2021,2,0.9894273127753304,0.7224669603524229,1135,6,assessable,True,False,att_all
b1_ets+series,2021,2,0.9905660377358491,0.7560646900269542,742,6,assessable,True,False,att_type1
b1_ets+series,2021,3,0.9839307787391842,0.7280593325092707,809,6,assessable,True,False,adm_via_ae
b1_ets+series,2021,3,0.9920494699646644,0.833922261484099,1132,6,assessable,True,False,att_all
b1_ets+series,2021,3,0.99055330634278,0.8771929824561403,741,6,assessable,True,False,att_type1
b1_ets+series,2021,4,0.9678217821782178,0.7425742574257426,808,6,assessable,True,False,adm_via_ae
b1_ets+series,2021,4,0.9929328621908127,0.8657243816254417,1132,6,assessable,True,False,att_all
b1_ets+series,2021,4,0.9905405405405405,0.8972972972972973,740,6,assessable,True,False,att_type1
b1_ets+series,2021,5,0.9702602230483272,0.7385377942998761,807,6,assessable,True,False,adm_via_ae
b1_ets+series,2021,5,0.9946855624446412,0.8786536758193091,1129,6,assessable,True,False,att_all
b1_ets+series,2021,5,0.9878213802435724,0.9174560216508796,739,6,assessable,True,False,att_type1
b1_ets+series,2021,6,0.9615384615384616,0.7295285359801489,806,6,assessable,True,False,adm_via_ae
b1_ets+series,2021,6,0.9902135231316725,0.8807829181494662,1124,6,assessable,True,False,att_all
b1_ets+series,2021,6,0.9850948509485095,0.8997289972899729,738,6,assessable,True,False,att_type1
b1_ets+series,2022,1,0.9613496932515337,0.6147239263803681,1630,12,assessable,True,False,adm_via_ae
b1_ets+series,2022,1,0.9793133802816901,0.6426056338028169,2272,12,assessable,True,False,att_all
b1_ets+series,2022,1,0.9898305084745763,0.6488135593220339,1475,12,assessable,True,False,att_type1
b1_ets+series,2022,2,0.976044226044226,0.6541769041769042,1628,12,assessable,True,False,adm_via_ae
b1_ets+series,2022,2,0.9863074204946997,0.6183745583038869,2264,12,assessable,True,False,att_all
b1_ets+series,2022,2,0.9952510176390773,0.6105834464043419,1474,12,assessable,True,False,att_type1
b1_ets+series,2022,3,0.9803076923076923,0.664,1625,12,assessable,True,False,adm_via_ae
b1_ets+series,2022,3,0.9849290780141844,0.6041666666666666,2256,12,assessable,True,False,att_all
b1_ets+series,2022,3,0.9932111337406653,0.6143923964697895,1473,12,assessable,True,False,att_type1
b1_ets+series,2022,4,0.9815157116451017,0.6863832409118915,1623,12,assessable,True,False,adm_via_ae
b1_ets+series,2022,4,0.9857714539795465,0.6763005780346821,2249,12,assessable,True,False,att_all
b1_ets+series,2022,4,0.9932065217391305,0.7105978260869565,1472,12,assessable,True,False,att_type1
b1_ets+series,2022,5,0.9784083898827884,0.6952498457742134,1621,12,assessable,True,False,adm_via_ae
b1_ets+series,2022,5,0.9866250557289344,0.744092732946946,2243,12,assessable,True,False,att_all
b1_ets+series,2022,5,0.9945615227736234,0.8008157715839564,1471,12,assessable,True,False,att_type1
b1_ets+series,2022,6,0.9765287214329833,0.7189623224212477,1619,12,assessable,True,False,adm_via_ae
b1_ets+series,2022,6,0.9861545332737829,0.7985707905314873,2239,12,assessable,True,False,att_all
b1_ets+series,2022,6,0.992517006802721,0.8564625850340136,1470,12,assessable,True,False,att_type1
b1_ets+series,2023,1,0.9518879415347138,0.5755176613885505,1642,12,assessable,True,False,adm_via_ae
b1_ets+series,2023,1,0.9762428508578971,0.6634403871535416,2273,12,assessable,True,False,att_all
b1_ets+series,2023,1,0.964625850340136,0.6687074829931973,1470,12,assessable,True,False,att_type1
b1_ets+series,2023,2,0.9587491683300067,0.6007984031936128,1503,11,assessable,True,False,adm_via_ae
b1_ets+series,2023,2,0.9822115384615384,0.7221153846153846,2080,11,assessable,True,False,att_all
b1_ets+series,2023,2,0.9858841010401189,0.75037147102526,1346,11,assessable,True,False,att_type1
b1_ets+series,2023,3,0.9604105571847508,0.5982404692082112,1364,10,assessable,True,False,adm_via_ae
b1_ets+series,2023,3,0.9830418653948065,0.7276099629040805,1887,10,assessable,True,False,att_all
b1_ets+series,2023,3,0.9869067103109657,0.7512274959083469,1222,10,assessable,True,False,att_type1
b1_ets+series,2023,4,0.9616326530612245,0.626938775510204,1225,9,assessable,True,False,adm_via_ae
b1_ets+series,2023,4,0.9793510324483776,0.7392330383480826,1695,9,assessable,True,False,att_all
b1_ets+series,2023,4,0.9836065573770492,0.7377049180327869,1098,9,assessable,True,False,att_type1
b1_ets+series,2023,5,0.9448022079116836,0.6448942042318307,1087,8,assessable,True,False,adm_via_ae
b1_ets+series,2023,5,0.9767441860465116,0.7647840531561462,1505,8,assessable,True,False,att_all
b1_ets+series,2023,5,0.9835897435897436,0.762051282051282,975,8,assessable,True,False,att_type1
b1_ets+series,2023,6,0.9378292939936775,0.6385669125395153,949,7,assessable,True,False,adm_via_ae
b1_ets+series,2023,6,0.9771863117870723,0.8022813688212928,1315,7,assessable,True,False,att_all
b1_ets+series,2023,6,0.9788732394366197,0.7969483568075117,852,7,assessable,True,False,att_type1
m1_enbpi,2018,1,0.8537931034482759,0.28620689655172415,1450,9,assessable,True,False,adm_via_ae
m1_enbpi,2018,1,0.8953261927945472,0.5277507302823758,2054,9,assessable,True,True,att_all
m1_enbpi,2018,1,0.8898050974512743,0.24212893553223389,1334,9,assessable,True,True,att_type1
m1_enbpi,2018,2,0.815916955017301,0.25674740484429065,1445,9,assessable,True,False,adm_via_ae
m1_enbpi,2018,2,0.8836754643206256,0.4662756598240469,2046,9,assessable,True,True,att_all
m1_enbpi,2018,2,0.8224228743416102,0.24078254326561324,1329,9,assessable,True,False,att_type1
m1_enbpi,2018,3,0.8208333333333333,0.2923611111111111,1440,9,assessable,True,False,adm_via_ae
m1_enbpi,2018,3,0.8828740157480315,0.4822834645669291,2032,9,assessable,True,True,att_all
m1_enbpi,2018,3,0.8383685800604229,0.25075528700906347,1324,9,assessable,True,False,att_type1
m1_enbpi,2018,4,0.7988826815642458,0.4238826815642458,1432,9,assessable,True,False,adm_via_ae
m1_enbpi,2018,4,0.8782178217821782,0.4188118811881188,2020,9,assessable,True,True,att_all
m1_enbpi,2018,4,0.8282674772036475,0.3776595744680851,1316,9,assessable,True,False,att_type1
m1_enbpi,2018,5,0.7854137447405329,0.3267882187938289,1426,9,assessable,True,False,adm_via_ae
m1_enbpi,2018,5,0.8804780876494024,0.40936254980079684,2008,9,assessable,True,True,att_all
m1_enbpi,2018,5,0.7353165522501907,0.2524790236460717,1311,9,assessable,True,False,att_type1
m1_enbpi,2018,6,0.7585964912280702,0.2919298245614035,1425,9,assessable,True,False,adm_via_ae
m1_enbpi,2018,6,0.8803803803803804,0.3988988988988989,1998,9,assessable,True,True,att_all
m1_enbpi,2018,6,0.666412213740458,0.2198473282442748,1310,9,assessable,True,False,att_type1
m1_enbpi,2019,1,0.8184357541899442,0.20670391061452514,1790,12,assessable,True,False,adm_via_ae
m1_enbpi,2019,1,0.9002634550244637,0.4730899510726383,2657,12,assessable,True,True,att_all
m1_enbpi,2019,1,0.8230251071647275,0.15860379669320268,1633,12,assessable,True,False,att_type1
m1_enbpi,2019,2,0.8098710039259674,0.22546270330902973,1783,12,assessable,True,False,adm_via_ae
m1_enbpi,2019,2,0.8928436198409694,0.46573267701628174,2641,12,assessable,True,True,att_all
m1_enbpi,2019,2,0.805402087170043,0.1497851442602824,1629,12,assessable,True,False,att_type1
m1_enbpi,2019,3,0.8006756756756757,0.24211711711711711,1776,12,assessable,True,False,adm_via_ae
m1_enbpi,2019,3,0.8776210446054137,0.4548227220739611,2623,12,assessable,True,True,att_all
m1_enbpi,2019,3,0.7747692307692308,0.15384615384615385,1625,12,assessable,True,False,att_type1
m1_enbpi,2019,4,0.7592592592592593,0.27469135802469136,1620,11,assessable,True,False,adm_via_ae
m1_enbpi,2019,4,0.8681456676433654,0.4558392632900795,2389,11,assessable,True,False,att_all
m1_enbpi,2019,4,0.7715633423180593,0.27897574123989216,1484,11,assessable,True,False,att_type1
m1_enbpi,2019,5,0.7549353301565691,0.18379850238257317,1469,10,assessable,True,False,adm_via_ae
m1_enbpi,2019,5,0.8572752548656163,0.453660797034291,2158,10,assessable,True,False,att_all
m1_enbpi,2019,5,0.787518573551263,0.19910846953937592,1346,10,assessable,True,False,att_type1
m1_enbpi,2019,6,0.7294028722600151,0.19954648526077098,1323,9,assessable,True,False,adm_via_ae
m1_enbpi,2019,6,0.8529411764705882,0.42208462332301344,1938,9,assessable,True,False,att_all
m1_enbpi,2019,6,0.7576257213520198,0.213520197856554,1213,9,assessable,True,False,att_type1
m1_enbpi,2020,1,0.8148148148148148,0.23232323232323232,297,2,assessable,False,False,adm_via_ae
m1_enbpi,2020,1,0.8738532110091743,0.27293577981651373,436,2,assessable,False,True,att_all
m1_enbpi,2020,1,0.5641025641025641,0.07692307692307693,273,2,assessable,False,False,att_type1
m1_enbpi,2020,2,0.7635135135135135,0.20270270270270271,148,1,assessable,False,False,adm_via_ae
m1_enbpi,2020,2,0.7824074074074074,0.19907407407407407,216,1,assessable,False,False,att_all
m1_enbpi,2020,2,0.33088235294117646,0.09558823529411764,136,1,assessable,False,False,att_type1
m1_enbpi,2021,1,0.8441247002398081,0.34292565947242204,834,6,assessable,True,False,adm_via_ae
m1_enbpi,2021,1,0.9201995012468828,0.5677472984206151,1203,6,assessable,True,True,att_all
m1_enbpi,2021,1,0.8677248677248677,0.22354497354497355,756,6,assessable,True,False,att_type1
m1_enbpi,2021,2,0.8233173076923077,0.31490384615384615,832,6,assessable,True,False,adm_via_ae
m1_enbpi,2021,2,0.9249374478732277,0.5946622185154296,1199,6,assessable,True,True,att_all
m1_enbpi,2021,2,0.8713527851458885,0.253315649867374,754,6,assessable,True,True,att_type1
m1_enbpi,2021,3,0.7930204572803851,0.28038507821901326,831,6,assessable,True,False,adm_via_ae
m1_enbpi,2021,3,0.931438127090301,0.7642140468227425,1196,6,assessable,True,False,att_all
m1_enbpi,2021,3,0.9721115537848606,0.4249667994687915,753,6,assessable,True,False,att_type1
m1_enbpi,2021,4,0.8156626506024096,0.29156626506024097,830,6,assessable,True,False,adm_via_ae
m1_enbpi,2021,4,0.9205685618729097,0.8536789297658863,1196,6,assessable,True,True,att_all
m1_enbpi,2021,4,0.9720744680851063,0.4507978723404255,752,6,assessable,True,False,att_type1
m1_enbpi,2021,5,0.744270205066345,0.18697225572979492,829,6,assessable,True,False,adm_via_ae
m1_enbpi,2021,5,0.9052808046940486,0.7384744341994971,1193,6,assessable,True,True,att_all
m1_enbpi,2021,5,0.9507323568575233,0.4207723035952064,751,6,assessable,True,False,att_type1
m1_enbpi,2021,6,0.6340579710144928,0.17995169082125603,828,6,assessable,True,False,adm_via_ae
m1_enbpi,2021,6,0.882996632996633,0.7062289562289562,1188,6,assessable,True,True,att_all
m1_enbpi,2021,6,0.8773333333333333,0.496,750,6,assessable,True,True,att_type1
m1_enbpi,2022,1,0.8306306306306306,0.23423423423423423,1665,12,assessable,True,False,adm_via_ae
m1_enbpi,2022,1,0.9047213951509996,0.48490004253509145,2351,12,assessable,True,True,att_all
m1_enbpi,2022,1,0.8424202127659575,0.26595744680851063,1504,12,assessable,True,False,att_type1
m1_enbpi,2022,2,0.820204449789537,0.2766085387853277,1663,12,assessable,True,False,adm_via_ae
m1_enbpi,2022,2,0.8993174061433447,0.48464163822525597,2344,12,assessable,True,True,att_all
m1_enbpi,2022,2,0.8137059214903526,0.249500998003992,1503,12,assessable,True,False,att_type1
m1_enbpi,2022,3,0.802528597230584,0.2624924744130042,1661,12,assessable,True,False,adm_via_ae
m1_enbpi,2022,3,0.8776208814719726,0.49208386820710315,2337,12,assessable,True,True,att_all
m1_enbpi,2022,3,0.774300932090546,0.3288948069241012,1502,12,assessable,True,False,att_type1
m1_enbpi,2022,4,0.8040988547317661,0.26823387582881253,1659,12,assessable,True,False,adm_via_ae
m1_enbpi,2022,4,0.8875536480686695,0.4699570815450644,2330,12,assessable,True,True,att_all
m1_enbpi,2022,4,0.8014656895403065,0.35909393737508327,1501,12,assessable,True,False,att_type1
m1_enbpi,2022,5,0.7798552472858866,0.2436670687575392,1658,12,assessable,True,False,adm_via_ae
m1_enbpi,2022,5,0.8803786574870912,0.4961273666092943,2324,12,assessable,True,True,att_all
m1_enbpi,2022,5,0.8053333333333333,0.35933333333333334,1500,12,assessable,True,False,att_type1
m1_enbpi,2022,6,0.7543753771876885,0.2836451418225709,1657,12,assessable,True,False,adm_via_ae
m1_enbpi,2022,6,0.8650862068965517,0.453448275862069,2320,12,assessable,True,False,att_all
m1_enbpi,2022,6,0.7404936624416277,0.505003335557038,1499,12,assessable,True,False,att_type1
m1_enbpi,2023,1,0.8564564564564564,0.2774774774774775,1665,12,assessable,True,False,adm_via_ae
m1_enbpi,2023,1,0.889602053915276,0.5395806589644844,2337,12,assessable,True,True,att_all
m1_enbpi,2023,1,0.8404539385847797,0.2102803738317757,1498,12,assessable,True,False,att_type1
m1_enbpi,2023,2,0.8368283093053736,0.2758846657929227,1526,11,assessable,True,False,adm_via_ae
m1_enbpi,2023,2,0.9093457943925234,0.5808411214953271,2140,11,assessable,True,True,att_all
m1_enbpi,2023,2,0.8799126637554585,0.27292576419213976,1374,11,assessable,True,True,att_type1
m1_enbpi,2023,3,0.80835734870317,0.2622478386167147,1388,10,assessable,True,False,adm_via_ae
m1_enbpi,2023,3,0.889861039629439,0.5295934122490993,1943,10,assessable,True,True,att_all
m1_enbpi,2023,3,0.8416,0.2784,1250,10,assessable,True,False,att_type1
m1_enbpi,2023,4,0.7896,0.252,1250,9,assessable,True,False,adm_via_ae
m1_enbpi,2023,4,0.8831615120274914,0.5,1746,9,assessable,True,True,att_all
m1_enbpi,2023,4,0.8081705150976909,0.26465364120781526,1126,9,assessable,True,False,att_type1
m1_enbpi,2023,5,0.74303683737646,0.23539982030548068,1113,8,assessable,True,False,adm_via_ae
m1_enbpi,2023,5,0.8787878787878788,0.5119277885235332,1551,8,assessable,True,True,att_all
m1_enbpi,2023,5,0.8085742771684945,0.26520438683948155,1003,8,assessable,True,False,att_type1
m1_enbpi,2023,6,0.7581967213114754,0.26639344262295084,976,7,assessable,True,False,adm_via_ae
m1_enbpi,2023,6,0.8480825958702065,0.4314159292035398,1356,7,assessable,True,False,att_all
m1_enbpi,2023,6,0.7670454545454546,0.30568181818181817,880,7,assessable,True,False,att_type1
m1_lightgbm_v3,2018,1,0.8234482758620689,0.37103448275862067,1450,9,assessable,True,False,adm_via_ae
m1_lightgbm_v3,2018,1,0.8860759493670886,0.4323271665043817,2054,9,assessable,True,True,att_all
m1_lightgbm_v3,2018,1,0.802848575712144,0.2871064467766117,1334,9,assessable,True,False,att_type1
m1_lightgbm_v3,2018,2,0.7799307958477508,0.3065743944636678,1445,9,assessable,True,False,adm_via_ae
m1_lightgbm_v3,2018,2,0.8440860215053764,0.3924731182795699,2046,9,assessable,True,False,att_all
m1_lightgbm_v3,2018,2,0.7404063205417607,0.2565838976674191,1329,9,assessable,True,False,att_type1
m1_lightgbm_v3,2018,3,0.7756944444444445,0.30972222222222223,1440,9,assessable,True,False,adm_via_ae
m1_lightgbm_v3,2018,3,0.8562992125984252,0.4119094488188976,2032,9,assessable,True,False,att_all
m1_lightgbm_v3,2018,3,0.7726586102719033,0.2930513595166163,1324,9,assessable,True,False,att_type1
m1_lightgbm_v3,2018,4,0.7053072625698324,0.2856145251396648,1432,9,assessable,True,False,adm_via_ae
m1_lightgbm_v3,2018,4,0.8277227722772277,0.3559405940594059,2020,9,assessable,True,False,att_all
m1_lightgbm_v3,2018,4,0.6808510638297872,0.28495440729483285,1316,9,assessable,True,False,att_type1
m1_lightgbm_v3,2018,5,0.7328190743338009,0.3085553997194951,1426,9,assessable,True,False,adm_via_ae
m1_lightgbm_v3,2018,5,0.8635458167330677,0.38247011952191234,2008,9,assessable,True,False,att_all
m1_lightgbm_v3,2018,5,0.7581998474446987,0.36460717009916094,1311,9,assessable,True,False,att_type1
m1_lightgbm_v3,2018,6,0.6870175438596491,0.29894736842105263,1425,9,assessable,True,False,adm_via_ae
m1_lightgbm_v3,2018,6,0.8483483483483484,0.33433433433433435,1998,9,assessable,True,False,att_all
m1_lightgbm_v3,2018,6,0.683969465648855,0.3061068702290076,1310,9,assessable,True,False,att_type1
m1_lightgbm_v3,2019,1,0.7843575418994413,0.364804469273743,1790,12,assessable,True,False,adm_via_ae
m1_lightgbm_v3,2019,1,0.8588633797515995,0.44787354158825743,2657,12,assessable,True,False,att_all
m1_lightgbm_v3,2019,1,0.7813839559093693,0.31475811390079605,1633,12,assessable,True,False,att_type1
m1_lightgbm_v3,2019,2,0.7829500841278744,0.3286595625350533,1783,12,assessable,True,False,adm_via_ae
m1_lightgbm_v3,2019,2,0.8557364634608103,0.4592957213176827,2641,12,assessable,True,False,att_all
m1_lightgbm_v3,2019,2,0.7740945365254758,0.3192142418661756,1629,12,assessable,True,False,att_type1
m1_lightgbm_v3,2019,3,0.7646396396396397,0.30518018018018017,1776,12,assessable,True,False,adm_via_ae
m1_lightgbm_v3,2019,3,0.8520777735417461,0.4361418223408311,2623,12,assessable,True,False,att_all
m1_lightgbm_v3,2019,3,0.7372307692307692,0.2966153846153846,1625,12,assessable,True,False,att_type1
m1_lightgbm_v3,2019,4,0.7376543209876543,0.30246913580246915,1620,11,assessable,True,False,adm_via_ae
m1_lightgbm_v3,2019,4,0.8317287568020092,0.42904981163666805,2389,11,assessable,True,False,att_all
m1_lightgbm_v3,2019,4,0.7284366576819407,0.30929919137466305,1484,11,assessable,True,False,att_type1
m1_lightgbm_v3,2019,5,0.7134104833219878,0.27229407760381213,1469,10,assessable,True,False,adm_via_ae
m1_lightgbm_v3,2019,5,0.809082483781279,0.38693234476367006,2158,10,assessable,True,False,att_all
m1_lightgbm_v3,2019,5,0.7080237741456167,0.2800891530460624,1346,10,assessable,True,False,att_type1
m1_lightgbm_v3,2019,6,0.6953892668178382,0.26077097505668934,1323,9,assessable,True,False,adm_via_ae
m1_lightgbm_v3,2019,6,0.7884416924664602,0.3637770897832817,1938,9,assessable,True,False,att_all
m1_lightgbm_v3,2019,6,0.6817807089859852,0.24567188788128608,1213,9,assessable,True,False,att_type1
m1_lightgbm_v3,2020,1,0.7744107744107744,0.3434343434343434,297,2,assessable,False,False,adm_via_ae
m1_lightgbm_v3,2020,1,0.8784403669724771,0.3738532110091743,436,2,assessable,False,True,att_all
m1_lightgbm_v3,2020,1,0.7252747252747253,0.3076923076923077,273,2,assessable,False,False,att_type1
m1_lightgbm_v3,2020,2,0.7162162162162162,0.3310810810810811,148,1,assessable,False,False,adm_via_ae
m1_lightgbm_v3,2020,2,0.8935185185185185,0.41203703703703703,216,1,assessable,False,True,att_all
m1_lightgbm_v3,2020,2,0.75,0.4264705882352941,136,1,assessable,False,False,att_type1
m1_lightgbm_v3,2021,1,0.89568345323741,0.49640287769784175,834,6,assessable,True,True,adm_via_ae
m1_lightgbm_v3,2021,1,0.8096425602660017,0.5652535328345802,1203,6,assessable,True,False,att_all
m1_lightgbm_v3,2021,1,0.9470899470899471,0.5529100529100529,756,6,assessable,True,False,att_type1
m1_lightgbm_v3,2021,2,0.8858173076923077,0.4206730769230769,832,6,assessable,True,True,adm_via_ae
m1_lightgbm_v3,2021,2,0.8248540450375312,0.5462885738115096,1199,6,assessable,True,False,att_all
m1_lightgbm_v3,2021,2,0.8554376657824934,0.25862068965517243,754,6,assessable,True,False,att_type1
m1_lightgbm_v3,2021,3,0.8772563176895307,0.36462093862815886,831,6,assessable,True,True,adm_via_ae
m1_lightgbm_v3,2021,3,0.8553511705685619,0.44732441471571904,1196,6,assessable,True,False,att_all
m1_lightgbm_v3,2021,3,0.8207171314741036,0.16334661354581673,753,6,assessable,True,False,att_type1
m1_lightgbm_v3,2021,4,0.8120481927710843,0.3313253012048193,830,6,assessable,True,False,adm_via_ae
m1_lightgbm_v3,2021,4,0.8578595317725752,0.4105351170568562,1196,6,assessable,True,False,att_all
m1_lightgbm_v3,2021,4,0.8085106382978723,0.14627659574468085,752,6,assessable,True,False,att_type1
m1_lightgbm_v3,2021,5,0.8636911942098915,0.3474065138721351,829,6,assessable,True,False,adm_via_ae
m1_lightgbm_v3,2021,5,0.856663872590109,0.3327745180217938,1193,6,assessable,True,False,att_all
m1_lightgbm_v3,2021,5,0.7922769640479361,0.10386151797603196,751,6,assessable,True,False,att_type1
m1_lightgbm_v3,2021,6,0.8333333333333334,0.30193236714975846,828,6,assessable,True,False,adm_via_ae
m1_lightgbm_v3,2021,6,0.8611111111111112,0.2845117845117845,1188,6,assessable,True,False,att_all
m1_lightgbm_v3,2021,6,0.8786666666666667,0.11466666666666667,750,6,assessable,True,True,att_type1
m1_lightgbm_v3,2022,1,0.8312312312312312,0.2984984984984985,1665,12,assessable,True,False,adm_via_ae
m1_lightgbm_v3,2022,1,0.8757975329646959,0.4704381114419396,2351,12,assessable,True,True,att_all
m1_lightgbm_v3,2022,1,0.8178191489361702,0.2546542553191489,1504,12,assessable,True,False,att_type1
m1_lightgbm_v3,2022,2,0.8171978352375225,0.2826217678893566,1663,12,assessable,True,False,adm_via_ae
m1_lightgbm_v3,2022,2,0.8813993174061433,0.5132252559726962,2344,12,assessable,True,True,att_all
m1_lightgbm_v3,2022,2,0.7884231536926147,0.17897538256819695,1503,12,assessable,True,False,att_type1
m1_lightgbm_v3,2022,3,0.8163756773028297,0.26128838049367853,1661,12,assessable,True,False,adm_via_ae
m1_lightgbm_v3,2022,3,0.8630723149336756,0.46084724005134786,2337,12,assessable,True,False,att_all
m1_lightgbm_v3,2022,3,0.7776298268974701,0.19374167776298268,1502,12,assessable,True,False,att_type1
m1_lightgbm_v3,2022,4,0.7974683544303798,0.25316455696202533,1659,12,assessable,True,False,adm_via_ae
m1_lightgbm_v3,2022,4,0.8600858369098713,0.503862660944206,2330,12,assessable,True,False,att_all
m1_lightgbm_v3,2022,4,0.8301132578281146,0.14457028647568287,1501,12,assessable,True,False,att_type1
m1_lightgbm_v3,2022,5,0.7901085645355851,0.24969843184559712,1658,12,assessable,True,False,adm_via_ae
m1_lightgbm_v3,2022,5,0.8618760757314974,0.4926850258175559,2324,12,assessable,True,False,att_all
m1_lightgbm_v3,2022,5,0.824,0.17,1500,12,assessable,True,False,att_type1
m1_lightgbm_v3,2022,6,0.75980687990344,0.23355461677730838,1657,12,assessable,True,False,adm_via_ae
m1_lightgbm_v3,2022,6,0.8370689655172414,0.4668103448275862,2320,12,assessable,True,False,att_all
m1_lightgbm_v3,2022,6,0.8198799199466311,0.2201467645096731,1499,12,assessable,True,False,att_type1
m1_lightgbm_v3,2023,1,0.8084084084084084,0.3195195195195195,1665,12,assessable,True,False,adm_via_ae
m1_lightgbm_v3,2023,1,0.905862216516902,0.4985023534445871,2337,12,assessable,True,True,att_all
m1_lightgbm_v3,2023,1,0.8404539385847797,0.29906542056074764,1498,12,assessable,True,False,att_type1
m1_lightgbm_v3,2023,2,0.7752293577981652,0.290956749672346,1526,11,assessable,True,False,adm_via_ae
m1_lightgbm_v3,2023,2,0.9196261682242991,0.5481308411214953,2140,11,assessable,True,True,att_all
m1_lightgbm_v3,2023,2,0.839155749636099,0.3165938864628821,1374,11,assessable,True,False,att_type1
m1_lightgbm_v3,2023,3,0.7564841498559077,0.2780979827089337,1388,10,assessable,True,False,adm_via_ae
m1_lightgbm_v3,2023,3,0.9104477611940298,0.5419454451878538,1943,10,assessable,True,True,att_all
m1_lightgbm_v3,2023,3,0.8328,0.292,1250,10,assessable,True,False,att_type1
m1_lightgbm_v3,2023,4,0.74,0.2496,1250,9,assessable,True,False,adm_via_ae
m1_lightgbm_v3,2023,4,0.8888888888888888,0.497709049255441,1746,9,assessable,True,True,att_all
m1_lightgbm_v3,2023,4,0.8161634103019538,0.2344582593250444,1126,9,assessable,True,False,att_type1
m1_lightgbm_v3,2023,5,0.688230008984726,0.24618149146451032,1113,8,assessable,True,False,adm_via_ae
m1_lightgbm_v3,2023,5,0.877498388136686,0.4835589941972921,1551,8,assessable,True,True,att_all
m1_lightgbm_v3,2023,5,0.8005982053838484,0.24925224327018944,1003,8,assessable,True,False,att_type1
m1_lightgbm_v3,2023,6,0.6639344262295082,0.24487704918032788,976,7,assessable,True,False,adm_via_ae
m1_lightgbm_v3,2023,6,0.8731563421828908,0.4778761061946903,1356,7,assessable,True,True,att_all
m1_lightgbm_v3,2023,6,0.7659090909090909,0.2681818181818182,880,7,assessable,True,False,att_type1
m1_lightgbm_v3_raw,2018,1,0.7406896551724138,0.38551724137931037,1450,9,assessable,True,False,adm_via_ae
m1_lightgbm_v3_raw,2018,1,0.7302823758519961,0.3339824732229795,2054,9,assessable,True,False,att_all
m1_lightgbm_v3_raw,2018,1,0.7406296851574213,0.37631184407796103,1334,9,assessable,True,False,att_type1
m1_lightgbm_v3_raw,2018,2,0.673356401384083,0.314878892733564,1445,9,assessable,True,False,adm_via_ae
m1_lightgbm_v3_raw,2018,2,0.6603128054740958,0.25562072336265884,2046,9,assessable,True,False,att_all
m1_lightgbm_v3_raw,2018,2,0.6433408577878104,0.3077501881113619,1329,9,assessable,True,False,att_type1
m1_lightgbm_v3_raw,2018,3,0.6784722222222223,0.31805555555555554,1440,9,assessable,True,False,adm_via_ae
m1_lightgbm_v3_raw,2018,3,0.6983267716535433,0.2770669291338583,2032,9,assessable,True,False,att_all
m1_lightgbm_v3_raw,2018,3,0.7114803625377644,0.3157099697885196,1324,9,assessable,True,False,att_type1
m1_lightgbm_v3_raw,2018,4,0.6026536312849162,0.2995810055865922,1432,9,assessable,True,False,adm_via_ae
m1_lightgbm_v3_raw,2018,4,0.5985148514851485,0.23316831683168318,2020,9,assessable,True,False,att_all
m1_lightgbm_v3_raw,2018,4,0.5820668693009119,0.26367781155015196,1316,9,assessable,True,False,att_type1
m1_lightgbm_v3_raw,2018,5,0.6192145862552595,0.29102384291725103,1426,9,assessable,True,False,adm_via_ae
m1_lightgbm_v3_raw,2018,5,0.651394422310757,0.23954183266932272,2008,9,assessable,True,False,att_all
m1_lightgbm_v3_raw,2018,5,0.601067887109077,0.2723112128146453,1311,9,assessable,True,False,att_type1
m1_lightgbm_v3_raw,2018,6,0.5698245614035088,0.2828070175438597,1425,9,assessable,True,False,adm_via_ae
m1_lightgbm_v3_raw,2018,6,0.5895895895895896,0.2047047047047047,1998,9,assessable,True,False,att_all
m1_lightgbm_v3_raw,2018,6,0.5526717557251909,0.23129770992366414,1310,9,assessable,True,False,att_type1
m1_lightgbm_v3_raw,2019,1,0.7268156424581006,0.3424581005586592,1790,12,assessable,True,False,adm_via_ae
m1_lightgbm_v3_raw,2019,1,0.7199849454271735,0.32216785848701546,2657,12,assessable,True,False,att_all
m1_lightgbm_v3_raw,2019,1,0.6883037354562156,0.3165952235150031,1633,12,assessable,True,False,att_type1
m1_lightgbm_v3_raw,2019,2,0.6977005047672462,0.31688166012338753,1783,12,assessable,True,False,adm_via_ae
m1_lightgbm_v3_raw,2019,2,0.6876183263915183,0.29117758424839074,2641,12,assessable,True,False,att_all
m1_lightgbm_v3_raw,2019,2,0.6992019643953346,0.2750153468385513,1629,12,assessable,True,False,att_type1
m1_lightgbm_v3_raw,2019,3,0.6773648648648649,0.32376126126126126,1776,12,assessable,True,False,adm_via_ae
m1_lightgbm_v3_raw,2019,3,0.6420129622569577,0.2722073961113229,2623,12,assessable,True,False,att_all
m1_lightgbm_v3_raw,2019,3,0.6430769230769231,0.2516923076923077,1625,12,assessable,True,False,att_type1
m1_lightgbm_v3_raw,2019,4,0.645679012345679,0.29012345679012347,1620,11,assessable,True,False,adm_via_ae
m1_lightgbm_v3_raw,2019,4,0.6228547509418166,0.26287149434910007,2389,11,assessable,True,False,att_all
m1_lightgbm_v3_raw,2019,4,0.6401617250673854,0.24393530997304583,1484,11,assessable,True,False,att_type1
m1_lightgbm_v3_raw,2019,5,0.5881552076242341,0.2627637848876787,1469,10,assessable,True,False,adm_via_ae
m1_lightgbm_v3_raw,2019,5,0.6088971269694161,0.2469879518072289,2158,10,assessable,True,False,att_all
m1_lightgbm_v3_raw,2019,5,0.62555720653789,0.23551263001485884,1346,10,assessable,True,False,att_type1
m1_lightgbm_v3_raw,2019,6,0.5744520030234316,0.25018896447467875,1323,9,assessable,True,False,adm_via_ae
m1_lightgbm_v3_raw,2019,6,0.5830753353973168,0.24406604747162022,1938,9,assessable,True,False,att_all
m1_lightgbm_v3_raw,2019,6,0.5902720527617478,0.23248145094806266,1213,9,assessable,True,False,att_type1
m1_lightgbm_v3_raw,2020,1,0.7070707070707071,0.3468013468013468,297,2,assessable,False,False,adm_via_ae
m1_lightgbm_v3_raw,2020,1,0.6605504587155964,0.22706422018348624,436,2,assessable,False,False,att_all
m1_lightgbm_v3_raw,2020,1,0.5531135531135531,0.20512820512820512,273,2,assessable,False,False,att_type1
m1_lightgbm_v3_raw,2020,2,0.7027027027027027,0.33783783783783783,148,1,assessable,False,False,adm_via_ae
m1_lightgbm_v3_raw,2020,2,0.5416666666666666,0.19444444444444445,216,1,assessable,False,False,att_all
m1_lightgbm_v3_raw,2020,2,0.3161764705882353,0.13970588235294118,136,1,assessable,False,False,att_type1
m1_lightgbm_v3_raw,2021,1,0.7697841726618705,0.33573141486810554,834,6,assessable,True,False,adm_via_ae
m1_lightgbm_v3_raw,2021,1,0.5594347464671654,0.23773898586866168,1203,6,assessable,True,False,att_all
m1_lightgbm_v3_raw,2021,1,0.5502645502645502,0.21164021164021163,756,6,assessable,True,False,att_type1
m1_lightgbm_v3_raw,2021,2,0.6875,0.2704326923076923,832,6,assessable,True,False,adm_via_ae
m1_lightgbm_v3_raw,2021,2,0.4645537948290242,0.195162635529608,1199,6,assessable,True,False,att_all
m1_lightgbm_v3_raw,2021,2,0.5782493368700266,0.21618037135278514,754,6,assessable,True,False,att_type1
m1_lightgbm_v3_raw,2021,3,0.6594464500601684,0.27075812274368233,831,6,assessable,True,False,adm_via_ae
m1_lightgbm_v3_raw,2021,3,0.4974916387959866,0.23494983277591974,1196,6,assessable,True,False,att_all
m1_lightgbm_v3_raw,2021,3,0.6427622841965471,0.2788844621513944,753,6,assessable,True,False,att_type1
m1_lightgbm_v3_raw,2021,4,0.6144578313253012,0.18795180722891566,830,6,assessable,True,False,adm_via_ae
m1_lightgbm_v3_raw,2021,4,0.5167224080267558,0.1939799331103679,1196,6,assessable,True,False,att_all
m1_lightgbm_v3_raw,2021,4,0.5545212765957447,0.17154255319148937,752,6,assessable,True,False,att_type1
m1_lightgbm_v3_raw,2021,5,0.6248492159227985,0.17249698431845598,829,6,assessable,True,False,adm_via_ae
m1_lightgbm_v3_raw,2021,5,0.5196982397317687,0.1777032690695725,1193,6,assessable,True,False,att_all
m1_lightgbm_v3_raw,2021,5,0.6138482023968043,0.20239680426098536,751,6,assessable,True,False,att_type1
m1_lightgbm_v3_raw,2021,6,0.5821256038647343,0.17995169082125603,828,6,assessable,True,False,adm_via_ae
m1_lightgbm_v3_raw,2021,6,0.569023569023569,0.16835016835016836,1188,6,assessable,True,False,att_all
m1_lightgbm_v3_raw,2021,6,0.6373333333333333,0.30266666666666664,750,6,assessable,True,False,att_type1
m1_lightgbm_v3_raw,2022,1,0.7303303303303303,0.3057057057057057,1665,12,assessable,True,False,adm_via_ae
m1_lightgbm_v3_raw,2022,1,0.6716290940025521,0.2794555508294343,2351,12,assessable,True,False,att_all
m1_lightgbm_v3_raw,2022,1,0.6356382978723404,0.26396276595744683,1504,12,assessable,True,False,att_type1
m1_lightgbm_v3_raw,2022,2,0.7029464822609741,0.3217077570655442,1663,12,assessable,True,False,adm_via_ae
m1_lightgbm_v3_raw,2022,2,0.5844709897610921,0.24744027303754265,2344,12,assessable,True,False,att_all
m1_lightgbm_v3_raw,2022,2,0.5562208915502329,0.2155688622754491,1503,12,assessable,True,False,att_type1
m1_lightgbm_v3_raw,2022,3,0.6947621914509332,0.27393136664659845,1661,12,assessable,True,False,adm_via_ae
m1_lightgbm_v3_raw,2022,3,0.5314505776636713,0.18870346598202825,2337,12,assessable,True,False,att_all
m1_lightgbm_v3_raw,2022,3,0.5652463382157124,0.18641810918774968,1502,12,assessable,True,False,att_type1
m1_lightgbm_v3_raw,2022,4,0.6654611211573237,0.244122965641953,1659,12,assessable,True,False,adm_via_ae
m1_lightgbm_v3_raw,2022,4,0.5570815450643777,0.19313304721030042,2330,12,assessable,True,False,att_all
m1_lightgbm_v3_raw,2022,4,0.6155896069287142,0.19986675549633579,1501,12,assessable,True,False,att_type1
m1_lightgbm_v3_raw,2022,5,0.6737032569360676,0.24909529553679133,1658,12,assessable,True,False,adm_via_ae
m1_lightgbm_v3_raw,2022,5,0.5116179001721171,0.18029259896729777,2324,12,assessable,True,False,att_all
m1_lightgbm_v3_raw,2022,5,0.6113333333333333,0.19133333333333333,1500,12,assessable,True,False,att_type1
m1_lightgbm_v3_raw,2022,6,0.6095353047676524,0.24743512371756185,1657,12,assessable,True,False,adm_via_ae
m1_lightgbm_v3_raw,2022,6,0.5357758620689655,0.18189655172413793,2320,12,assessable,True,False,att_all
m1_lightgbm_v3_raw,2022,6,0.6184122748498999,0.20813875917278185,1499,12,assessable,True,False,att_type1
m1_lightgbm_v3_raw,2023,1,0.775975975975976,0.36456456456456454,1665,12,assessable,True,False,adm_via_ae
m1_lightgbm_v3_raw,2023,1,0.7479674796747967,0.3645699614890886,2337,12,assessable,True,False,att_all
m1_lightgbm_v3_raw,2023,1,0.7249666221628839,0.2750333778371162,1498,12,assessable,True,False,att_type1
m1_lightgbm_v3_raw,2023,2,0.7378768020969856,0.37876802096985585,1526,11,assessable,True,False,adm_via_ae
m1_lightgbm_v3_raw,2023,2,0.752803738317757,0.33598130841121493,2140,11,assessable,True,False,att_all
m1_lightgbm_v3_raw,2023,2,0.7248908296943232,0.29912663755458513,1374,11,assessable,True,False,att_type1
m1_lightgbm_v3_raw,2023,3,0.7146974063400576,0.3523054755043228,1388,10,assessable,True,False,adm_via_ae
m1_lightgbm_v3_raw,2023,3,0.7534740092640247,0.3674729799279465,1943,10,assessable,True,False,att_all
m1_lightgbm_v3_raw,2023,3,0.7656,0.3312,1250,10,assessable,True,False,att_type1
m1_lightgbm_v3_raw,2023,4,0.6856,0.296,1250,9,assessable,True,False,adm_via_ae
m1_lightgbm_v3_raw,2023,4,0.7119129438717068,0.2983963344788087,1746,9,assessable,True,False,att_all
m1_lightgbm_v3_raw,2023,4,0.7015985790408525,0.23001776198934282,1126,9,assessable,True,False,att_type1
m1_lightgbm_v3_raw,2023,5,0.6370170709793351,0.27313566936208444,1113,8,assessable,True,False,adm_via_ae
m1_lightgbm_v3_raw,2023,5,0.7027724049000644,0.26499032882011603,1551,8,assessable,True,False,att_all
m1_lightgbm_v3_raw,2023,5,0.7068793619142573,0.2522432701894317,1003,8,assessable,True,False,att_type1
m1_lightgbm_v3_raw,2023,6,0.6188524590163934,0.26434426229508196,976,7,assessable,True,False,adm_via_ae
m1_lightgbm_v3_raw,2023,6,0.6777286135693216,0.26548672566371684,1356,7,assessable,True,False,att_all
m1_lightgbm_v3_raw,2023,6,0.6647727272727273,0.26704545454545453,880,7,assessable,True,False,att_type1
m1_lightgbm_v3_raw+dtaci,2018,1,0.8986206896551724,0.4627586206896552,1450,9,assessable,True,True,adm_via_ae
m1_lightgbm_v3_raw+dtaci,2018,1,0.9152872444011685,0.5447906523855891,2054,9,assessable,True,True,att_all
m1_lightgbm_v3_raw+dtaci,2018,1,0.9062968515742129,0.4527736131934033,1334,9,assessable,True,True,att_type1
m1_lightgbm_v3_raw+dtaci,2018,2,0.8830449826989619,0.3875432525951557,1445,9,assessable,True,True,adm_via_ae
m1_lightgbm_v3_raw+dtaci,2018,2,0.8988269794721407,0.5136852394916911,2046,9,assessable,True,True,att_all
m1_lightgbm_v3_raw+dtaci,2018,2,0.8660647103085026,0.4018058690744921,1329,9,assessable,True,False,att_type1
m1_lightgbm_v3_raw+dtaci,2018,3,0.9020833333333333,0.43125,1440,9,assessable,True,True,adm_via_ae
m1_lightgbm_v3_raw+dtaci,2018,3,0.9207677165354331,0.5393700787401575,2032,9,assessable,True,True,att_all
m1_lightgbm_v3_raw+dtaci,2018,3,0.9086102719033232,0.43051359516616317,1324,9,assessable,True,True,att_type1
m1_lightgbm_v3_raw+dtaci,2018,4,0.8729050279329609,0.35544692737430167,1432,9,assessable,True,True,adm_via_ae
m1_lightgbm_v3_raw+dtaci,2018,4,0.9123762376237624,0.47326732673267324,2020,9,assessable,True,True,att_all
m1_lightgbm_v3_raw+dtaci,2018,4,0.8381458966565349,0.35790273556231,1316,9,assessable,True,False,att_type1
m1_lightgbm_v3_raw+dtaci,2018,5,0.8913043478260869,0.3814866760168303,1426,9,assessable,True,True,adm_via_ae
m1_lightgbm_v3_raw+dtaci,2018,5,0.9322709163346613,0.5079681274900398,2008,9,assessable,True,False,att_all
m1_lightgbm_v3_raw+dtaci,2018,5,0.8810068649885584,0.3150266971777269,1311,9,assessable,True,True,att_type1
m1_lightgbm_v3_raw+dtaci,2018,6,0.9094736842105263,0.34385964912280703,1425,9,assessable,True,True,adm_via_ae
m1_lightgbm_v3_raw+dtaci,2018,6,0.9319319319319319,0.471971971971972,1998,9,assessable,True,False,att_all
m1_lightgbm_v3_raw+dtaci,2018,6,0.8801526717557252,0.2717557251908397,1310,9,assessable,True,True,att_type1
m1_lightgbm_v3_raw+dtaci,2019,1,0.864804469273743,0.4173184357541899,1790,12,assessable,True,False,adm_via_ae
m1_lightgbm_v3_raw+dtaci,2019,1,0.8821979676326684,0.4941663530297328,2657,12,assessable,True,True,att_all
m1_lightgbm_v3_raw+dtaci,2019,1,0.8505817513778322,0.3992651561543172,1633,12,assessable,True,False,att_type1
m1_lightgbm_v3_raw+dtaci,2019,2,0.8693213684800898,0.41839596186203026,1783,12,assessable,True,False,adm_via_ae
m1_lightgbm_v3_raw+dtaci,2019,2,0.8792124195380537,0.48845134418780767,2641,12,assessable,True,True,att_all
m1_lightgbm_v3_raw+dtaci,2019,2,0.8747697974217311,0.40699815837937386,1629,12,assessable,True,True,att_type1
m1_lightgbm_v3_raw+dtaci,2019,3,0.8502252252252253,0.4206081081081081,1776,12,assessable,True,False,adm_via_ae
m1_lightgbm_v3_raw+dtaci,2019,3,0.8802897445672894,0.4902783072817385,2623,12,assessable,True,True,att_all
m1_lightgbm_v3_raw+dtaci,2019,3,0.8467692307692307,0.3944615384615385,1625,12,assessable,True,False,att_type1
m1_lightgbm_v3_raw+dtaci,2019,4,0.8555555555555555,0.4364197530864197,1620,11,assessable,True,False,adm_via_ae
m1_lightgbm_v3_raw+dtaci,2019,4,0.895772289660946,0.5190456257848473,2389,11,assessable,True,True,att_all
m1_lightgbm_v3_raw+dtaci,2019,4,0.8820754716981132,0.46226415094339623,1484,11,assessable,True,True,att_type1
m1_lightgbm_v3_raw+dtaci,2019,5,0.8413886997957795,0.4247787610619469,1469,10,assessable,True,False,adm_via_ae
m1_lightgbm_v3_raw+dtaci,2019,5,0.8776645041705282,0.5278035217794254,2158,10,assessable,True,True,att_all
m1_lightgbm_v3_raw+dtaci,2019,5,0.8781575037147102,0.45839524517087665,1346,10,assessable,True,True,att_type1
m1_lightgbm_v3_raw+dtaci,2019,6,0.8556311413454271,0.4376417233560091,1323,9,assessable,True,False,adm_via_ae
m1_lightgbm_v3_raw+dtaci,2019,6,0.8849329205366357,0.5608875128998968,1938,9,assessable,True,True,att_all
m1_lightgbm_v3_raw+dtaci,2019,6,0.8821104699093157,0.5020610057708161,1213,9,assessable,True,True,att_type1
m1_lightgbm_v3_raw+dtaci,2020,1,0.8619528619528619,0.43097643097643096,297,2,assessable,False,False,adm_via_ae
m1_lightgbm_v3_raw+dtaci,2020,1,0.8876146788990825,0.36926605504587157,436,2,assessable,False,True,att_all
m1_lightgbm_v3_raw+dtaci,2020,1,0.7875457875457875,0.30036630036630035,273,2,assessable,False,False,att_type1
m1_lightgbm_v3_raw+dtaci,2020,2,0.831081081081081,0.4189189189189189,148,1,assessable,False,False,adm_via_ae
m1_lightgbm_v3_raw+dtaci,2020,2,0.7916666666666666,0.3055555555555556,216,1,assessable,False,False,att_all
m1_lightgbm_v3_raw+dtaci,2020,2,0.5367647058823529,0.21323529411764705,136,1,assessable,False,False,att_type1
m1_lightgbm_v3_raw+dtaci,2021,1,0.9412470023980816,0.4724220623501199,834,6,assessable,True,False,adm_via_ae
m1_lightgbm_v3_raw+dtaci,2021,1,0.9492934330839568,0.5361596009975063,1203,6,assessable,True,False,att_all
m1_lightgbm_v3_raw+dtaci,2021,1,0.9021164021164021,0.421957671957672,756,6,assessable,True,True,att_type1
m1_lightgbm_v3_raw+dtaci,2021,2,0.9314903846153846,0.5384615384615384,832,6,assessable,True,False,adm_via_ae
m1_lightgbm_v3_raw+dtaci,2021,2,0.9649708090075062,0.6071726438698916,1199,6,assessable,True,False,att_all
m1_lightgbm_v3_raw+dtaci,2021,2,0.9734748010610079,0.5610079575596817,754,6,assessable,True,False,att_type1
m1_lightgbm_v3_raw+dtaci,2021,3,0.9229843561973526,0.6040914560770156,831,6,assessable,True,True,adm_via_ae
m1_lightgbm_v3_raw+dtaci,2021,3,0.967391304347826,0.7968227424749164,1196,6,assessable,True,False,att_all
m1_lightgbm_v3_raw+dtaci,2021,3,0.9867197875166003,0.8711819389110226,753,6,assessable,True,False,att_type1
m1_lightgbm_v3_raw+dtaci,2021,4,0.9132530120481928,0.6240963855421687,830,6,assessable,True,True,adm_via_ae
m1_lightgbm_v3_raw+dtaci,2021,4,0.9632107023411371,0.8486622073578596,1196,6,assessable,True,False,att_all
m1_lightgbm_v3_raw+dtaci,2021,4,0.9867021276595744,0.9055851063829787,752,6,assessable,True,False,att_type1
m1_lightgbm_v3_raw+dtaci,2021,5,0.9276236429433052,0.6284680337756333,829,6,assessable,True,True,adm_via_ae
m1_lightgbm_v3_raw+dtaci,2021,5,0.9606035205364627,0.8306789606035205,1193,6,assessable,True,False,att_all
m1_lightgbm_v3_raw+dtaci,2021,5,0.9840213049267643,0.9374167776298269,751,6,assessable,True,False,att_type1
m1_lightgbm_v3_raw+dtaci,2021,6,0.9033816425120773,0.5990338164251208,828,6,assessable,True,True,adm_via_ae
m1_lightgbm_v3_raw+dtaci,2021,6,0.9570707070707071,0.8131313131313131,1188,6,assessable,True,False,att_all
m1_lightgbm_v3_raw+dtaci,2021,6,0.9813333333333333,0.952,750,6,assessable,True,False,att_type1
m1_lightgbm_v3_raw+dtaci,2022,1,0.8750750750750751,0.4498498498498498,1665,12,assessable,True,True,adm_via_ae
m1_lightgbm_v3_raw+dtaci,2022,1,0.9217354317311782,0.5457252233092301,2351,12,assessable,True,True,att_all
m1_lightgbm_v3_raw+dtaci,2022,1,0.9069148936170213,0.4800531914893617,1504,12,assessable,True,True,att_type1
m1_lightgbm_v3_raw+dtaci,2022,2,0.8827420324714371,0.4726398075766687,1663,12,assessable,True,True,adm_via_ae
m1_lightgbm_v3_raw+dtaci,2022,2,0.9343003412969283,0.5840443686006825,2344,12,assessable,True,False,att_all
m1_lightgbm_v3_raw+dtaci,2022,2,0.8995342648037259,0.469061876247505,1503,12,assessable,True,True,att_type1
m1_lightgbm_v3_raw+dtaci,2022,3,0.9006622516556292,0.47140276941601444,1661,12,assessable,True,True,adm_via_ae
m1_lightgbm_v3_raw+dtaci,2022,3,0.9495079161317929,0.5857937526743688,2337,12,assessable,True,False,att_all
m1_lightgbm_v3_raw+dtaci,2022,3,0.9107856191744341,0.37616511318242346,1502,12,assessable,True,True,att_type1
m1_lightgbm_v3_raw+dtaci,2022,4,0.9095840867992767,0.48342374924653403,1659,12,assessable,True,True,adm_via_ae
m1_lightgbm_v3_raw+dtaci,2022,4,0.9605150214592275,0.6128755364806867,2330,12,assessable,True,False,att_all
m1_lightgbm_v3_raw+dtaci,2022,4,0.9353764157228515,0.4603597601598934,1501,12,assessable,True,False,att_type1
m1_lightgbm_v3_raw+dtaci,2022,5,0.8962605548854041,0.49819059107358266,1658,12,assessable,True,True,adm_via_ae
m1_lightgbm_v3_raw+dtaci,2022,5,0.9750430292598967,0.6712564543889845,2324,12,assessable,True,False,att_all
m1_lightgbm_v3_raw+dtaci,2022,5,0.9433333333333334,0.47,1500,12,assessable,True,False,att_type1
m1_lightgbm_v3_raw+dtaci,2022,6,0.9088714544357273,0.5057332528666264,1657,12,assessable,True,True,adm_via_ae
m1_lightgbm_v3_raw+dtaci,2022,6,0.9655172413793104,0.6715517241379311,2320,12,assessable,True,False,att_all
m1_lightgbm_v3_raw+dtaci,2022,6,0.9466310873915944,0.45163442294863243,1499,12,assessable,True,False,att_type1
m1_lightgbm_v3_raw+dtaci,2023,1,0.8942942942942943,0.4942942942942943,1665,12,assessable,True,True,adm_via_ae
m1_lightgbm_v3_raw+dtaci,2023,1,0.9246897732135216,0.5806589644843817,2337,12,assessable,True,True,att_all
m1_lightgbm_v3_raw+dtaci,2023,1,0.9072096128170895,0.5253671562082777,1498,12,assessable,True,True,att_type1
m1_lightgbm_v3_raw+dtaci,2023,2,0.8990825688073395,0.509829619921363,1526,11,assessable,True,True,adm_via_ae
m1_lightgbm_v3_raw+dtaci,2023,2,0.9341121495327103,0.561214953271028,2140,11,assessable,True,False,att_all
m1_lightgbm_v3_raw+dtaci,2023,2,0.9344978165938864,0.5844250363901019,1374,11,assessable,True,False,att_type1
m1_lightgbm_v3_raw+dtaci,2023,3,0.8753602305475504,0.48631123919308356,1388,10,assessable,True,True,adm_via_ae
m1_lightgbm_v3_raw+dtaci,2023,3,0.9351518270715389,0.5831188883170355,1943,10,assessable,True,False,att_all
m1_lightgbm_v3_raw+dtaci,2023,3,0.9352,0.5984,1250,10,assessable,True,False,att_type1
m1_lightgbm_v3_raw+dtaci,2023,4,0.8712,0.4904,1250,9,assessable,True,True,adm_via_ae
m1_lightgbm_v3_raw+dtaci,2023,4,0.915807560137457,0.5131729667812142,1746,9,assessable,True,True,att_all
m1_lightgbm_v3_raw+dtaci,2023,4,0.8836589698046181,0.4822380106571936,1126,9,assessable,True,True,att_type1
m1_lightgbm_v3_raw+dtaci,2023,5,0.8292902066486972,0.4546271338724169,1113,8,assessable,True,False,adm_via_ae
m1_lightgbm_v3_raw+dtaci,2023,5,0.9078014184397163,0.49258542875564154,1551,8,assessable,True,True,att_all
m1_lightgbm_v3_raw+dtaci,2023,5,0.86839481555334,0.4646061814556331,1003,8,assessable,True,False,att_type1
m1_lightgbm_v3_raw+dtaci,2023,6,0.8340163934426229,0.42827868852459017,976,7,assessable,True,False,adm_via_ae
m1_lightgbm_v3_raw+dtaci,2023,6,0.9026548672566371,0.5095870206489675,1356,7,assessable,True,True,att_all
m1_lightgbm_v3_raw+dtaci,2023,6,0.8204545454545454,0.44545454545454544,880,7,assessable,True,False,att_type1
m1_lightgbm_v3_raw+pooled,2018,1,0.8917241379310344,0.38551724137931037,1450,9,assessable,True,True,adm_via_ae
m1_lightgbm_v3_raw+pooled,2018,1,0.9152872444011685,0.5413826679649465,2054,9,assessable,True,True,att_all
m1_lightgbm_v3_raw+pooled,2018,1,0.8883058470764618,0.37631184407796103,1334,9,assessable,True,True,att_type1
m1_lightgbm_v3_raw+pooled,2018,2,0.8678200692041522,0.314878892733564,1445,9,assessable,True,False,adm_via_ae
m1_lightgbm_v3_raw+pooled,2018,2,0.9110459433040078,0.5288367546432062,2046,9,assessable,True,True,att_all
m1_lightgbm_v3_raw+pooled,2018,2,0.8502633559066968,0.3077501881113619,1329,9,assessable,True,False,att_type1
m1_lightgbm_v3_raw+pooled,2018,3,0.8909722222222223,0.32916666666666666,1440,9,assessable,True,True,adm_via_ae
m1_lightgbm_v3_raw+pooled,2018,3,0.921751968503937,0.5418307086614174,2032,9,assessable,True,True,att_all
m1_lightgbm_v3_raw+pooled,2018,3,0.8768882175226587,0.3157099697885196,1324,9,assessable,True,True,att_type1
m1_lightgbm_v3_raw+pooled,2018,4,0.8777932960893855,0.2995810055865922,1432,9,assessable,True,True,adm_via_ae
m1_lightgbm_v3_raw+pooled,2018,4,0.9242574257425743,0.4881188118811881,2020,9,assessable,True,True,att_all
m1_lightgbm_v3_raw+pooled,2018,4,0.8115501519756839,0.26367781155015196,1316,9,assessable,True,False,att_type1
m1_lightgbm_v3_raw+pooled,2018,5,0.8934081346423562,0.3225806451612903,1426,9,assessable,True,True,adm_via_ae
m1_lightgbm_v3_raw+pooled,2018,5,0.9327689243027888,0.5144422310756972,2008,9,assessable,True,False,att_all
m1_lightgbm_v3_raw+pooled,2018,5,0.8634630053394355,0.2723112128146453,1311,9,assessable,True,False,att_type1
m1_lightgbm_v3_raw+pooled,2018,6,0.8940350877192983,0.30666666666666664,1425,9,assessable,True,True,adm_via_ae
m1_lightgbm_v3_raw+pooled,2018,6,0.92992992992993,0.46996996996997,1998,9,assessable,True,True,att_all
m1_lightgbm_v3_raw+pooled,2018,6,0.8641221374045801,0.2511450381679389,1310,9,assessable,True,False,att_type1
m1_lightgbm_v3_raw+pooled,2019,1,0.8424581005586592,0.3424581005586592,1790,12,assessable,True,False,adm_via_ae
m1_lightgbm_v3_raw+pooled,2019,1,0.8916070756492285,0.4994354535190064,2657,12,assessable,True,True,att_all
m1_lightgbm_v3_raw+pooled,2019,1,0.8218003674219229,0.3165952235150031,1633,12,assessable,True,False,att_type1
m1_lightgbm_v3_raw+pooled,2019,2,0.8597868760515984,0.31688166012338753,1783,12,assessable,True,False,adm_via_ae
m1_lightgbm_v3_raw+pooled,2019,2,0.9007951533510034,0.5085195001893222,2641,12,assessable,True,True,att_all
m1_lightgbm_v3_raw+pooled,2019,2,0.8649478207489257,0.2750153468385513,1629,12,assessable,True,False,att_type1
m1_lightgbm_v3_raw+pooled,2019,3,0.8429054054054054,0.32376126126126126,1776,12,assessable,True,False,adm_via_ae
m1_lightgbm_v3_raw+pooled,2019,3,0.8932520015249714,0.5032405642394205,2623,12,assessable,True,True,att_all
m1_lightgbm_v3_raw+pooled,2019,3,0.8215384615384616,0.2516923076923077,1625,12,assessable,True,False,att_type1
m1_lightgbm_v3_raw+pooled,2019,4,0.8592592592592593,0.29012345679012347,1620,11,assessable,True,False,adm_via_ae
m1_lightgbm_v3_raw+pooled,2019,4,0.9053997488488907,0.5278359146086229,2389,11,assessable,True,True,att_all
m1_lightgbm_v3_raw+pooled,2019,4,0.8638814016172507,0.24393530997304583,1484,11,assessable,True,False,att_type1
m1_lightgbm_v3_raw+pooled,2019,5,0.8502382573179034,0.2627637848876787,1469,10,assessable,True,False,adm_via_ae
m1_lightgbm_v3_raw+pooled,2019,5,0.8957367933271547,0.5352177942539388,2158,10,assessable,True,True,att_all
m1_lightgbm_v3_raw+pooled,2019,5,0.8588410104011887,0.23551263001485884,1346,10,assessable,True,False,att_type1
m1_lightgbm_v3_raw+pooled,2019,6,0.8631897203325775,0.2668178382464097,1323,9,assessable,True,False,adm_via_ae
m1_lightgbm_v3_raw+pooled,2019,6,0.8947368421052632,0.542827657378741,1938,9,assessable,True,True,att_all
m1_lightgbm_v3_raw+pooled,2019,6,0.8573784006595219,0.23248145094806266,1213,9,assessable,True,False,att_type1
m1_lightgbm_v3_raw+pooled,2020,1,0.8181818181818182,0.3468013468013468,297,2,assessable,False,False,adm_via_ae
m1_lightgbm_v3_raw+pooled,2020,1,0.9105504587155964,0.3669724770642202,436,2,assessable,False,True,att_all
m1_lightgbm_v3_raw+pooled,2020,1,0.7435897435897436,0.20512820512820512,273,2,assessable,False,False,att_type1
m1_lightgbm_v3_raw+pooled,2020,2,0.831081081081081,0.33783783783783783,148,1,assessable,False,False,adm_via_ae
m1_lightgbm_v3_raw+pooled,2020,2,0.8472222222222222,0.3194444444444444,216,1,assessable,False,False,att_all
m1_lightgbm_v3_raw+pooled,2020,2,0.4632352941176471,0.13970588235294118,136,1,assessable,False,False,att_type1
m1_lightgbm_v3_raw+pooled,2021,1,0.9220623501199041,0.33573141486810554,834,6,assessable,True,True,adm_via_ae
m1_lightgbm_v3_raw+pooled,2021,1,0.9368246051537822,0.5120532003325021,1203,6,assessable,True,False,att_all
m1_lightgbm_v3_raw+pooled,2021,1,0.8518518518518519,0.21164021164021163,756,6,assessable,True,False,att_type1
m1_lightgbm_v3_raw+pooled,2021,2,0.9086538461538461,0.2860576923076923,832,6,assessable,True,True,adm_via_ae
m1_lightgbm_v3_raw+pooled,2021,2,0.9432860717264387,0.5621351125938282,1199,6,assessable,True,False,att_all
m1_lightgbm_v3_raw+pooled,2021,2,0.9575596816976127,0.21618037135278514,754,6,assessable,True,False,att_type1
m1_lightgbm_v3_raw+pooled,2021,3,0.910950661853189,0.2924187725631769,831,6,assessable,True,True,adm_via_ae
m1_lightgbm_v3_raw+pooled,2021,3,0.9506688963210702,0.7349498327759197,1196,6,assessable,True,False,att_all
m1_lightgbm_v3_raw+pooled,2021,3,0.9827357237715804,0.34794156706507307,753,6,assessable,True,False,att_type1
m1_lightgbm_v3_raw+pooled,2021,4,0.8927710843373494,0.2746987951807229,830,6,assessable,True,True,adm_via_ae
m1_lightgbm_v3_raw+pooled,2021,4,0.9431438127090301,0.7951505016722408,1196,6,assessable,True,False,att_all
m1_lightgbm_v3_raw+pooled,2021,4,0.9720744680851063,0.34308510638297873,752,6,assessable,True,False,att_type1
m1_lightgbm_v3_raw+pooled,2021,5,0.9059107358262968,0.27261761158021713,829,6,assessable,True,True,adm_via_ae
m1_lightgbm_v3_raw+pooled,2021,5,0.9287510477787091,0.7996647108130763,1193,6,assessable,True,True,att_all
m1_lightgbm_v3_raw+pooled,2021,5,0.966711051930759,0.3808255659121172,751,6,assessable,True,False,att_type1
m1_lightgbm_v3_raw+pooled,2021,6,0.8792270531400966,0.29347826086956524,828,6,assessable,True,True,adm_via_ae
m1_lightgbm_v3_raw+pooled,2021,6,0.914983164983165,0.7946127946127947,1188,6,assessable,True,True,att_all
m1_lightgbm_v3_raw+pooled,2021,6,0.9786666666666667,0.5253333333333333,750,6,assessable,True,False,att_type1
m1_lightgbm_v3_raw+pooled,2022,1,0.857057057057057,0.3057057057057057,1665,12,assessable,True,False,adm_via_ae
m1_lightgbm_v3_raw+pooled,2022,1,0.9302424500212676,0.5470012760527435,2351,12,assessable,True,False,att_all
m1_lightgbm_v3_raw+pooled,2022,1,0.8836436170212766,0.26396276595744683,1504,12,assessable,True,True,att_type1
m1_lightgbm_v3_raw+pooled,2022,2,0.8665063138905592,0.3295249549007817,1663,12,assessable,True,False,adm_via_ae
m1_lightgbm_v3_raw+pooled,2022,2,0.9445392491467577,0.613481228668942,2344,12,assessable,True,False,att_all
m1_lightgbm_v3_raw+pooled,2022,2,0.9008649367930806,0.2155688622754491,1503,12,assessable,True,True,att_type1
m1_lightgbm_v3_raw+pooled,2022,3,0.8982540638169777,0.2992173389524383,1661,12,assessable,True,True,adm_via_ae
m1_lightgbm_v3_raw+pooled,2022,3,0.9606332905434317,0.6474112109542148,2337,12,assessable,True,False,att_all
m1_lightgbm_v3_raw+pooled,2022,3,0.9127829560585885,0.1877496671105193,1502,12,assessable,True,True,att_type1
m1_lightgbm_v3_raw+pooled,2022,4,0.9023508137432188,0.3333333333333333,1659,12,assessable,True,True,adm_via_ae
m1_lightgbm_v3_raw+pooled,2022,4,0.9630901287553648,0.7188841201716738,2330,12,assessable,True,False,att_all
m1_lightgbm_v3_raw+pooled,2022,4,0.9407061958694204,0.2811459027315123,1501,12,assessable,True,False,att_type1
m1_lightgbm_v3_raw+pooled,2022,5,0.9149577804583836,0.3618817852834741,1658,12,assessable,True,True,adm_via_ae
m1_lightgbm_v3_raw+pooled,2022,5,0.9634251290877797,0.7405335628227194,2324,12,assessable,True,False,att_all
m1_lightgbm_v3_raw+pooled,2022,5,0.954,0.30866666666666664,1500,12,assessable,True,False,att_type1
m1_lightgbm_v3_raw+pooled,2022,6,0.9124924562462281,0.35787567893783945,1657,12,assessable,True,True,adm_via_ae
m1_lightgbm_v3_raw+pooled,2022,6,0.9646551724137931,0.7439655172413793,2320,12,assessable,True,False,att_all
m1_lightgbm_v3_raw+pooled,2022,6,0.9546364242828552,0.2768512341561041,1499,12,assessable,True,False,att_type1
m1_lightgbm_v3_raw+pooled,2023,1,0.8744744744744745,0.36456456456456454,1665,12,assessable,True,True,adm_via_ae
m1_lightgbm_v3_raw+pooled,2023,1,0.9315361574668378,0.5832263585793752,2337,12,assessable,True,False,att_all
m1_lightgbm_v3_raw+pooled,2023,1,0.8838451268357811,0.2750333778371162,1498,12,assessable,True,True,att_type1
m1_lightgbm_v3_raw+pooled,2023,2,0.8892529488859764,0.37876802096985585,1526,11,assessable,True,True,adm_via_ae
m1_lightgbm_v3_raw+pooled,2023,2,0.952803738317757,0.5995327102803738,2140,11,assessable,True,False,att_all
m1_lightgbm_v3_raw+pooled,2023,2,0.9119359534206696,0.3158660844250364,1374,11,assessable,True,True,att_type1
m1_lightgbm_v3_raw+pooled,2023,3,0.8688760806916427,0.35662824207492794,1388,10,assessable,True,False,adm_via_ae
m1_lightgbm_v3_raw+pooled,2023,3,0.9547092125579002,0.6541430777148739,1943,10,assessable,True,False,att_all
m1_lightgbm_v3_raw+pooled,2023,3,0.9144,0.3368,1250,10,assessable,True,True,att_type1
m1_lightgbm_v3_raw+pooled,2023,4,0.8704,0.328,1250,9,assessable,True,True,adm_via_ae
m1_lightgbm_v3_raw+pooled,2023,4,0.9627720504009164,0.6254295532646048,1746,9,assessable,True,False,att_all
m1_lightgbm_v3_raw+pooled,2023,4,0.8801065719360568,0.25932504440497334,1126,9,assessable,True,True,att_type1
m1_lightgbm_v3_raw+pooled,2023,5,0.8409703504043127,0.3261455525606469,1113,8,assessable,True,False,adm_via_ae
m1_lightgbm_v3_raw+pooled,2023,5,0.9645390070921985,0.6492585428755642,1551,8,assessable,True,False,att_all
m1_lightgbm_v3_raw+pooled,2023,5,0.8793619142572283,0.2731804586241276,1003,8,assessable,True,True,att_type1
m1_lightgbm_v3_raw+pooled,2023,6,0.867827868852459,0.3155737704918033,976,7,assessable,True,False,adm_via_ae
m1_lightgbm_v3_raw+pooled,2023,6,0.9705014749262537,0.6769911504424779,1356,7,assessable,True,False,att_all
m1_lightgbm_v3_raw+pooled,2023,6,0.8556818181818182,0.26704545454545453,880,7,assessable,True,False,att_type1
m1_lightgbm_v3_raw+series,2018,1,0.9213793103448276,0.5179310344827586,1450,9,assessable,True,True,adm_via_ae
m1_lightgbm_v3_raw+series,2018,1,0.9240506329113924,0.5701071080817917,2054,9,assessable,True,True,att_all
m1_lightgbm_v3_raw+series,2018,1,0.9190404797601199,0.532983508245877,1334,9,assessable,True,True,att_type1
m1_lightgbm_v3_raw+series,2018,2,0.8975778546712803,0.4692041522491349,1445,9,assessable,True,True,adm_via_ae
m1_lightgbm_v3_raw+series,2018,2,0.9149560117302052,0.5630498533724341,2046,9,assessable,True,True,att_all
m1_lightgbm_v3_raw+series,2018,2,0.8871331828442438,0.4672686230248307,1329,9,assessable,True,True,att_type1
m1_lightgbm_v3_raw+series,2018,3,0.9006944444444445,0.49027777777777776,1440,9,assessable,True,True,adm_via_ae
m1_lightgbm_v3_raw+series,2018,3,0.9286417322834646,0.5807086614173228,2032,9,assessable,True,True,att_all
m1_lightgbm_v3_raw+series,2018,3,0.8972809667673716,0.4811178247734139,1324,9,assessable,True,True,att_type1
m1_lightgbm_v3_raw+series,2018,4,0.8854748603351955,0.45879888268156427,1432,9,assessable,True,True,adm_via_ae
m1_lightgbm_v3_raw+series,2018,4,0.9188118811881189,0.5386138613861386,2020,9,assessable,True,True,att_all
m1_lightgbm_v3_raw+series,2018,4,0.8328267477203647,0.4270516717325228,1316,9,assessable,True,False,att_type1
m1_lightgbm_v3_raw+series,2018,5,0.8983169705469846,0.46633941093969145,1426,9,assessable,True,True,adm_via_ae
m1_lightgbm_v3_raw+series,2018,5,0.9352589641434262,0.5567729083665338,2008,9,assessable,True,False,att_all
m1_lightgbm_v3_raw+series,2018,5,0.8703279938977879,0.39435545385202136,1311,9,assessable,True,True,att_type1
m1_lightgbm_v3_raw+series,2018,6,0.9024561403508772,0.4442105263157895,1425,9,assessable,True,True,adm_via_ae
m1_lightgbm_v3_raw+series,2018,6,0.9244244244244244,0.5375375375375375,1998,9,assessable,True,True,att_all
m1_lightgbm_v3_raw+series,2018,6,0.8694656488549618,0.3847328244274809,1310,9,assessable,True,False,att_type1
m1_lightgbm_v3_raw+series,2019,1,0.8916201117318435,0.49441340782122906,1790,12,assessable,True,True,adm_via_ae
m1_lightgbm_v3_raw+series,2019,1,0.9062852841550622,0.5325555137372977,2657,12,assessable,True,True,att_all
m1_lightgbm_v3_raw+series,2019,1,0.8971218616044091,0.4696876913655848,1633,12,assessable,True,True,att_type1
m1_lightgbm_v3_raw+series,2019,2,0.9085810431856421,0.4941110487941671,1783,12,assessable,True,True,adm_via_ae
m1_lightgbm_v3_raw+series,2019,2,0.915940931465354,0.5607724346838319,2641,12,assessable,True,True,att_all
m1_lightgbm_v3_raw+series,2019,2,0.9220380601596071,0.4868017188459177,1629,12,assessable,True,True,att_type1
m1_lightgbm_v3_raw+series,2019,3,0.8913288288288288,0.5016891891891891,1776,12,assessable,True,True,adm_via_ae
m1_lightgbm_v3_raw+series,2019,3,0.9168890583301563,0.5547083492184521,2623,12,assessable,True,True,att_all
m1_lightgbm_v3_raw+series,2019,3,0.8867692307692308,0.47323076923076923,1625,12,assessable,True,True,att_type1
m1_lightgbm_v3_raw+series,2019,4,0.8919753086419753,0.49320987654320986,1620,11,assessable,True,True,adm_via_ae
m1_lightgbm_v3_raw+series,2019,4,0.9233989116785266,0.579321892005023,2389,11,assessable,True,True,att_all
m1_lightgbm_v3_raw+series,2019,4,0.889487870619946,0.5134770889487871,1484,11,assessable,True,True,att_type1
m1_lightgbm_v3_raw+series,2019,5,0.8808713410483322,0.48944860449285227,1469,10,assessable,True,True,adm_via_ae
m1_lightgbm_v3_raw+series,2019,5,0.907321594068582,0.5912882298424467,2158,10,assessable,True,True,att_all
m1_lightgbm_v3_raw+series,2019,5,0.8907875185735513,0.4962852897473997,1346,10,assessable,True,True,att_type1
m1_lightgbm_v3_raw+series,2019,6,0.872260015117158,0.4875283446712018,1323,9,assessable,True,True,adm_via_ae
m1_lightgbm_v3_raw+series,2019,6,0.9066047471620227,0.5815273477812177,1938,9,assessable,True,True,att_all
m1_lightgbm_v3_raw+series,2019,6,0.8845836768342952,0.517724649629019,1213,9,assessable,True,True,att_type1
m1_lightgbm_v3_raw+series,2020,1,0.8720538720538721,0.5016835016835017,297,2,assessable,False,True,adm_via_ae
m1_lightgbm_v3_raw+series,2020,1,0.9105504587155964,0.41743119266055045,436,2,assessable,False,True,att_all
m1_lightgbm_v3_raw+series,2020,1,0.8315018315018315,0.315018315018315,273,2,assessable,False,False,att_type1
m1_lightgbm_v3_raw+series,2020,2,0.8851351351351351,0.4797297297297297,148,1,assessable,False,True,adm_via_ae
m1_lightgbm_v3_raw+series,2020,2,0.8425925925925926,0.35185185185185186,216,1,assessable,False,False,att_all
m1_lightgbm_v3_raw+series,2020,2,0.6985294117647058,0.22794117647058823,136,1,assessable,False,False,att_type1
m1_lightgbm_v3_raw+series,2021,1,0.960431654676259,0.5083932853717026,834,6,assessable,True,False,adm_via_ae
m1_lightgbm_v3_raw+series,2021,1,0.9501246882793017,0.47880299251870323,1203,6,assessable,True,False,att_all
m1_lightgbm_v3_raw+series,2021,1,0.966931216931217,0.3941798941798942,756,6,assessable,True,False,att_type1
m1_lightgbm_v3_raw+series,2021,2,0.9471153846153846,0.5024038461538461,832,6,assessable,True,False,adm_via_ae
m1_lightgbm_v3_raw+series,2021,2,0.9733110925771477,0.4645537948290242,1199,6,assessable,True,False,att_all
m1_lightgbm_v3_raw+series,2021,2,0.9787798408488063,0.4297082228116711,754,6,assessable,True,False,att_type1
m1_lightgbm_v3_raw+series,2021,3,0.9470517448856799,0.5054151624548736,831,6,assessable,True,False,adm_via_ae
m1_lightgbm_v3_raw+series,2021,3,0.9782608695652174,0.5484949832775919,1196,6,assessable,True,False,att_all
m1_lightgbm_v3_raw+series,2021,3,0.9840637450199203,0.602921646746348,753,6,assessable,True,False,att_type1
m1_lightgbm_v3_raw+series,2021,4,0.9373493975903614,0.5,830,6,assessable,True,False,adm_via_ae
m1_lightgbm_v3_raw+series,2021,4,0.9816053511705686,0.6195652173913043,1196,6,assessable,True,False,att_all
m1_lightgbm_v3_raw+series,2021,4,0.9827127659574468,0.5664893617021277,752,6,assessable,True,False,att_type1
m1_lightgbm_v3_raw+series,2021,5,0.9408926417370326,0.4957780458383595,829,6,assessable,True,False,adm_via_ae
m1_lightgbm_v3_raw+series,2021,5,0.9857502095557418,0.6320201173512154,1193,6,assessable,True,False,att_all
m1_lightgbm_v3_raw+series,2021,5,0.9813581890812251,0.625832223701731,751,6,assessable,True,False,att_type1
m1_lightgbm_v3_raw+series,2021,6,0.9227053140096618,0.49033816425120774,828,6,assessable,True,True,adm_via_ae
m1_lightgbm_v3_raw+series,2021,6,0.9831649831649831,0.6801346801346801,1188,6,assessable,True,False,att_all
m1_lightgbm_v3_raw+series,2021,6,0.98,0.72,750,6,assessable,True,False,att_type1
m1_lightgbm_v3_raw+series,2022,1,0.9459459459459459,0.4756756756756757,1665,12,assessable,True,False,adm_via_ae
m1_lightgbm_v3_raw+series,2022,1,0.963419821352616,0.5686941726924712,2351,12,assessable,True,False,att_all
m1_lightgbm_v3_raw+series,2022,1,0.9820478723404256,0.523936170212766,1504,12,assessable,True,False,att_type1
m1_lightgbm_v3_raw+series,2022,2,0.9488875526157546,0.5478051713770294,1663,12,assessable,True,False,adm_via_ae
m1_lightgbm_v3_raw+series,2022,2,0.985494880546075,0.6544368600682594,2344,12,assessable,True,False,att_all
m1_lightgbm_v3_raw+series,2022,2,0.9893546240851631,0.5402528276779773,1503,12,assessable,True,False,att_type1
m1_lightgbm_v3_raw+series,2022,3,0.9674894641782059,0.5623118603251054,1661,12,assessable,True,False,adm_via_ae
m1_lightgbm_v3_raw+series,2022,3,0.9897304236200257,0.6640992725716731,2337,12,assessable,True,False,att_all
m1_lightgbm_v3_raw+series,2022,3,0.9906790945406125,0.5419440745672437,1502,12,assessable,True,False,att_type1
m1_lightgbm_v3_raw+series,2022,4,0.9638336347197106,0.6057866184448463,1659,12,assessable,True,False,adm_via_ae
m1_lightgbm_v3_raw+series,2022,4,0.9896995708154507,0.7390557939914163,2330,12,assessable,True,False,att_all
m1_lightgbm_v3_raw+series,2022,4,0.9913391072618255,0.709526982011992,1501,12,assessable,True,False,att_type1
m1_lightgbm_v3_raw+series,2022,5,0.962605548854041,0.6357056694813028,1658,12,assessable,True,False,adm_via_ae
m1_lightgbm_v3_raw+series,2022,5,0.9926850258175559,0.7439759036144579,2324,12,assessable,True,False,att_all
m1_lightgbm_v3_raw+series,2022,5,0.9906666666666667,0.7006666666666667,1500,12,assessable,True,False,att_type1
m1_lightgbm_v3_raw+series,2022,6,0.9553409776704889,0.6312613156306578,1657,12,assessable,True,False,adm_via_ae
m1_lightgbm_v3_raw+series,2022,6,0.9922413793103448,0.7612068965517241,2320,12,assessable,True,False,att_all
m1_lightgbm_v3_raw+series,2022,6,0.9886591060707138,0.7164776517678453,1499,12,assessable,True,False,att_type1
m1_lightgbm_v3_raw+series,2023,1,0.9387387387387387,0.5513513513513514,1665,12,assessable,True,False,adm_via_ae
m1_lightgbm_v3_raw+series,2023,1,0.9709028669234061,0.6760804450149764,2337,12,assessable,True,False,att_all
m1_lightgbm_v3_raw+series,2023,1,0.9706275033377837,0.5567423230974633,1498,12,assessable,True,False,att_type1
m1_lightgbm_v3_raw+series,2023,2,0.9423328964613368,0.6028833551769331,1526,11,assessable,True,False,adm_via_ae
m1_lightgbm_v3_raw+series,2023,2,0.9817757009345794,0.7663551401869159,2140,11,assessable,True,False,att_all
m1_lightgbm_v3_raw+series,2023,2,0.9832605531295487,0.7037845705967977,1374,11,assessable,True,False,att_type1
m1_lightgbm_v3_raw+series,2023,3,0.9344380403458213,0.5878962536023055,1388,10,assessable,True,False,adm_via_ae
m1_lightgbm_v3_raw+series,2023,3,0.9809572825527535,0.8162635100360268,1943,10,assessable,True,False,att_all
m1_lightgbm_v3_raw+series,2023,3,0.9832,0.74,1250,10,assessable,True,False,att_type1
m1_lightgbm_v3_raw+series,2023,4,0.9352,0.604,1250,9,assessable,True,False,adm_via_ae
m1_lightgbm_v3_raw+series,2023,4,0.9851088201603666,0.7846506300114547,1746,9,assessable,True,False,att_all
m1_lightgbm_v3_raw+series,2023,4,0.9857904085257548,0.7273534635879219,1126,9,assessable,True,False,att_type1
m1_lightgbm_v3_raw+series,2023,5,0.9380053908355795,0.5947888589398024,1113,8,assessable,True,False,adm_via_ae
m1_lightgbm_v3_raw+series,2023,5,0.9825918762088974,0.816247582205029,1551,8,assessable,True,False,att_all
m1_lightgbm_v3_raw+series,2023,5,0.9800598205383848,0.7477567298105683,1003,8,assessable,True,False,att_type1
m1_lightgbm_v3_raw+series,2023,6,0.944672131147541,0.6024590163934426,976,7,assessable,True,False,adm_via_ae
m1_lightgbm_v3_raw+series,2023,6,0.9845132743362832,0.8436578171091446,1356,7,assessable,True,False,att_all
m1_lightgbm_v3_raw+series,2023,6,0.9738636363636364,0.7602272727272728,880,7,assessable,True,False,att_type1
b1_ets,2019,4,0.11428571428571428,0.06428571428571428,140,1,covid_window,False,False,adm_via_ae
b1_ets,2019,4,0.06282722513089005,0.031413612565445025,191,1,covid_window,False,False,att_all
b1_ets,2019,4,0.03875968992248062,0.015503875968992248,129,1,covid_window,False,False,att_type1
b1_ets,2019,5,0.13090909090909092,0.07272727272727272,275,2,covid_window,False,False,adm_via_ae
b1_ets,2019,5,0.05851063829787234,0.02925531914893617,376,2,covid_window,False,False,att_all
b1_ets,2019,5,0.039525691699604744,0.011857707509881422,253,2,covid_window,False,False,att_type1
b1_ets,2019,6,0.15365853658536585,0.08048780487804878,410,3,covid_window,False,False,adm_via_ae
b1_ets,2019,6,0.06797853309481217,0.025044722719141325,559,3,covid_window,False,False,att_all
b1_ets,2019,6,0.03978779840848806,0.010610079575596816,377,3,covid_window,False,False,att_type1
b1_ets,2020,1,0.6011730205278593,0.31451612903225806,1364,10,covid_window,False,False,adm_via_ae
b1_ets,2020,1,0.5631168831168831,0.3080519480519481,1925,10,covid_window,False,False,att_all
b1_ets,2020,1,0.5135135135135135,0.2503974562798092,1258,10,covid_window,False,False,att_type1
b1_ets,2020,2,0.5464261857047428,0.2565130260521042,1497,11,covid_window,False,False,adm_via_ae
b1_ets,2020,2,0.48716730038022815,0.18583650190114068,2104,11,covid_window,False,False,att_all
b1_ets,2020,2,0.44420289855072465,0.14565217391304347,1380,11,covid_window,False,False,att_type1
b1_ets,2020,3,0.5558282208588957,0.2852760736196319,1630,12,covid_window,False,False,adm_via_ae
b1_ets,2020,3,0.48773006134969327,0.2283085013146363,2282,12,covid_window,False,False,att_all
b1_ets,2020,3,0.4800266311584554,0.19973368841544606,1502,12,covid_window,False,False,att_type1
b1_ets,2020,4,0.59211337030191,0.28773875539125077,1623,12,covid_window,False,False,adm_via_ae
b1_ets,2020,4,0.530008826125331,0.2669902912621359,2266,12,covid_window,False,False,att_all
b1_ets,2020,4,0.51438127090301,0.2408026755852843,1495,12,covid_window,False,False,att_type1
b1_ets,2020,5,0.6283950617283951,0.30617283950617286,1620,12,covid_window,False,False,adm_via_ae
b1_ets,2020,5,0.5487588652482269,0.26684397163120566,2256,12,covid_window,False,False,att_all
b1_ets,2020,5,0.5093833780160858,0.2453083109919571,1492,12,covid_window,False,False,att_type1
b1_ets,2020,6,0.699443413729128,0.34075448361162647,1617,12,covid_window,False,False,adm_via_ae
b1_ets,2020,6,0.6211649622054246,0.2965762561138284,2249,12,covid_window,False,False,att_all
b1_ets,2020,6,0.5970449966420417,0.2699798522498321,1489,12,covid_window,False,False,att_type1
b1_ets,2021,1,0.7306273062730627,0.3751537515375154,813,6,covid_window,False,False,adm_via_ae
b1_ets,2021,1,0.6527777777777778,0.3376736111111111,1152,6,covid_window,False,False,att_all
b1_ets,2021,1,0.6291834002677377,0.3279785809906292,747,6,covid_window,False,False,att_type1
b1_ets,2021,2,0.6884236453201971,0.3768472906403941,812,6,covid_window,False,False,adm_via_ae
b1_ets,2021,2,0.6111595466434177,0.3757628596338274,1147,6,covid_window,False,False,att_all
b1_ets,2021,2,0.5777479892761395,0.339142091152815,746,6,covid_window,False,False,att_type1
b1_ets,2021,3,0.6411837237977805,0.2996300863131936,811,6,covid_window,False,False,adm_via_ae
b1_ets,2021,3,0.5686789151356081,0.3429571303587052,1143,6,covid_window,False,False,att_all
b1_ets,2021,3,0.5302013422818792,0.28187919463087246,745,6,covid_window,False,False,att_type1
b1_ets,2021,4,0.6345679012345679,0.337037037037037,810,6,covid_window,False,False,adm_via_ae
b1_ets,2021,4,0.5351493848857645,0.29876977152899825,1138,6,covid_window,False,False,att_all
b1_ets,2021,4,0.47043010752688175,0.271505376344086,744,6,covid_window,False,False,att_type1
b1_ets,2021,5,0.7144622991347342,0.3794808405438813,809,6,covid_window,False,False,adm_via_ae
b1_ets,2021,5,0.5915492957746479,0.31161971830985913,1136,6,covid_window,False,False,att_all
b1_ets,2021,5,0.5531628532974427,0.29071332436069985,743,6,covid_window,False,False,att_type1
b1_ets,2021,6,0.7747524752475248,0.42945544554455445,808,6,covid_window,False,False,adm_via_ae
b1_ets,2021,6,0.587819947043248,0.31685789938217124,1133,6,covid_window,False,False,att_all
b1_ets,2021,6,0.5700808625336927,0.3059299191374663,742,6,covid_window,False,False,att_type1
b1_ets+dtaci,2019,4,0.17857142857142858,0.07142857142857142,140,1,covid_window,False,False,adm_via_ae
b1_ets+dtaci,2019,4,0.07329842931937172,0.031413612565445025,191,1,covid_window,False,False,att_all
b1_ets+dtaci,2019,4,0.03875968992248062,0.015503875968992248,129,1,covid_window,False,False,att_type1
b1_ets+dtaci,2019,5,0.15636363636363637,0.07272727272727272,275,2,covid_window,False,False,adm_via_ae
b1_ets+dtaci,2019,5,0.07712765957446809,0.02925531914893617,376,2,covid_window,False,False,att_all
b1_ets+dtaci,2019,5,0.043478260869565216,0.011857707509881422,253,2,covid_window,False,False,att_type1
b1_ets+dtaci,2019,6,0.2048780487804878,0.07804878048780488,410,3,covid_window,False,False,adm_via_ae
b1_ets+dtaci,2019,6,0.07871198568872988,0.017889087656529516,559,3,covid_window,False,False,att_all
b1_ets+dtaci,2019,6,0.05570291777188329,0.013262599469496022,377,3,covid_window,False,False,att_type1
b1_ets+dtaci,2020,1,0.8328445747800587,0.4633431085043988,1364,10,covid_window,False,False,adm_via_ae
b1_ets+dtaci,2020,1,0.7766233766233767,0.42753246753246754,1925,10,covid_window,False,False,att_all
b1_ets+dtaci,2020,1,0.787758346581876,0.38950715421303655,1258,10,covid_window,False,False,att_type1
b1_ets+dtaci,2020,2,0.8049432197728791,0.4575818303273213,1497,11,covid_window,False,False,adm_via_ae
b1_ets+dtaci,2020,2,0.7438212927756654,0.40399239543726234,2104,11,covid_window,False,False,att_all
b1_ets+dtaci,2020,2,0.7514492753623189,0.3855072463768116,1380,11,covid_window,False,False,att_type1
b1_ets+dtaci,2020,3,0.7662576687116565,0.4582822085889571,1630,12,covid_window,False,False,adm_via_ae
b1_ets+dtaci,2020,3,0.7063978965819456,0.4171779141104294,2282,12,covid_window,False,False,att_all
b1_ets+dtaci,2020,3,0.7197070572569907,0.3854860186418109,1502,12,covid_window,False,False,att_type1
b1_ets+dtaci,2020,4,0.789279112754159,0.48552064078866297,1623,12,covid_window,False,False,adm_via_ae
b1_ets+dtaci,2020,4,0.7122683142100618,0.46293027360988526,2266,12,covid_window,False,False,att_all
b1_ets+dtaci,2020,4,0.7270903010033445,0.4535117056856187,1495,12,covid_window,False,False,att_type1
b1_ets+dtaci,2020,5,0.8234567901234567,0.48271604938271606,1620,12,covid_window,False,False,adm_via_ae
b1_ets+dtaci,2020,5,0.7309397163120568,0.4676418439716312,2256,12,covid_window,False,False,att_all
b1_ets+dtaci,2020,5,0.7359249329758714,0.44436997319034854,1492,12,covid_window,False,False,att_type1
b1_ets+dtaci,2020,6,0.8589981447124304,0.5244279529993816,1617,12,covid_window,False,False,adm_via_ae
b1_ets+dtaci,2020,6,0.7638950644730992,0.5220097821253891,2249,12,covid_window,False,False,att_all
b1_ets+dtaci,2020,6,0.7777031564808596,0.49697783747481533,1489,12,covid_window,False,False,att_type1
b1_ets+dtaci,2021,1,0.971709717097171,0.5350553505535055,813,6,covid_window,False,False,adm_via_ae
b1_ets+dtaci,2021,1,0.9782986111111112,0.5069444444444444,1152,6,covid_window,False,False,att_all
b1_ets+dtaci,2021,1,0.9852744310575636,0.5421686746987951,747,6,covid_window,False,False,att_type1
b1_ets+dtaci,2021,2,0.9753694581280788,0.5763546798029556,812,6,covid_window,False,False,adm_via_ae
b1_ets+dtaci,2021,2,0.985178727114211,0.5780296425457716,1147,6,covid_window,False,False,att_all
b1_ets+dtaci,2021,2,0.9932975871313673,0.5750670241286864,746,6,covid_window,False,False,att_type1
b1_ets+dtaci,2021,3,0.9778051787916153,0.5499383477188656,811,6,covid_window,False,False,adm_via_ae
b1_ets+dtaci,2021,3,0.9921259842519685,0.5389326334208224,1143,6,covid_window,False,False,att_all
b1_ets+dtaci,2021,3,0.9946308724832215,0.5114093959731544,745,6,covid_window,False,False,att_type1
b1_ets+dtaci,2021,4,0.9814814814814815,0.5654320987654321,810,6,covid_window,False,False,adm_via_ae
b1_ets+dtaci,2021,4,0.9938488576449912,0.5615114235500879,1138,6,covid_window,False,False,att_all
b1_ets+dtaci,2021,4,0.9959677419354839,0.5228494623655914,744,6,covid_window,False,False,att_type1
b1_ets+dtaci,2021,5,0.9802224969097652,0.6341161928306551,809,6,covid_window,False,False,adm_via_ae
b1_ets+dtaci,2021,5,0.9955985915492958,0.676056338028169,1136,6,covid_window,False,False,att_all
b1_ets+dtaci,2021,5,0.9946164199192463,0.6446837146702558,743,6,covid_window,False,False,att_type1
b1_ets+dtaci,2021,6,0.9826732673267327,0.6844059405940595,808,6,covid_window,False,False,adm_via_ae
b1_ets+dtaci,2021,6,0.9929390997352162,0.6875551632833187,1133,6,covid_window,False,False,att_all
b1_ets+dtaci,2021,6,0.9973045822102425,0.6536388140161725,742,6,covid_window,False,False,att_type1
b1_ets+pooled,2019,4,0.15714285714285714,0.06428571428571428,140,1,covid_window,False,False,adm_via_ae
b1_ets+pooled,2019,4,0.06282722513089005,0.031413612565445025,191,1,covid_window,False,False,att_all
b1_ets+pooled,2019,4,0.03875968992248062,0.015503875968992248,129,1,covid_window,False,False,att_type1
b1_ets+pooled,2019,5,0.14545454545454545,0.08,275,2,covid_window,False,False,adm_via_ae
b1_ets+pooled,2019,5,0.07446808510638298,0.02925531914893617,376,2,covid_window,False,False,att_all
b1_ets+pooled,2019,5,0.043478260869565216,0.011857707509881422,253,2,covid_window,False,False,att_type1
b1_ets+pooled,2019,6,0.20243902439024392,0.08048780487804878,410,3,covid_window,False,False,adm_via_ae
b1_ets+pooled,2019,6,0.07155635062611806,0.025044722719141325,559,3,covid_window,False,False,att_all
b1_ets+pooled,2019,6,0.04774535809018567,0.010610079575596816,377,3,covid_window,False,False,att_type1
b1_ets+pooled,2020,1,0.8130498533724341,0.4413489736070381,1364,10,covid_window,False,False,adm_via_ae
b1_ets+pooled,2020,1,0.7677922077922078,0.39584415584415583,1925,10,covid_window,False,False,att_all
b1_ets+pooled,2020,1,0.7766295707472178,0.3616852146263911,1258,10,covid_window,False,False,att_type1
b1_ets+pooled,2020,2,0.7835671342685371,0.40547762191048764,1497,11,covid_window,False,False,adm_via_ae
b1_ets+pooled,2020,2,0.723384030418251,0.3198669201520912,2104,11,covid_window,False,False,att_all
b1_ets+pooled,2020,2,0.7318840579710145,0.30217391304347824,1380,11,covid_window,False,False,att_type1
b1_ets+pooled,2020,3,0.7466257668711657,0.4085889570552147,1630,12,covid_window,False,False,adm_via_ae
b1_ets+pooled,2020,3,0.6967572304995618,0.3378615249780894,2282,12,covid_window,False,False,att_all
b1_ets+pooled,2020,3,0.7070572569906791,0.3189081225033289,1502,12,covid_window,False,False,att_type1
b1_ets+pooled,2020,4,0.7695625385089341,0.4282193468884781,1623,12,covid_window,False,False,adm_via_ae
b1_ets+pooled,2020,4,0.7030008826125331,0.39232127096204766,2266,12,covid_window,False,False,att_all
b1_ets+pooled,2020,4,0.711705685618729,0.3785953177257525,1495,12,covid_window,False,False,att_type1
b1_ets+pooled,2020,5,0.8123456790123457,0.42530864197530865,1620,12,covid_window,False,False,adm_via_ae
b1_ets+pooled,2020,5,0.7229609929078015,0.374113475177305,2256,12,covid_window,False,False,att_all
b1_ets+pooled,2020,5,0.7258713136729222,0.35656836461126007,1492,12,covid_window,False,False,att_type1
b1_ets+pooled,2020,6,0.8577612863327149,0.4557823129251701,1617,12,covid_window,False,False,adm_via_ae
b1_ets+pooled,2020,6,0.7612272120942641,0.4224099599822143,2249,12,covid_window,False,False,att_all
b1_ets+pooled,2020,6,0.7824042981867025,0.3774345198119543,1489,12,covid_window,False,False,att_type1
b1_ets+pooled,2021,1,0.9692496924969249,0.5448954489544895,813,6,covid_window,False,False,adm_via_ae
b1_ets+pooled,2021,1,0.9756944444444444,0.5078125,1152,6,covid_window,False,False,att_all
b1_ets+pooled,2021,1,0.9839357429718876,0.5327978580990629,747,6,covid_window,False,False,att_type1
b1_ets+pooled,2021,2,0.9667487684729064,0.5874384236453202,812,6,covid_window,False,False,adm_via_ae
b1_ets+pooled,2021,2,0.985178727114211,0.5658238884045336,1147,6,covid_window,False,False,att_all
b1_ets+pooled,2021,2,0.9919571045576407,0.5670241286863271,746,6,covid_window,False,False,att_type1
b1_ets+pooled,2021,3,0.9741060419235512,0.5437731196054254,811,6,covid_window,False,False,adm_via_ae
b1_ets+pooled,2021,3,0.9877515310586177,0.5301837270341208,1143,6,covid_window,False,False,att_all
b1_ets+pooled,2021,3,0.9932885906040269,0.5020134228187919,745,6,covid_window,False,False,att_type1
b1_ets+pooled,2021,4,0.9740740740740741,0.5506172839506173,810,6,covid_window,False,False,adm_via_ae
b1_ets+pooled,2021,4,0.9868189806678384,0.5254833040421792,1138,6,covid_window,False,False,att_all
b1_ets+pooled,2021,4,0.9959677419354839,0.4905913978494624,744,6,covid_window,False,False,att_type1
b1_ets+pooled,2021,5,0.9715698393077874,0.6007416563658838,809,6,covid_window,False,False,adm_via_ae
b1_ets+pooled,2021,5,0.9876760563380281,0.6003521126760564,1136,6,covid_window,False,False,att_all
b1_ets+pooled,2021,5,0.9946164199192463,0.566621803499327,743,6,covid_window,False,False,att_type1
b1_ets+pooled,2021,6,0.9752475247524752,0.6423267326732673,808,6,covid_window,False,False,adm_via_ae
b1_ets+pooled,2021,6,0.9841129744042365,0.5578111209179171,1133,6,covid_window,False,False,att_all
b1_ets+pooled,2021,6,0.9946091644204852,0.5269541778975741,742,6,covid_window,False,False,att_type1
b1_ets+series,2019,4,0.21428571428571427,0.07142857142857142,140,1,covid_window,False,False,adm_via_ae
b1_ets+series,2019,4,0.09424083769633508,0.031413612565445025,191,1,covid_window,False,False,att_all
b1_ets+series,2019,4,0.046511627906976744,0.015503875968992248,129,1,covid_window,False,False,att_type1
b1_ets+series,2019,5,0.1709090909090909,0.08363636363636363,275,2,covid_window,False,False,adm_via_ae
b1_ets+series,2019,5,0.0797872340425532,0.026595744680851064,376,2,covid_window,False,False,att_all
b1_ets+series,2019,5,0.043478260869565216,0.015810276679841896,253,2,covid_window,False,False,att_type1
b1_ets+series,2019,6,0.2097560975609756,0.08536585365853659,410,3,covid_window,False,False,adm_via_ae
b1_ets+series,2019,6,0.07513416815742398,0.026833631484794274,559,3,covid_window,False,False,att_all
b1_ets+series,2019,6,0.04509283819628647,0.015915119363395226,377,3,covid_window,False,False,att_type1
b1_ets+series,2020,1,0.782991202346041,0.4142228739002933,1364,10,covid_window,False,False,adm_via_ae
b1_ets+series,2020,1,0.7563636363636363,0.36363636363636365,1925,10,covid_window,False,False,att_all
b1_ets+series,2020,1,0.7559618441971383,0.321939586645469,1258,10,covid_window,False,False,att_type1
b1_ets+series,2020,2,0.7535070140280561,0.353373413493654,1497,11,covid_window,False,False,adm_via_ae
b1_ets+series,2020,2,0.7100760456273765,0.25380228136882127,2104,11,covid_window,False,False,att_all
b1_ets+series,2020,2,0.7014492753623188,0.2210144927536232,1380,11,covid_window,False,False,att_type1
b1_ets+series,2020,3,0.7294478527607362,0.3717791411042945,1630,12,covid_window,False,False,adm_via_ae
b1_ets+series,2020,3,0.679666958808063,0.287467134092901,2282,12,covid_window,False,False,att_all
b1_ets+series,2020,3,0.6850865512649801,0.2536617842876165,1502,12,covid_window,False,False,att_type1
b1_ets+series,2020,4,0.7615526802218114,0.3930991990141713,1623,12,covid_window,False,False,adm_via_ae
b1_ets+series,2020,4,0.6835834068843778,0.33627537511032657,2266,12,covid_window,False,False,att_all
b1_ets+series,2020,4,0.6809364548494983,0.31705685618729096,1495,12,covid_window,False,False,att_type1
b1_ets+series,2020,5,0.7987654320987654,0.39567901234567904,1620,12,covid_window,False,False,adm_via_ae
b1_ets+series,2020,5,0.7092198581560284,0.3320035460992908,2256,12,covid_window,False,False,att_all
b1_ets+series,2020,5,0.7084450402144772,0.3002680965147453,1492,12,covid_window,False,False,att_type1
b1_ets+series,2020,6,0.8503401360544217,0.41929499072356213,1617,12,covid_window,False,False,adm_via_ae
b1_ets+series,2020,6,0.7523343708314807,0.3606047132058693,2249,12,covid_window,False,False,att_all
b1_ets+series,2020,6,0.7669576897246474,0.32907991940899933,1489,12,covid_window,False,False,att_type1
b1_ets+series,2021,1,0.9544895448954489,0.4833948339483395,813,6,covid_window,False,False,adm_via_ae
b1_ets+series,2021,1,0.9626736111111112,0.4270833333333333,1152,6,covid_window,False,False,att_all
b1_ets+series,2021,1,0.9598393574297188,0.4444444444444444,747,6,covid_window,False,False,att_type1
b1_ets+series,2021,2,0.937192118226601,0.4987684729064039,812,6,covid_window,False,False,adm_via_ae
b1_ets+series,2021,2,0.970357454228422,0.4664341761115955,1147,6,covid_window,False,False,att_all
b1_ets+series,2021,2,0.9302949061662198,0.4477211796246649,746,6,covid_window,False,False,att_type1
b1_ets+series,2021,3,0.9482120838471023,0.44143033292231815,811,6,covid_window,False,False,adm_via_ae
b1_ets+series,2021,3,0.9816272965879265,0.4243219597550306,1143,6,covid_window,False,False,att_all
b1_ets+series,2021,3,0.9677852348993289,0.38926174496644295,745,6,covid_window,False,False,att_type1
b1_ets+series,2021,4,0.9493827160493827,0.44320987654320987,810,6,covid_window,False,False,adm_via_ae
b1_ets+series,2021,4,0.9806678383128296,0.4068541300527241,1138,6,covid_window,False,False,att_all
b1_ets+series,2021,4,0.9879032258064516,0.36693548387096775,744,6,covid_window,False,False,att_type1
b1_ets+series,2021,5,0.9555006180469716,0.4894932014833127,809,6,covid_window,False,False,adm_via_ae
b1_ets+series,2021,5,0.9806338028169014,0.4339788732394366,1136,6,covid_window,False,False,att_all
b1_ets+series,2021,5,0.9838492597577388,0.41318977119784656,743,6,covid_window,False,False,att_type1
b1_ets+series,2021,6,0.9628712871287128,0.5371287128712872,808,6,covid_window,False,False,adm_via_ae
b1_ets+series,2021,6,0.9788172992056487,0.4060017652250662,1133,6,covid_window,False,False,att_all
b1_ets+series,2021,6,0.9905660377358491,0.3881401617250674,742,6,covid_window,False,False,att_type1
m1_enbpi,2019,4,0.06802721088435375,0.006802721088435374,147,1,covid_window,False,False,adm_via_ae
m1_enbpi,2019,4,0.018691588785046728,0.014018691588785047,214,1,covid_window,False,False,att_all
m1_enbpi,2019,4,0.03676470588235294,0.029411764705882353,136,1,covid_window,False,False,att_type1
m1_enbpi,2019,5,0.08304498269896193,0.04152249134948097,289,2,covid_window,False,False,adm_via_ae
m1_enbpi,2019,5,0.02142857142857143,0.014285714285714285,420,2,covid_window,False,False,att_all
m1_enbpi,2019,5,0.04119850187265917,0.018726591760299626,267,2,covid_window,False,False,att_type1
m1_enbpi,2019,6,0.08430913348946135,0.03044496487119438,427,3,covid_window,False,False,adm_via_ae
m1_enbpi,2019,6,0.027419354838709678,0.014516129032258065,620,3,covid_window,False,False,att_all
m1_enbpi,2019,6,0.03299492385786802,0.0,394,3,covid_window,False,False,att_type1
m1_enbpi,2020,1,0.6069444444444444,0.19444444444444445,1440,10,covid_window,False,False,adm_via_ae
m1_enbpi,2020,1,0.6267436267436267,0.30735930735930733,2079,10,covid_window,False,False,att_all
m1_enbpi,2020,1,0.5388093443858327,0.13187641296156744,1327,10,covid_window,False,False,att_type1
m1_enbpi,2020,2,0.5395319418089817,0.15180265654648956,1581,11,covid_window,False,False,adm_via_ae
m1_enbpi,2020,2,0.5287406757349715,0.33742869679684073,2279,11,covid_window,False,False,att_all
m1_enbpi,2020,2,0.5401509951956074,0.11461908030199039,1457,11,covid_window,False,False,att_type1
m1_enbpi,2020,3,0.5488372093023256,0.1563953488372093,1720,12,covid_window,False,False,adm_via_ae
m1_enbpi,2020,3,0.517561566410981,0.33911990310859913,2477,12,covid_window,False,False,att_all
m1_enbpi,2020,3,0.5608832807570978,0.1444794952681388,1585,12,covid_window,False,False,att_type1
m1_enbpi,2020,4,0.5887850467289719,0.18341121495327103,1712,12,covid_window,False,False,adm_via_ae
m1_enbpi,2020,4,0.5656771045140301,0.3883692557950386,2459,12,covid_window,False,False,att_all
m1_enbpi,2020,4,0.5599239061509195,0.14584654407102093,1577,12,covid_window,False,False,att_type1
m1_enbpi,2020,5,0.5711775043936731,0.14762741652021089,1707,12,covid_window,False,False,adm_via_ae
m1_enbpi,2020,5,0.5529219452390682,0.2259910093992644,2447,12,covid_window,False,False,att_all
m1_enbpi,2020,5,0.5197201017811705,0.16157760814249364,1572,12,covid_window,False,False,att_type1
m1_enbpi,2020,6,0.5881316098707403,0.10810810810810811,1702,12,covid_window,False,False,adm_via_ae
m1_enbpi,2020,6,0.5418375717801477,0.14520098441345364,2438,12,covid_window,False,False,att_all
m1_enbpi,2020,6,0.5481812380344607,0.08806636885768986,1567,12,covid_window,False,False,att_type1
m1_enbpi,2021,1,0.785377358490566,0.25471698113207547,848,6,covid_window,False,False,adm_via_ae
m1_enbpi,2021,1,0.9331703341483293,0.4849225753871231,1227,6,covid_window,False,False,att_all
m1_enbpi,2021,1,0.7896103896103897,0.1987012987012987,770,6,covid_window,False,False,att_type1
m1_enbpi,2021,2,0.7195266272189349,0.21893491124260356,845,6,covid_window,False,False,adm_via_ae
m1_enbpi,2021,2,0.7037643207855974,0.2774140752864157,1222,6,covid_window,False,False,att_all
m1_enbpi,2021,2,0.5488917861799217,0.1395045632333768,767,6,covid_window,False,False,att_type1
m1_enbpi,2021,3,0.531435349940688,0.14472123368920523,843,6,covid_window,False,False,adm_via_ae
m1_enbpi,2021,3,0.39605587510271156,0.1988496302382909,1217,6,covid_window,False,False,att_all
m1_enbpi,2021,3,0.3359477124183007,0.06143790849673202,765,6,covid_window,False,False,att_type1
m1_enbpi,2021,4,0.539833531510107,0.1367419738406659,841,6,covid_window,False,False,adm_via_ae
m1_enbpi,2021,4,0.3947151114781173,0.1370767960363336,1211,6,covid_window,False,False,att_all
m1_enbpi,2021,4,0.35386631716906947,0.039318479685452164,763,6,covid_window,False,False,att_type1
m1_enbpi,2021,5,0.6702380952380952,0.1976190476190476,840,6,covid_window,False,False,adm_via_ae
m1_enbpi,2021,5,0.3860811930405965,0.07207953603976802,1207,6,covid_window,False,False,att_all
m1_enbpi,2021,5,0.26246719160104987,0.02230971128608924,762,6,covid_window,False,False,att_type1
m1_enbpi,2021,6,0.8474374255065554,0.4755661501787843,839,6,covid_window,False,False,adm_via_ae
m1_enbpi,2021,6,0.7354409317803661,0.4417637271214642,1202,6,covid_window,False,False,att_all
m1_enbpi,2021,6,0.5821287779237845,0.18922470433639949,761,6,covid_window,False,False,att_type1
m1_lightgbm_v3,2019,4,0.1360544217687075,0.05442176870748299,147,1,covid_window,False,False,adm_via_ae
m1_lightgbm_v3,2019,4,0.11682242990654206,0.018691588785046728,214,1,covid_window,False,False,att_all
m1_lightgbm_v3,2019,4,0.051470588235294115,0.03676470588235294,136,1,covid_window,False,False,att_type1
m1_lightgbm_v3,2019,5,0.11764705882352941,0.058823529411764705,289,2,covid_window,False,False,adm_via_ae
m1_lightgbm_v3,2019,5,0.06904761904761905,0.023809523809523808,420,2,covid_window,False,False,att_all
m1_lightgbm_v3,2019,5,0.0599250936329588,0.04119850187265917,267,2,covid_window,False,False,att_type1
m1_lightgbm_v3,2019,6,0.12177985948477751,0.0585480093676815,427,3,covid_window,False,False,adm_via_ae
m1_lightgbm_v3,2019,6,0.09193548387096774,0.02258064516129032,620,3,covid_window,False,False,att_all
m1_lightgbm_v3,2019,6,0.04314720812182741,0.030456852791878174,394,3,covid_window,False,False,att_type1
m1_lightgbm_v3,2020,1,0.7701388888888889,0.3458333333333333,1440,10,covid_window,False,False,adm_via_ae
m1_lightgbm_v3,2020,1,0.8066378066378066,0.35353535353535354,2079,10,covid_window,False,False,att_all
m1_lightgbm_v3,2020,1,0.771665410700829,0.20949510173323285,1327,10,covid_window,False,False,att_type1
m1_lightgbm_v3,2020,2,0.7330803289057558,0.3270082226438963,1581,11,covid_window,False,False,adm_via_ae
m1_lightgbm_v3,2020,2,0.7441860465116279,0.3260201842913559,2279,11,covid_window,False,False,att_all
m1_lightgbm_v3,2020,2,0.6911461908030199,0.1757035003431709,1457,11,covid_window,False,False,att_type1
m1_lightgbm_v3,2020,3,0.7151162790697675,0.2819767441860465,1720,12,covid_window,False,False,adm_via_ae
m1_lightgbm_v3,2020,3,0.6951958013726282,0.23415421881308035,2477,12,covid_window,False,False,att_all
m1_lightgbm_v3,2020,3,0.6391167192429023,0.13438485804416403,1585,12,covid_window,False,False,att_type1
m1_lightgbm_v3,2020,4,0.7289719626168224,0.23773364485981308,1712,12,covid_window,False,False,adm_via_ae
m1_lightgbm_v3,2020,4,0.7015046766978447,0.20048800325335503,2459,12,covid_window,False,False,att_all
m1_lightgbm_v3,2020,4,0.6271401395053899,0.12999365884590997,1577,12,covid_window,False,False,att_type1
m1_lightgbm_v3,2020,5,0.7439953134153485,0.2460456942003515,1707,12,covid_window,False,False,adm_via_ae
m1_lightgbm_v3,2020,5,0.7118921127911728,0.17654270535349406,2447,12,covid_window,False,False,att_all
m1_lightgbm_v3,2020,5,0.6431297709923665,0.1138676844783715,1572,12,covid_window,False,False,att_type1
m1_lightgbm_v3,2020,6,0.763807285546416,0.18860164512338426,1702,12,covid_window,False,False,adm_via_ae
m1_lightgbm_v3,2020,6,0.7145200984413453,0.1509433962264151,2438,12,covid_window,False,False,att_all
m1_lightgbm_v3,2020,6,0.6343331206126356,0.09061901723037652,1567,12,covid_window,False,False,att_type1
m1_lightgbm_v3,2021,1,0.7900943396226415,0.24646226415094338,848,6,covid_window,False,False,adm_via_ae
m1_lightgbm_v3,2021,1,0.8606356968215159,0.2705786471067645,1227,6,covid_window,False,False,att_all
m1_lightgbm_v3,2021,1,0.6506493506493507,0.06753246753246753,770,6,covid_window,False,False,att_type1
m1_lightgbm_v3,2021,2,0.7585798816568048,0.18224852071005918,845,6,covid_window,False,False,adm_via_ae
m1_lightgbm_v3,2021,2,0.8306055646481179,0.26104746317512273,1222,6,covid_window,False,False,att_all
m1_lightgbm_v3,2021,2,0.5788787483702738,0.03650586701434159,767,6,covid_window,False,False,att_type1
m1_lightgbm_v3,2021,3,0.7437722419928826,0.16488730723606168,843,6,covid_window,False,False,adm_via_ae
m1_lightgbm_v3,2021,3,0.8693508627773213,0.34675431388660644,1217,6,covid_window,False,False,att_all
m1_lightgbm_v3,2021,3,0.611764705882353,0.06405228758169934,765,6,covid_window,False,False,att_type1
m1_lightgbm_v3,2021,4,0.8145065398335315,0.17717003567181927,841,6,covid_window,False,False,adm_via_ae
m1_lightgbm_v3,2021,4,0.8802642444260942,0.2617671345995045,1211,6,covid_window,False,True,att_all
m1_lightgbm_v3,2021,4,0.49934469200524245,0.028833551769331587,763,6,covid_window,False,False,att_type1
m1_lightgbm_v3,2021,5,0.8428571428571429,0.19404761904761905,840,6,covid_window,False,False,adm_via_ae
m1_lightgbm_v3,2021,5,0.8077879038939519,0.1275890637945319,1207,6,covid_window,False,False,att_all
m1_lightgbm_v3,2021,5,0.4671916010498688,0.027559055118110236,762,6,covid_window,False,False,att_type1
m1_lightgbm_v3,2021,6,0.8533969010727056,0.2061978545887962,839,6,covid_window,False,False,adm_via_ae
m1_lightgbm_v3,2021,6,0.8161397670549085,0.2129783693843594,1202,6,covid_window,False,False,att_all
m1_lightgbm_v3,2021,6,0.533508541392904,0.03416557161629435,761,6,covid_window,False,False,att_type1
m1_lightgbm_v3_raw,2019,4,0.16326530612244897,0.05442176870748299,147,1,covid_window,False,False,adm_via_ae
m1_lightgbm_v3_raw,2019,4,0.056074766355140186,0.014018691588785047,214,1,covid_window,False,False,att_all
m1_lightgbm_v3_raw,2019,4,0.04411764705882353,0.03676470588235294,136,1,covid_window,False,False,att_type1
m1_lightgbm_v3_raw,2019,5,0.1245674740484429,0.04844290657439446,289,2,covid_window,False,False,adm_via_ae
m1_lightgbm_v3_raw,2019,5,0.03333333333333333,0.014285714285714285,420,2,covid_window,False,False,att_all
m1_lightgbm_v3_raw,2019,5,0.0449438202247191,0.03745318352059925,267,2,covid_window,False,False,att_type1
m1_lightgbm_v3_raw,2019,6,0.12412177985948478,0.04918032786885246,427,3,covid_window,False,False,adm_via_ae
m1_lightgbm_v3_raw,2019,6,0.035483870967741936,0.016129032258064516,620,3,covid_window,False,False,att_all
m1_lightgbm_v3_raw,2019,6,0.03807106598984772,0.030456852791878174,394,3,covid_window,False,False,att_type1
m1_lightgbm_v3_raw,2020,1,0.6993055555555555,0.3104166666666667,1440,10,covid_window,False,False,adm_via_ae
m1_lightgbm_v3_raw,2020,1,0.6772486772486772,0.24194324194324193,2079,10,covid_window,False,False,att_all
m1_lightgbm_v3_raw,2020,1,0.6149208741522231,0.18613413715146948,1327,10,covid_window,False,False,att_type1
m1_lightgbm_v3_raw,2020,2,0.6824794433902593,0.2530044275774826,1581,11,covid_window,False,False,adm_via_ae
m1_lightgbm_v3_raw,2020,2,0.6533567354102676,0.22114962702939886,2279,11,covid_window,False,False,att_all
m1_lightgbm_v3_raw,2020,2,0.5813315030885381,0.20864790665751545,1457,11,covid_window,False,False,att_type1
m1_lightgbm_v3_raw,2020,3,0.6424418604651163,0.2441860465116279,1720,12,covid_window,False,False,adm_via_ae
m1_lightgbm_v3_raw,2020,3,0.638675817521195,0.2886556318126766,2477,12,covid_window,False,False,att_all
m1_lightgbm_v3_raw,2020,3,0.5766561514195584,0.18548895899053627,1585,12,covid_window,False,False,att_type1
m1_lightgbm_v3_raw,2020,4,0.6290887850467289,0.21203271028037382,1712,12,covid_window,False,False,adm_via_ae
m1_lightgbm_v3_raw,2020,4,0.6433509556730378,0.28588857259048395,2459,12,covid_window,False,False,att_all
m1_lightgbm_v3_raw,2020,4,0.5668991756499683,0.15409004438807863,1577,12,covid_window,False,False,att_type1
m1_lightgbm_v3_raw,2020,5,0.622729935559461,0.19859402460456943,1707,12,covid_window,False,False,adm_via_ae
m1_lightgbm_v3_raw,2020,5,0.59991826726604,0.28075194115243157,2447,12,covid_window,False,False,att_all
m1_lightgbm_v3_raw,2020,5,0.5133587786259542,0.16666666666666666,1572,12,covid_window,False,False,att_type1
m1_lightgbm_v3_raw,2020,6,0.6039952996474736,0.21210340775558167,1702,12,covid_window,False,False,adm_via_ae
m1_lightgbm_v3_raw,2020,6,0.5890073831009024,0.2575881870385562,2438,12,covid_window,False,False,att_all
m1_lightgbm_v3_raw,2020,6,0.5437141033822591,0.16017868538608807,1567,12,covid_window,False,False,att_type1
m1_lightgbm_v3_raw,2021,1,0.6462264150943396,0.3125,848,6,covid_window,False,False,adm_via_ae
m1_lightgbm_v3_raw,2021,1,0.5436022819885901,0.2616136919315403,1227,6,covid_window,False,False,att_all
m1_lightgbm_v3_raw,2021,1,0.5532467532467532,0.274025974025974,770,6,covid_window,False,False,att_type1
m1_lightgbm_v3_raw,2021,2,0.5325443786982249,0.16449704142011834,845,6,covid_window,False,False,adm_via_ae
m1_lightgbm_v3_raw,2021,2,0.31342062193126025,0.18576104746317512,1222,6,covid_window,False,False,att_all
m1_lightgbm_v3_raw,2021,2,0.34419817470664926,0.18252933507170796,767,6,covid_window,False,False,att_type1
m1_lightgbm_v3_raw,2021,3,0.41874258600237246,0.1376037959667853,843,6,covid_window,False,False,adm_via_ae
m1_lightgbm_v3_raw,2021,3,0.18981101068200493,0.08299096138044372,1217,6,covid_window,False,False,att_all
m1_lightgbm_v3_raw,2021,3,0.24705882352941178,0.08235294117647059,765,6,covid_window,False,False,att_type1
m1_lightgbm_v3_raw,2021,4,0.42092746730083236,0.1272294887039239,841,6,covid_window,False,False,adm_via_ae
m1_lightgbm_v3_raw,2021,4,0.14037985136251033,0.04872006606110652,1211,6,covid_window,False,False,att_all
m1_lightgbm_v3_raw,2021,4,0.12057667103538663,0.047182175622542594,763,6,covid_window,False,False,att_type1
m1_lightgbm_v3_raw,2021,5,0.3892857142857143,0.1595238095238095,840,6,covid_window,False,False,adm_via_ae
m1_lightgbm_v3_raw,2021,5,0.11681855840927921,0.048053024026512015,1207,6,covid_window,False,False,att_all
m1_lightgbm_v3_raw,2021,5,0.09580052493438321,0.028871391076115485,762,6,covid_window,False,False,att_type1
m1_lightgbm_v3_raw,2021,6,0.4195470798569726,0.1466030989272944,839,6,covid_window,False,False,adm_via_ae
m1_lightgbm_v3_raw,2021,6,0.12146422628951747,0.039101497504159734,1202,6,covid_window,False,False,att_all
m1_lightgbm_v3_raw,2021,6,0.10775295663600526,0.03416557161629435,761,6,covid_window,False,False,att_type1
m1_lightgbm_v3_raw+dtaci,2019,4,0.25170068027210885,0.08163265306122448,147,1,covid_window,False,False,adm_via_ae
m1_lightgbm_v3_raw+dtaci,2019,4,0.08878504672897196,0.014018691588785047,214,1,covid_window,False,False,att_all
m1_lightgbm_v3_raw+dtaci,2019,4,0.0661764705882353,0.03676470588235294,136,1,covid_window,False,False,att_type1
m1_lightgbm_v3_raw+dtaci,2019,5,0.18685121107266436,0.058823529411764705,289,2,covid_window,False,False,adm_via_ae
m1_lightgbm_v3_raw+dtaci,2019,5,0.05952380952380952,0.02142857142857143,420,2,covid_window,False,False,att_all
m1_lightgbm_v3_raw+dtaci,2019,5,0.06741573033707865,0.04868913857677903,267,2,covid_window,False,False,att_type1
m1_lightgbm_v3_raw+dtaci,2019,6,0.20374707259953162,0.07728337236533958,427,3,covid_window,False,False,adm_via_ae
m1_lightgbm_v3_raw+dtaci,2019,6,0.07741935483870968,0.024193548387096774,620,3,covid_window,False,False,att_all
m1_lightgbm_v3_raw+dtaci,2019,6,0.07106598984771574,0.04314720812182741,394,3,covid_window,False,False,att_type1
m1_lightgbm_v3_raw+dtaci,2020,1,0.8381944444444445,0.46319444444444446,1440,10,covid_window,False,False,adm_via_ae
m1_lightgbm_v3_raw+dtaci,2020,1,0.8287638287638288,0.4078884078884079,2079,10,covid_window,False,False,att_all
m1_lightgbm_v3_raw+dtaci,2020,1,0.8229088168801808,0.44159758854559156,1327,10,covid_window,False,False,att_type1
m1_lightgbm_v3_raw+dtaci,2020,2,0.8203668564199873,0.44275774826059455,1581,11,covid_window,False,False,adm_via_ae
m1_lightgbm_v3_raw+dtaci,2020,2,0.7906976744186046,0.4063185607722685,2279,11,covid_window,False,False,att_all
m1_lightgbm_v3_raw+dtaci,2020,2,0.8112560054907344,0.48112560054907344,1457,11,covid_window,False,False,att_type1
m1_lightgbm_v3_raw+dtaci,2020,3,0.7779069767441861,0.4662790697674419,1720,12,covid_window,False,False,adm_via_ae
m1_lightgbm_v3_raw+dtaci,2020,3,0.7363746467501009,0.4360113039967703,2477,12,covid_window,False,False,att_all
m1_lightgbm_v3_raw+dtaci,2020,3,0.7583596214511041,0.4933753943217666,1585,12,covid_window,False,False,att_type1
m1_lightgbm_v3_raw+dtaci,2020,4,0.794392523364486,0.4678738317757009,1712,12,covid_window,False,False,adm_via_ae
m1_lightgbm_v3_raw+dtaci,2020,4,0.7413582757218381,0.4538430256201708,2459,12,covid_window,False,False,att_all
m1_lightgbm_v3_raw+dtaci,2020,4,0.761572606214331,0.4984147114774889,1577,12,covid_window,False,False,att_type1
m1_lightgbm_v3_raw+dtaci,2020,5,0.8312829525483304,0.479203280609256,1707,12,covid_window,False,False,adm_via_ae
m1_lightgbm_v3_raw+dtaci,2020,5,0.7539844707805476,0.4814058030241112,2447,12,covid_window,False,False,att_all
m1_lightgbm_v3_raw+dtaci,2020,5,0.7646310432569975,0.49745547073791346,1572,12,covid_window,False,False,att_type1
m1_lightgbm_v3_raw+dtaci,2020,6,0.8501762632197415,0.48413631022326675,1702,12,covid_window,False,False,adm_via_ae
m1_lightgbm_v3_raw+dtaci,2020,6,0.7723543888433142,0.4815422477440525,2438,12,covid_window,False,False,att_all
m1_lightgbm_v3_raw+dtaci,2020,6,0.8002552648372687,0.4901084875558392,1567,12,covid_window,False,False,att_type1
m1_lightgbm_v3_raw+dtaci,2021,1,0.8938679245283019,0.419811320754717,848,6,covid_window,False,True,adm_via_ae
m1_lightgbm_v3_raw+dtaci,2021,1,0.9201303993480032,0.4229828850855746,1227,6,covid_window,False,True,att_all
m1_lightgbm_v3_raw+dtaci,2021,1,0.9311688311688312,0.4779220779220779,770,6,covid_window,False,False,att_type1
m1_lightgbm_v3_raw+dtaci,2021,2,0.9289940828402367,0.42011834319526625,845,6,covid_window,False,True,adm_via_ae
m1_lightgbm_v3_raw+dtaci,2021,2,0.9566284779050737,0.37479541734860883,1222,6,covid_window,False,False,att_all
m1_lightgbm_v3_raw+dtaci,2021,2,0.847457627118644,0.35984354628422427,767,6,covid_window,False,False,att_type1
m1_lightgbm_v3_raw+dtaci,2021,3,0.9596678529062871,0.3760379596678529,843,6,covid_window,False,False,adm_via_ae
m1_lightgbm_v3_raw+dtaci,2021,3,0.9622021364009861,0.29745275267050125,1217,6,covid_window,False,False,att_all
m1_lightgbm_v3_raw+dtaci,2021,3,0.9150326797385621,0.28104575163398693,765,6,covid_window,False,True,att_type1
m1_lightgbm_v3_raw+dtaci,2021,4,0.9607609988109393,0.3983353151010702,841,6,covid_window,False,False,adm_via_ae
m1_lightgbm_v3_raw+dtaci,2021,4,0.9653179190751445,0.3104872006606111,1211,6,covid_window,False,False,att_all
m1_lightgbm_v3_raw+dtaci,2021,4,0.9659239842726082,0.33420707732634336,763,6,covid_window,False,False,att_type1
m1_lightgbm_v3_raw+dtaci,2021,5,0.9630952380952381,0.5095238095238095,840,6,covid_window,False,False,adm_via_ae
m1_lightgbm_v3_raw+dtaci,2021,5,0.9751449875724938,0.30903065451532724,1207,6,covid_window,False,False,att_all
m1_lightgbm_v3_raw+dtaci,2021,5,0.963254593175853,0.2821522309711286,762,6,covid_window,False,False,att_type1
m1_lightgbm_v3_raw+dtaci,2021,6,0.964243146603099,0.6126340882002383,839,6,covid_window,False,False,adm_via_ae
m1_lightgbm_v3_raw+dtaci,2021,6,0.9841930116472546,0.4168053244592346,1202,6,covid_window,False,False,att_all
m1_lightgbm_v3_raw+dtaci,2021,6,0.9710906701708278,0.42575558475689884,761,6,covid_window,False,False,att_type1
m1_lightgbm_v3_raw+pooled,2019,4,0.21768707482993196,0.05442176870748299,147,1,covid_window,False,False,adm_via_ae
m1_lightgbm_v3_raw+pooled,2019,4,0.06542056074766354,0.014018691588785047,214,1,covid_window,False,False,att_all
m1_lightgbm_v3_raw+pooled,2019,4,0.058823529411764705,0.03676470588235294,136,1,covid_window,False,False,att_type1
m1_lightgbm_v3_raw+pooled,2019,5,0.15570934256055363,0.04844290657439446,289,2,covid_window,False,False,adm_via_ae
m1_lightgbm_v3_raw+pooled,2019,5,0.04047619047619048,0.016666666666666666,420,2,covid_window,False,False,att_all
m1_lightgbm_v3_raw+pooled,2019,5,0.052434456928838954,0.03745318352059925,267,2,covid_window,False,False,att_type1
m1_lightgbm_v3_raw+pooled,2019,6,0.18969555035128804,0.04918032786885246,427,3,covid_window,False,False,adm_via_ae
m1_lightgbm_v3_raw+pooled,2019,6,0.056451612903225805,0.020967741935483872,620,3,covid_window,False,False,att_all
m1_lightgbm_v3_raw+pooled,2019,6,0.04568527918781726,0.030456852791878174,394,3,covid_window,False,False,att_type1
m1_lightgbm_v3_raw+pooled,2020,1,0.80625,0.3104166666666667,1440,10,covid_window,False,False,adm_via_ae
m1_lightgbm_v3_raw+pooled,2020,1,0.8191438191438192,0.38143338143338146,2079,10,covid_window,False,False,att_all
m1_lightgbm_v3_raw+pooled,2020,1,0.7905048982667672,0.186887716654107,1327,10,covid_window,False,False,att_type1
m1_lightgbm_v3_raw+pooled,2020,2,0.7881087919038583,0.2624920936116382,1581,11,covid_window,False,False,adm_via_ae
m1_lightgbm_v3_raw+pooled,2020,2,0.7744624835454147,0.3479596314172883,2279,11,covid_window,False,False,att_all
m1_lightgbm_v3_raw+pooled,2020,2,0.7803706245710363,0.21139327385037748,1457,11,covid_window,False,False,att_type1
m1_lightgbm_v3_raw+pooled,2020,3,0.7523255813953489,0.25872093023255816,1720,12,covid_window,False,False,adm_via_ae
m1_lightgbm_v3_raw+pooled,2020,3,0.7254743641501816,0.373031893419459,2477,12,covid_window,False,False,att_all
m1_lightgbm_v3_raw+pooled,2020,3,0.7287066246056783,0.19242902208201892,1585,12,covid_window,False,False,att_type1
m1_lightgbm_v3_raw+pooled,2020,4,0.7733644859813084,0.2447429906542056,1712,12,covid_window,False,False,adm_via_ae
m1_lightgbm_v3_raw+pooled,2020,4,0.730784871899146,0.3716958113054087,2459,12,covid_window,False,False,att_all
m1_lightgbm_v3_raw+pooled,2020,4,0.725428027901078,0.1648700063411541,1577,12,covid_window,False,False,att_type1
m1_lightgbm_v3_raw+pooled,2020,5,0.8090216754540129,0.23315758640890452,1707,12,covid_window,False,False,adm_via_ae
m1_lightgbm_v3_raw+pooled,2020,5,0.7368205966489579,0.40662035145075603,2447,12,covid_window,False,False,att_all
m1_lightgbm_v3_raw+pooled,2020,5,0.739821882951654,0.17938931297709923,1572,12,covid_window,False,False,att_type1
m1_lightgbm_v3_raw+pooled,2020,6,0.8419506462984724,0.23207990599294948,1702,12,covid_window,False,False,adm_via_ae
m1_lightgbm_v3_raw+pooled,2020,6,0.7625102543068089,0.3560295324036095,2438,12,covid_window,False,False,att_all
m1_lightgbm_v3_raw+pooled,2020,6,0.7766432673899171,0.1652839821314614,1567,12,covid_window,False,False,att_type1
m1_lightgbm_v3_raw+pooled,2021,1,0.8349056603773585,0.3125,848,6,covid_window,False,False,adm_via_ae
m1_lightgbm_v3_raw+pooled,2021,1,0.9250203748981255,0.4058679706601467,1227,6,covid_window,False,True,att_all
m1_lightgbm_v3_raw+pooled,2021,1,0.8519480519480519,0.274025974025974,770,6,covid_window,False,False,att_type1
m1_lightgbm_v3_raw+pooled,2021,2,0.8875739644970414,0.16449704142011834,845,6,covid_window,False,True,adm_via_ae
m1_lightgbm_v3_raw+pooled,2021,2,0.9459901800327333,0.3363338788870704,1222,6,covid_window,False,False,att_all
m1_lightgbm_v3_raw+pooled,2021,2,0.7131681877444589,0.19556714471968709,767,6,covid_window,False,False,att_type1
m1_lightgbm_v3_raw+pooled,2021,3,0.9288256227758007,0.1423487544483986,843,6,covid_window,False,True,adm_via_ae
m1_lightgbm_v3_raw+pooled,2021,3,0.9474116680361545,0.24815119145439607,1217,6,covid_window,False,False,att_all
m1_lightgbm_v3_raw+pooled,2021,3,0.7594771241830065,0.0915032679738562,765,6,covid_window,False,False,att_type1
m1_lightgbm_v3_raw+pooled,2021,4,0.9310344827586207,0.17360285374554102,841,6,covid_window,False,False,adm_via_ae
m1_lightgbm_v3_raw+pooled,2021,4,0.9430222956234517,0.23781998348472336,1211,6,covid_window,False,False,att_all
m1_lightgbm_v3_raw+pooled,2021,4,0.8571428571428571,0.06815203145478375,763,6,covid_window,False,False,att_type1
m1_lightgbm_v3_raw+pooled,2021,5,0.9357142857142857,0.22023809523809523,840,6,covid_window,False,False,adm_via_ae
m1_lightgbm_v3_raw+pooled,2021,5,0.9436619718309859,0.22866611433305717,1207,6,covid_window,False,False,att_all
m1_lightgbm_v3_raw+pooled,2021,5,0.8674540682414699,0.04068241469816273,762,6,covid_window,False,False,att_type1
m1_lightgbm_v3_raw+pooled,2021,6,0.9368295589988082,0.2431466030989273,839,6,covid_window,False,False,adm_via_ae
m1_lightgbm_v3_raw+pooled,2021,6,0.9450915141430949,0.30282861896838603,1202,6,covid_window,False,False,att_all
m1_lightgbm_v3_raw+pooled,2021,6,0.8935611038107752,0.051248357424441525,761,6,covid_window,False,True,att_type1
m1_lightgbm_v3_raw+series,2019,4,0.2789115646258503,0.06802721088435375,147,1,covid_window,False,False,adm_via_ae
m1_lightgbm_v3_raw+series,2019,4,0.11682242990654206,0.018691588785046728,214,1,covid_window,False,False,att_all
m1_lightgbm_v3_raw+series,2019,4,0.10294117647058823,0.03676470588235294,136,1,covid_window,False,False,att_type1
m1_lightgbm_v3_raw+series,2019,5,0.21453287197231835,0.06920415224913495,289,2,covid_window,False,False,adm_via_ae
m1_lightgbm_v3_raw+series,2019,5,0.07142857142857142,0.02619047619047619,420,2,covid_window,False,False,att_all
m1_lightgbm_v3_raw+series,2019,5,0.07865168539325842,0.0449438202247191,267,2,covid_window,False,False,att_type1
m1_lightgbm_v3_raw+series,2019,6,0.23653395784543327,0.07962529274004684,427,3,covid_window,False,False,adm_via_ae
m1_lightgbm_v3_raw+series,2019,6,0.08225806451612903,0.02903225806451613,620,3,covid_window,False,False,att_all
m1_lightgbm_v3_raw+series,2019,6,0.07614213197969544,0.03807106598984772,394,3,covid_window,False,False,att_type1
m1_lightgbm_v3_raw+series,2020,1,0.8131944444444444,0.40694444444444444,1440,10,covid_window,False,False,adm_via_ae
m1_lightgbm_v3_raw+series,2020,1,0.8124098124098124,0.34583934583934584,2079,10,covid_window,False,False,att_all
m1_lightgbm_v3_raw+series,2020,1,0.774679728711379,0.26978146194423513,1327,10,covid_window,False,False,att_type1
m1_lightgbm_v3_raw+series,2020,2,0.7919038583175205,0.3396584440227704,1581,11,covid_window,False,False,adm_via_ae
m1_lightgbm_v3_raw+series,2020,2,0.7691970162351909,0.3203159280386134,2279,11,covid_window,False,False,att_all
m1_lightgbm_v3_raw+series,2020,2,0.75840768702814,0.2855181880576527,1457,11,covid_window,False,False,att_type1
m1_lightgbm_v3_raw+series,2020,3,0.766860465116279,0.3470930232558139,1720,12,covid_window,False,False,adm_via_ae
m1_lightgbm_v3_raw+series,2020,3,0.7274929350020186,0.3512313282196205,2477,12,covid_window,False,False,att_all
m1_lightgbm_v3_raw+series,2020,3,0.7287066246056783,0.25362776025236594,1585,12,covid_window,False,False,att_type1
m1_lightgbm_v3_raw+series,2020,4,0.7897196261682243,0.33352803738317754,1712,12,covid_window,False,False,adm_via_ae
m1_lightgbm_v3_raw+series,2020,4,0.7368849125660838,0.36030906872712487,2459,12,covid_window,False,False,att_all
m1_lightgbm_v3_raw+series,2020,4,0.7266962587190868,0.2289156626506024,1577,12,covid_window,False,False,att_type1
m1_lightgbm_v3_raw+series,2020,5,0.827768014059754,0.335676625659051,1707,12,covid_window,False,False,adm_via_ae
m1_lightgbm_v3_raw+series,2020,5,0.7441765427053535,0.3698406211687781,2447,12,covid_window,False,False,att_all
m1_lightgbm_v3_raw+series,2020,5,0.7391857506361323,0.23282442748091603,1572,12,covid_window,False,False,att_type1
m1_lightgbm_v3_raw+series,2020,6,0.8484136310223267,0.33607520564042304,1702,12,covid_window,False,False,adm_via_ae
m1_lightgbm_v3_raw+series,2020,6,0.7662018047579984,0.34618539786710417,2438,12,covid_window,False,False,att_all
m1_lightgbm_v3_raw+series,2020,6,0.7925973197192087,0.24250159540523292,1567,12,covid_window,False,False,att_type1
m1_lightgbm_v3_raw+series,2021,1,0.8584905660377359,0.4209905660377358,848,6,covid_window,False,False,adm_via_ae
m1_lightgbm_v3_raw+series,2021,1,0.8231458842705787,0.36756316218418905,1227,6,covid_window,False,False,att_all
m1_lightgbm_v3_raw+series,2021,1,0.8233766233766234,0.37012987012987014,770,6,covid_window,False,False,att_type1
m1_lightgbm_v3_raw+series,2021,2,0.8757396449704142,0.293491124260355,845,6,covid_window,False,True,adm_via_ae
m1_lightgbm_v3_raw+series,2021,2,0.8216039279869067,0.26432078559738137,1222,6,covid_window,False,False,att_all
m1_lightgbm_v3_raw+series,2021,2,0.6857887874837028,0.2542372881355932,767,6,covid_window,False,False,att_type1
m1_lightgbm_v3_raw+series,2021,3,0.9062870699881376,0.2479240806642942,843,6,covid_window,False,True,adm_via_ae
m1_lightgbm_v3_raw+series,2021,3,0.8455217748562038,0.15283483976992604,1217,6,covid_window,False,False,att_all
m1_lightgbm_v3_raw+series,2021,3,0.6862745098039216,0.14248366013071895,765,6,covid_window,False,False,att_type1
m1_lightgbm_v3_raw+series,2021,4,0.906064209274673,0.2699167657550535,841,6,covid_window,False,True,adm_via_ae
m1_lightgbm_v3_raw+series,2021,4,0.9281585466556564,0.11973575557390587,1211,6,covid_window,False,True,att_all
m1_lightgbm_v3_raw+series,2021,4,0.7719528178243774,0.0982961992136304,763,6,covid_window,False,False,att_type1
m1_lightgbm_v3_raw+series,2021,5,0.9166666666666666,0.3261904761904762,840,6,covid_window,False,True,adm_via_ae
m1_lightgbm_v3_raw+series,2021,5,0.9602319801159901,0.12096106048053024,1207,6,covid_window,False,False,att_all
m1_lightgbm_v3_raw+series,2021,5,0.7992125984251969,0.07742782152230972,762,6,covid_window,False,False,att_type1
m1_lightgbm_v3_raw+series,2021,6,0.930870083432658,0.36114421930870083,839,6,covid_window,False,False,adm_via_ae
m1_lightgbm_v3_raw+series,2021,6,0.9667221297836939,0.15307820299500832,1202,6,covid_window,False,False,att_all
m1_lightgbm_v3_raw+series,2021,6,0.8278580814717477,0.09986859395532194,761,6,covid_window,False,False,att_type1
