source,financial_year,period,valid_from,published,last_updated,org_code,org_name,icb_code,icb_name,region,region_label
2023-02/Trust-ICB-Attribution-File.xls,2022-23,2023-01,2022-07-01,2023-02-08,2022-06-26,8J094,Badger Ltd,QHL,NHS Birmingham And Solihull Integrated Care Board,LEGACY,Midlands and East of England Commissioning Region
2023-02/Trust-ICB-Attribution-File.xls,2022-23,2023-01,2022-07-01,2023-02-08,2022-06-26,AAH,Tetbury Hospital Trust Ltd,QR1,NHS Gloucestershire Integrated Care Board,LEGACY,South of England Commissioning Region
2023-02/Trust-ICB-Attribution-File.xls,2022-23,2023-01,2022-07-01,2023-02-08,2022-06-26,ACH01,Whitstable Medical Practice,QKS,NHS Kent And Medway Integrated Care Board,LEGACY,South of England Commissioning Region
2023-02/Trust-ICB-Attribution-File.xls,2022-23,2023-01,2022-07-01,2023-02-08,2022-06-26,AD913,Beckenham Beacon Ucc,QKK,NHS South East London Integrated Care Board,LONDON,London Commissioning Region
2023-02/Trust-ICB-Attribution-File.xls,2022-23,2023-01,2022-07-01,2023-02-08,2022-06-26,AJN,Workington Health Limited,QHM,NHS North East And North Cumbria Integrated Care Board,LEGACY,North of England Commissioning Region
2023-02/Trust-ICB-Attribution-File.xls,2022-23,2023-01,2022-07-01,2023-02-08,2022-06-26,AQN04,Phl Lymington Utc,QRL,NHS Hampshire And Isle Of Wight Integrated Care Board,LEGACY,South of England Commissioning Region
2023-02/Trust-ICB-Attribution-File.xls,2022-23,2023-01,2022-07-01,2023-02-08,2022-06-26,ARN03,Local Care Direct,QWO,NHS West Yorkshire Integrated Care Board,LEGACY,North of England Commissioning Region
2023-02/Trust-ICB-Attribution-File.xls,2022-23,2023-01,2022-07-01,2023-02-08,2022-06-26,AXG,Wiltshire Health & Care,QOX,"NHS Bath And North East Somerset, Swindon And Wiltshire Integrated Care Board",LEGACY,South of England Commissioning Region
2023-02/Trust-ICB-Attribution-File.xls,2022-23,2023-01,2022-07-01,2023-02-08,2022-06-26,C82009,Market Harborough Med.Ctr,QK1,"NHS Leicester, Leicestershire And Rutland Integrated Care Board",LEGACY,Midlands and East of England Commissioning Region
2023-02/Trust-ICB-Attribution-File.xls,2022-23,2023-01,2022-07-01,2023-02-08,2022-06-26,C82010,Oakham Medical Practice,QK1,"NHS Leicester, Leicestershire And Rutland Integrated Care Board",LEGACY,Midlands and East of England Commissioning Region
2023-02/Trust-ICB-Attribution-File.xls,2022-23,2023-01,2022-07-01,2023-02-08,2022-06-26,C82038,Latham House Medical Practice,QK1,"NHS Leicester, Leicestershire And Rutland Integrated Care Board",LEGACY,Midlands and East of England Commissioning Region
2023-02/Trust-ICB-Attribution-File.xls,2022-23,2023-01,2022-07-01,2023-02-08,2022-06-26,C83023,Sleaford Medical Group,QJM,NHS Lincolnshire Integrated Care Board,LEGACY,Midlands and East of England Commissioning Region
2023-02/Trust-ICB-Attribution-File.xls,2022-23,2023-01,2022-07-01,2023-02-08,2022-06-26,DD401,Exmouth Minor Injury Unit,QJK,NHS Devon Integrated Care Board,LEGACY,South of England Commissioning Region
2023-02/Trust-ICB-Attribution-File.xls,2022-23,2023-01,2022-07-01,2023-02-08,2022-06-26,DT301,Herts Urgent Care (Ascots Lane),QM7,NHS Hertfordshire And West Essex Integrated Care Board,EAST OF ENGLAND,East of England Commissioning Region
2023-02/Trust-ICB-Attribution-File.xls,2022-23,2023-01,2022-07-01,2023-02-08,2022-06-26,L83087,Okehampton Medical Centre,QJK,NHS Devon Integrated Care Board,LEGACY,South of England Commissioning Region
2023-02/Trust-ICB-Attribution-File.xls,2022-23,2023-01,2022-07-01,2023-02-08,2022-06-26,NDA57,Haslemere Minor Injuries Unit,QXU,NHS Surrey Heartlands Integrated Care Board,LEGACY,South of England Commissioning Region
2023-02/Trust-ICB-Attribution-File.xls,2022-23,2023-01,2022-07-01,2023-02-08,2022-06-26,NDJ,First Community Health And Care Cic,QNX,NHS Sussex Integrated Care Board,LEGACY,South of England Commissioning Region
2023-02/Trust-ICB-Attribution-File.xls,2022-23,2023-01,2022-07-01,2023-02-08,2022-06-26,NL7,Assura Vertis Urgent Care Centres (Birmingham),QHL,NHS Birmingham And Solihull Integrated Care Board,LEGACY,Midlands and East of England Commissioning Region
2023-02/Trust-ICB-Attribution-File.xls,2022-23,2023-01,2022-07-01,2023-02-08,2022-06-26,NLX,Sirona Care & Health,QUY,"NHS Bristol, North Somerset And South Gloucestershire Integrated Care Board",LEGACY,South of England Commissioning Region
2023-02/Trust-ICB-Attribution-File.xls,2022-23,2023-01,2022-07-01,2023-02-08,2022-06-26,NNF09,Bransholme Health Centre,QOQ,NHS Humber And North Yorkshire Integrated Care Board,LEGACY,North of England Commissioning Region
2023-02/Trust-ICB-Attribution-File.xls,2022-23,2023-01,2022-07-01,2023-02-08,2022-06-26,NNF76,The Wilberforce Health Centre,QOQ,NHS Humber And North Yorkshire Integrated Care Board,LEGACY,North of England Commissioning Region
2023-02/Trust-ICB-Attribution-File.xls,2022-23,2023-01,2022-07-01,2023-02-08,2022-06-26,NNF94,East Riding Community Hospital,QOQ,NHS Humber And North Yorkshire Integrated Care Board,LEGACY,North of England Commissioning Region
2023-02/Trust-ICB-Attribution-File.xls,2022-23,2023-01,2022-07-01,2023-02-08,2022-06-26,NNFA7,Goole & District Hospital,QOQ,NHS Humber And North Yorkshire Integrated Care Board,LEGACY,North of England Commissioning Region
2023-02/Trust-ICB-Attribution-File.xls,2022-23,2023-01,2022-07-01,2023-02-08,2022-06-26,NNJ,Dhu Health Care C.I.C,QJ2,NHS Derby And Derbyshire Integrated Care Board,LEGACY,Midlands and East of England Commissioning Region
2023-02/Trust-ICB-Attribution-File.xls,2022-23,2023-01,2022-07-01,2023-02-08,2022-06-26,NNJ07,Loughborough Urgent Care Centre,QK1,"NHS Leicester, Leicestershire And Rutland Integrated Care Board",LEGACY,Midlands and East of England Commissioning Region
2023-02/Trust-ICB-Attribution-File.xls,2022-23,2023-01,2022-07-01,2023-02-08,2022-06-26,NNJ0H,Llr Ea - The Merlyn Vaz Health & Social Care Centre,QK1,"NHS Leicester, Leicestershire And Rutland Integrated Care Board",LEGACY,Midlands and East of England Commissioning Region
2023-02/Trust-ICB-Attribution-File.xls,2022-23,2023-01,2022-07-01,2023-02-08,2022-06-26,NNJ12,Market Harborough,QK1,"NHS Leicester, Leicestershire And Rutland Integrated Care Board",LEGACY,Midlands and East of England Commissioning Region
2023-02/Trust-ICB-Attribution-File.xls,2022-23,2023-01,2022-07-01,2023-02-08,2022-06-26,NNJ13,Melton Mowbray,QK1,"NHS Leicester, Leicestershire And Rutland Integrated Care Board",LEGACY,Midlands and East of England Commissioning Region
2023-02/Trust-ICB-Attribution-File.xls,2022-23,2023-01,2022-07-01,2023-02-08,2022-06-26,NNJ14,Oadby,QK1,"NHS Leicester, Leicestershire And Rutland Integrated Care Board",LEGACY,Midlands and East of England Commissioning Region
2023-02/Trust-ICB-Attribution-File.xls,2022-23,2023-01,2022-07-01,2023-02-08,2022-06-26,NNJ15,Oakham,QK1,"NHS Leicester, Leicestershire And Rutland Integrated Care Board",LEGACY,Midlands and East of England Commissioning Region
2023-02/Trust-ICB-Attribution-File.xls,2022-23,2023-01,2022-07-01,2023-02-08,2022-06-26,NQT10,Assura Reading Llp,QU9,"NHS Buckinghamshire, Oxfordshire And Berkshire West Integrated Care Board",LEGACY,South of England Commissioning Region
2023-02/Trust-ICB-Attribution-File.xls,2022-23,2023-01,2022-07-01,2023-02-08,2022-06-26,NQT51,Station Plaza Health Centre,QNX,NHS Sussex Integrated Care Board,LEGACY,South of England Commissioning Region
2023-02/Trust-ICB-Attribution-File.xls,2022-23,2023-01,2022-07-01,2023-02-08,2022-06-26,NQT5F,Skelmersdale Walk In Centre,QE1,NHS Lancashire And South Cumbria Integrated Care Board,LEGACY,North of England Commissioning Region
2023-02/Trust-ICB-Attribution-File.xls,2022-23,2023-01,2022-07-01,2023-02-08,2022-06-26,NQT5H,Paulton Memorial Hospital,QOX,"NHS Bath And North East Somerset, Swindon And Wiltshire Integrated Care Board",LEGACY,South of England Commissioning Region
2023-02/Trust-ICB-Attribution-File.xls,2022-23,2023-01,2022-07-01,2023-02-08,2022-06-26,NQTE4,Summerfield Urgent Care Centre,QUA,NHS Black Country Integrated Care Board,LEGACY,Midlands and East of England Commissioning Region
2023-02/Trust-ICB-Attribution-File.xls,2022-23,2023-01,2022-07-01,2023-02-08,2022-06-26,NR3,Nottingham Citycare Partnership,QT1,NHS Nottingham And Nottinghamshire Integrated Care Board,LEGACY,Midlands and East of England Commissioning Region
2023-02/Trust-ICB-Attribution-File.xls,2022-23,2023-01,2022-07-01,2023-02-08,2022-06-26,NTP11,Practice Plus Group Hospital - Southampton,QRL,NHS Hampshire And Isle Of Wight Integrated Care Board,LEGACY,South of England Commissioning Region
2023-02/Trust-ICB-Attribution-File.xls,2022-23,2023-01,2022-07-01,2023-02-08,2022-06-26,NTPAD,Practice Plus Group Surgical Centre - St Marys Portsmouth,QRL,NHS Hampshire And Isle Of Wight Integrated Care Board,LEGACY,South of England Commissioning Region
2023-02/Trust-ICB-Attribution-File.xls,2022-23,2023-01,2022-07-01,2023-02-08,2022-06-26,NTV0B,Ashford Walk-In-Centre,QXU,NHS Surrey Heartlands Integrated Care Board,LEGACY,South of England Commissioning Region
2023-02/Trust-ICB-Attribution-File.xls,2022-23,2023-01,2022-07-01,2023-02-08,2022-06-26,NTV0W,Woking Walk In Centre,QXU,NHS Surrey Heartlands Integrated Care Board,LEGACY,South of England Commissioning Region
2023-02/Trust-ICB-Attribution-File.xls,2022-23,2023-01,2022-07-01,2023-02-08,2022-06-26,NV693,Rossendale Miu & Ooh,QE1,NHS Lancashire And South Cumbria Integrated Care Board,LEGACY,North of England Commissioning Region
2023-02/Trust-ICB-Attribution-File.xls,2022-23,2023-01,2022-07-01,2023-02-08,2022-06-26,R0A,Manchester University NHS Foundation Trust,QOP,NHS Greater Manchester Integrated Care Board,LEGACY,North of England Commissioning Region
2023-02/Trust-ICB-Attribution-File.xls,2022-23,2023-01,2022-07-01,2023-02-08,2022-06-26,R0B,South Tyneside And Sunderland NHS Foundation Trust,QHM,NHS North East And North Cumbria Integrated Care Board,LEGACY,North of England Commissioning Region
2023-02/Trust-ICB-Attribution-File.xls,2022-23,2023-01,2022-07-01,2023-02-08,2022-06-26,R0D,University Hospitals Dorset NHS Foundation Trust,QVV,NHS Dorset Integrated Care Board,LEGACY,South of England Commissioning Region
2023-02/Trust-ICB-Attribution-File.xls,2022-23,2023-01,2022-07-01,2023-02-08,2022-06-26,R1D,Shropshire Community Health NHS Trust,QOC,"NHS Shropshire, Telford And Wrekin Integrated Care Board",LEGACY,Midlands and East of England Commissioning Region
2023-02/Trust-ICB-Attribution-File.xls,2022-23,2023-01,2022-07-01,2023-02-08,2022-06-26,R1F,Isle Of Wight NHS Trust,QRL,NHS Hampshire And Isle Of Wight Integrated Care Board,LEGACY,South of England Commissioning Region
2023-02/Trust-ICB-Attribution-File.xls,2022-23,2023-01,2022-07-01,2023-02-08,2022-06-26,R1H,Barts Health NHS Trust,QMF,NHS North East London Integrated Care Board,LONDON,London Commissioning Region
2023-02/Trust-ICB-Attribution-File.xls,2022-23,2023-01,2022-07-01,2023-02-08,2022-06-26,R1K,London North West University Healthcare NHS Trust,QRV,NHS North West London Integrated Care Board,LONDON,London Commissioning Region
2023-02/Trust-ICB-Attribution-File.xls,2022-23,2023-01,2022-07-01,2023-02-08,2022-06-26,RA2,Royal Surrey County Hospital NHS Foundation Trust,QXU,NHS Surrey Heartlands Integrated Care Board,LEGACY,South of England Commissioning Region
2023-02/Trust-ICB-Attribution-File.xls,2022-23,2023-01,2022-07-01,2023-02-08,2022-06-26,RA4,Yeovil District Hospital NHS Foundation Trust,QSL,NHS Somerset Integrated Care Board,LEGACY,South of England Commissioning Region
2023-02/Trust-ICB-Attribution-File.xls,2022-23,2023-01,2022-07-01,2023-02-08,2022-06-26,RA7,University Hospitals Bristol And Weston NHS Foundation Trust,QUY,"NHS Bristol, North Somerset And South Gloucestershire Integrated Care Board",LEGACY,South of England Commissioning Region
2023-02/Trust-ICB-Attribution-File.xls,2022-23,2023-01,2022-07-01,2023-02-08,2022-06-26,RA9,Torbay And South Devon NHS Foundation Trust,QJK,NHS Devon Integrated Care Board,LEGACY,South of England Commissioning Region
2023-02/Trust-ICB-Attribution-File.xls,2022-23,2023-01,2022-07-01,2023-02-08,2022-06-26,RAE,Bradford Teaching Hospitals NHS Foundation Trust,QWO,NHS West Yorkshire Integrated Care Board,LEGACY,North of England Commissioning Region
2023-02/Trust-ICB-Attribution-File.xls,2022-23,2023-01,2022-07-01,2023-02-08,2022-06-26,RAJ,Mid And South Essex NHS Foundation Trust,QH8,NHS Mid And South Essex Integrated Care Board,EAST OF ENGLAND,East of England Commissioning Region
2023-02/Trust-ICB-Attribution-File.xls,2022-23,2023-01,2022-07-01,2023-02-08,2022-06-26,RAL,Royal Free London NHS Foundation Trust,QMJ,NHS North Central London Integrated Care Board,LONDON,London Commissioning Region
2023-02/Trust-ICB-Attribution-File.xls,2022-23,2023-01,2022-07-01,2023-02-08,2022-06-26,RAN,Royal National Orthopaedic Hospital NHS Trust,QMJ,NHS North Central London Integrated Care Board,LONDON,London Commissioning Region
2023-02/Trust-ICB-Attribution-File.xls,2022-23,2023-01,2022-07-01,2023-02-08,2022-06-26,RAP,North Middlesex University Hospital NHS Trust,QMJ,NHS North Central London Integrated Care Board,LONDON,London Commissioning Region
2023-02/Trust-ICB-Attribution-File.xls,2022-23,2023-01,2022-07-01,2023-02-08,2022-06-26,RAS,The Hillingdon Hospitals NHS Foundation Trust,QRV,NHS North West London Integrated Care Board,LONDON,London Commissioning Region
2023-02/Trust-ICB-Attribution-File.xls,2022-23,2023-01,2022-07-01,2023-02-08,2022-06-26,RAT,North East London NHS Foundation Trust,QMF,NHS North East London Integrated Care Board,LONDON,London Commissioning Region
2023-02/Trust-ICB-Attribution-File.xls,2022-23,2023-01,2022-07-01,2023-02-08,2022-06-26,RAX,Kingston Hospital NHS Foundation Trust,QWE,NHS South West London Integrated Care Board,LONDON,London Commissioning Region
2023-02/Trust-ICB-Attribution-File.xls,2022-23,2023-01,2022-07-01,2023-02-08,2022-06-26,RBD,Dorset County Hospital NHS Foundation Trust,QVV,NHS Dorset Integrated Care Board,LEGACY,South of England Commissioning Region
2023-02/Trust-ICB-Attribution-File.xls,2022-23,2023-01,2022-07-01,2023-02-08,2022-06-26,RBK,Walsall Healthcare NHS Trust,QUA,NHS Black Country Integrated Care Board,LEGACY,Midlands and East of England Commissioning Region
2023-02/Trust-ICB-Attribution-File.xls,2022-23,2023-01,2022-07-01,2023-02-08,2022-06-26,RBL,Wirral University Teaching Hospital NHS Foundation Trust,QYG,NHS Cheshire And Merseyside Integrated Care Board,LEGACY,North of England Commissioning Region
2023-02/Trust-ICB-Attribution-File.xls,2022-23,2023-01,2022-07-01,2023-02-08,2022-06-26,RBN,St Helens And Knowsley Teaching Hospitals NHS Trust,QYG,NHS Cheshire And Merseyside Integrated Care Board,LEGACY,North of England Commissioning Region
2023-02/Trust-ICB-Attribution-File.xls,2022-23,2023-01,2022-07-01,2023-02-08,2022-06-26,RBQ,Liverpool Heart And Chest Hospital NHS Foundation Trust,QYG,NHS Cheshire And Merseyside Integrated Care Board,LEGACY,North of England Commissioning Region
2023-02/Trust-ICB-Attribution-File.xls,2022-23,2023-01,2022-07-01,2023-02-08,2022-06-26,RBS,Alder Hey Children's NHS Foundation Trust,QYG,NHS Cheshire And Merseyside Integrated Care Board,LEGACY,North of England Commissioning Region
2023-02/Trust-ICB-Attribution-File.xls,2022-23,2023-01,2022-07-01,2023-02-08,2022-06-26,RBT,Mid Cheshire Hospitals NHS Foundation Trust,QYG,NHS Cheshire And Merseyside Integrated Care Board,LEGACY,North of England Commissioning Region
2023-02/Trust-ICB-Attribution-File.xls,2022-23,2023-01,2022-07-01,2023-02-08,2022-06-26,RBV,The Christie NHS Foundation Trust,QOP,NHS Greater Manchester Integrated Care Board,LEGACY,North of England Commissioning Region
2023-02/Trust-ICB-Attribution-File.xls,2022-23,2023-01,2022-07-01,2023-02-08,2022-06-26,RC9,Bedfordshire Hospitals NHS Foundation Trust,QHG,"NHS Bedfordshire, Luton And Milton Keynes Integrated Care Board",EAST OF ENGLAND,East of England Commissioning Region
2023-02/Trust-ICB-Attribution-File.xls,2022-23,2023-01,2022-07-01,2023-02-08,2022-06-26,RCB,York And Scarborough Teaching Hospitals NHS Foundation Trust,QOQ,NHS Humber And North Yorkshire Integrated Care Board,LEGACY,North of England Commissioning Region
2023-02/Trust-ICB-Attribution-File.xls,2022-23,2023-01,2022-07-01,2023-02-08,2022-06-26,RCD,Harrogate And District NHS Foundation Trust,QOQ,NHS Humber And North Yorkshire Integrated Care Board,LEGACY,North of England Commissioning Region
2023-02/Trust-ICB-Attribution-File.xls,2022-23,2023-01,2022-07-01,2023-02-08,2022-06-26,RCF,Airedale NHS Foundation Trust,QWO,NHS West Yorkshire Integrated Care Board,LEGACY,North of England Commissioning Region
2023-02/Trust-ICB-Attribution-File.xls,2022-23,2023-01,2022-07-01,2023-02-08,2022-06-26,RCU,Sheffield Children's NHS Foundation Trust,QF7,NHS South Yorkshire Integrated Care Board,LEGACY,North of England Commissioning Region
2023-02/Trust-ICB-Attribution-File.xls,2022-23,2023-01,2022-07-01,2023-02-08,2022-06-26,RCX,"The Queen Elizabeth Hospital, King's Lynn, NHS Foundation Trust",QMM,NHS Norfolk And Waveney Integrated Care Board,EAST OF ENGLAND,East of England Commissioning Region
2023-02/Trust-ICB-Attribution-File.xls,2022-23,2023-01,2022-07-01,2023-02-08,2022-06-26,RD1,Royal United Hospitals Bath NHS Foundation Trust,QOX,"NHS Bath And North East Somerset, Swindon And Wiltshire Integrated Care Board",LEGACY,South of England Commissioning Region
2023-02/Trust-ICB-Attribution-File.xls,2022-23,2023-01,2022-07-01,2023-02-08,2022-06-26,RD8,Milton Keynes University Hospital NHS Foundation Trust,QHG,"NHS Bedfordshire, Luton And Milton Keynes Integrated Care Board",EAST OF ENGLAND,East of England Commissioning Region
2023-02/Trust-ICB-Attribution-File.xls,2022-23,2023-01,2022-07-01,2023-02-08,2022-06-26,RDE,East Suffolk And North Essex NHS Foundation Trust,QJG,NHS Suffolk And North East Essex Integrated Care Board,EAST OF ENGLAND,East of England Commissioning Region
2023-02/Trust-ICB-Attribution-File.xls,2022-23,2023-01,2022-07-01,2023-02-08,2022-06-26,RDR,Sussex Community NHS Foundation Trust,QNX,NHS Sussex Integrated Care Board,LEGACY,South of England Commissioning Region
2023-02/Trust-ICB-Attribution-File.xls,2022-23,2023-01,2022-07-01,2023-02-08,2022-06-26,RDU,Frimley Health NHS Foundation Trust,QNQ,NHS Frimley Integrated Care Board,LEGACY,South of England Commissioning Region
2023-02/Trust-ICB-Attribution-File.xls,2022-23,2023-01,2022-07-01,2023-02-08,2022-06-26,RDY,Dorset Healthcare University NHS Foundation Trust,QVV,NHS Dorset Integrated Care Board,LEGACY,South of England Commissioning Region
2023-02/Trust-ICB-Attribution-File.xls,2022-23,2023-01,2022-07-01,2023-02-08,2022-06-26,REF,Royal Cornwall Hospitals NHS Trust,QT6,NHS Cornwall And The Isles Of Scilly Integrated Care Board,LEGACY,South of England Commissioning Region
2023-02/Trust-ICB-Attribution-File.xls,2022-23,2023-01,2022-07-01,2023-02-08,2022-06-26,REM,Liverpool University Hospitals NHS Foundation Trust,QYG,NHS Cheshire And Merseyside Integrated Care Board,LEGACY,North of England Commissioning Region
2023-02/Trust-ICB-Attribution-File.xls,2022-23,2023-01,2022-07-01,2023-02-08,2022-06-26,REP,Liverpool Women's NHS Foundation Trust,QYG,NHS Cheshire And Merseyside Integrated Care Board,LEGACY,North of England Commissioning Region
2023-02/Trust-ICB-Attribution-File.xls,2022-23,2023-01,2022-07-01,2023-02-08,2022-06-26,RET,The Walton Centre NHS Foundation Trust,QYG,NHS Cheshire And Merseyside Integrated Care Board,LEGACY,North of England Commissioning Region
2023-02/Trust-ICB-Attribution-File.xls,2022-23,2023-01,2022-07-01,2023-02-08,2022-06-26,RF4,"Barking, Havering And Redbridge University Hospitals NHS Trust",QMF,NHS North East London Integrated Care Board,LONDON,London Commissioning Region
2023-02/Trust-ICB-Attribution-File.xls,2022-23,2023-01,2022-07-01,2023-02-08,2022-06-26,RFF,Barnsley Hospital NHS Foundation Trust,QF7,NHS South Yorkshire Integrated Care Board,LEGACY,North of England Commissioning Region
2023-02/Trust-ICB-Attribution-File.xls,2022-23,2023-01,2022-07-01,2023-02-08,2022-06-26,RFR,The Rotherham NHS Foundation Trust,QF7,NHS South Yorkshire Integrated Care Board,LEGACY,North of England Commissioning Region
2023-02/Trust-ICB-Attribution-File.xls,2022-23,2023-01,2022-07-01,2023-02-08,2022-06-26,RFS,Chesterfield Royal Hospital NHS Foundation Trust,QJ2,NHS Derby And Derbyshire Integrated Care Board,LEGACY,Midlands and East of England Commissioning Region
2023-02/Trust-ICB-Attribution-File.xls,2022-23,2023-01,2022-07-01,2023-02-08,2022-06-26,RGN,North West Anglia NHS Foundation Trust,QUE,NHS Cambridgeshire And Peterborough Integrated Care Board,EAST OF ENGLAND,East of England Commissioning Region
2023-02/Trust-ICB-Attribution-File.xls,2022-23,2023-01,2022-07-01,2023-02-08,2022-06-26,RGP,James Paget University Hospitals NHS Foundation Trust,QMM,NHS Norfolk And Waveney Integrated Care Board,EAST OF ENGLAND,East of England Commissioning Region
2023-02/Trust-ICB-Attribution-File.xls,2022-23,2023-01,2022-07-01,2023-02-08,2022-06-26,RGR,West Suffolk NHS Foundation Trust,QJG,NHS Suffolk And North East Essex Integrated Care Board,EAST OF ENGLAND,East of England Commissioning Region
2023-02/Trust-ICB-Attribution-File.xls,2022-23,2023-01,2022-07-01,2023-02-08,2022-06-26,RGT,Cambridge University Hospitals NHS Foundation Trust,QUE,NHS Cambridgeshire And Peterborough Integrated Care Board,EAST OF ENGLAND,East of England Commissioning Region
2023-02/Trust-ICB-Attribution-File.xls,2022-23,2023-01,2022-07-01,2023-02-08,2022-06-26,RH5,Somerset NHS Foundation Trust,QSL,NHS Somerset Integrated Care Board,LEGACY,South of England Commissioning Region
2023-02/Trust-ICB-Attribution-File.xls,2022-23,2023-01,2022-07-01,2023-02-08,2022-06-26,RH8,Royal Devon University Healthcare NHS Foundation Trust,QJK,NHS Devon Integrated Care Board,LEGACY,South of England Commissioning Region
2023-02/Trust-ICB-Attribution-File.xls,2022-23,2023-01,2022-07-01,2023-02-08,2022-06-26,RHM,University Hospital Southampton NHS Foundation Trust,QRL,NHS Hampshire And Isle Of Wight Integrated Care Board,LEGACY,South of England Commissioning Region
2023-02/Trust-ICB-Attribution-File.xls,2022-23,2023-01,2022-07-01,2023-02-08,2022-06-26,RHQ,Sheffield Teaching Hospitals NHS Foundation Trust,QF7,NHS South Yorkshire Integrated Care Board,LEGACY,North of England Commissioning Region
2023-02/Trust-ICB-Attribution-File.xls,2022-23,2023-01,2022-07-01,2023-02-08,2022-06-26,RHU,Portsmouth Hospitals University National Health Service Trust,QRL,NHS Hampshire And Isle Of Wight Integrated Care Board,LEGACY,South of England Commissioning Region
2023-02/Trust-ICB-Attribution-File.xls,2022-23,2023-01,2022-07-01,2023-02-08,2022-06-26,RHW,Royal Berkshire NHS Foundation Trust,QU9,"NHS Buckinghamshire, Oxfordshire And Berkshire West Integrated Care Board",LEGACY,South of England Commissioning Region
2023-02/Trust-ICB-Attribution-File.xls,2022-23,2023-01,2022-07-01,2023-02-08,2022-06-26,RJ1,Guy's And St Thomas' NHS Foundation Trust,QKK,NHS South East London Integrated Care Board,LONDON,London Commissioning Region
2023-02/Trust-ICB-Attribution-File.xls,2022-23,2023-01,2022-07-01,2023-02-08,2022-06-26,RJ2,Lewisham And Greenwich NHS Trust,QKK,NHS South East London Integrated Care Board,LONDON,London Commissioning Region
2023-02/Trust-ICB-Attribution-File.xls,2022-23,2023-01,2022-07-01,2023-02-08,2022-06-26,RJ6,Croydon Health Services NHS Trust,QWE,NHS South West London Integrated Care Board,LONDON,London Commissioning Region
2023-02/Trust-ICB-Attribution-File.xls,2022-23,2023-01,2022-07-01,2023-02-08,2022-06-26,RJ7,St George's University Hospitals NHS Foundation Trust,QWE,NHS South West London Integrated Care Board,LONDON,London Commissioning Region
2023-02/Trust-ICB-Attribution-File.xls,2022-23,2023-01,2022-07-01,2023-02-08,2022-06-26,RJ8,Cornwall Partnership NHS Foundation Trust,QT6,NHS Cornwall And The Isles Of Scilly Integrated Care Board,LEGACY,South of England Commissioning Region
2023-02/Trust-ICB-Attribution-File.xls,2022-23,2023-01,2022-07-01,2023-02-08,2022-06-26,RJC,South Warwickshire University NHS Foundation Trust,QWU,NHS Coventry And Warwickshire Integrated Care Board,LEGACY,Midlands and East of England Commissioning Region
2023-02/Trust-ICB-Attribution-File.xls,2022-23,2023-01,2022-07-01,2023-02-08,2022-06-26,RJE,University Hospitals Of North Midlands NHS Trust,QNC,NHS Staffordshire And Stoke-On-Trent Integrated Care Board,LEGACY,Midlands and East of England Commissioning Region
2023-02/Trust-ICB-Attribution-File.xls,2022-23,2023-01,2022-07-01,2023-02-08,2022-06-26,RJL,Northern Lincolnshire And Goole NHS Foundation Trust,QOQ,NHS Humber And North Yorkshire Integrated Care Board,LEGACY,North of England Commissioning Region
2023-02/Trust-ICB-Attribution-File.xls,2022-23,2023-01,2022-07-01,2023-02-08,2022-06-26,RJN,East Cheshire NHS Trust,QYG,NHS Cheshire And Merseyside Integrated Care Board,LEGACY,North of England Commissioning Region
2023-02/Trust-ICB-Attribution-File.xls,2022-23,2023-01,2022-07-01,2023-02-08,2022-06-26,RJR,Countess Of Chester Hospital NHS Foundation Trust,QYG,NHS Cheshire And Merseyside Integrated Care Board,LEGACY,North of England Commissioning Region
2023-02/Trust-ICB-Attribution-File.xls,2022-23,2023-01,2022-07-01,2023-02-08,2022-06-26,RJZ,King's College Hospital NHS Foundation Trust,QKK,NHS South East London Integrated Care Board,LONDON,London Commissioning Region
2023-02/Trust-ICB-Attribution-File.xls,2022-23,2023-01,2022-07-01,2023-02-08,2022-06-26,RK5,Sherwood Forest Hospitals NHS Foundation Trust,QT1,NHS Nottingham And Nottinghamshire Integrated Care Board,LEGACY,Midlands and East of England Commissioning Region
2023-02/Trust-ICB-Attribution-File.xls,2022-23,2023-01,2022-07-01,2023-02-08,2022-06-26,RK9,University Hospitals Plymouth NHS Trust,QJK,NHS Devon Integrated Care Board,LEGACY,South of England Commissioning Region
2023-02/Trust-ICB-Attribution-File.xls,2022-23,2023-01,2022-07-01,2023-02-08,2022-06-26,RKB,University Hospitals Coventry And Warwickshire NHS Trust,QWU,NHS Coventry And Warwickshire Integrated Care Board,LEGACY,Midlands and East of England Commissioning Region
2023-02/Trust-ICB-Attribution-File.xls,2022-23,2023-01,2022-07-01,2023-02-08,2022-06-26,RKE,Whittington Health NHS Trust,QMJ,NHS North Central London Integrated Care Board,LONDON,London Commissioning Region
2023-02/Trust-ICB-Attribution-File.xls,2022-23,2023-01,2022-07-01,2023-02-08,2022-06-26,RL1,The Robert Jones And Agnes Hunt Orthopaedic Hospital NHS Foundation Trust,QOC,"NHS Shropshire, Telford And Wrekin Integrated Care Board",LEGACY,Midlands and East of England Commissioning Region
2023-02/Trust-ICB-Attribution-File.xls,2022-23,2023-01,2022-07-01,2023-02-08,2022-06-26,RL4,The Royal Wolverhampton NHS Trust,QUA,NHS Black Country Integrated Care Board,LEGACY,Midlands and East of England Commissioning Region
2023-02/Trust-ICB-Attribution-File.xls,2022-23,2023-01,2022-07-01,2023-02-08,2022-06-26,RLQ,Wye Valley NHS Trust,QGH,NHS Herefordshire And Worcestershire Integrated Care Board,LEGACY,Midlands and East of England Commissioning Region
2023-02/Trust-ICB-Attribution-File.xls,2022-23,2023-01,2022-07-01,2023-02-08,2022-06-26,RLT,George Eliot Hospital NHS Trust,QWU,NHS Coventry And Warwickshire Integrated Care Board,LEGACY,Midlands and East of England Commissioning Region
2023-02/Trust-ICB-Attribution-File.xls,2022-23,2023-01,2022-07-01,2023-02-08,2022-06-26,RM1,Norfolk And Norwich University Hospitals NHS Foundation Trust,QMM,NHS Norfolk And Waveney Integrated Care Board,EAST OF ENGLAND,East of England Commissioning Region
2023-02/Trust-ICB-Attribution-File.xls,2022-23,2023-01,2022-07-01,2023-02-08,2022-06-26,RM3,Northern Care Alliance NHS Foundation Trust,QOP,NHS Greater Manchester Integrated Care Board,LEGACY,North of England Commissioning Region
2023-02/Trust-ICB-Attribution-File.xls,2022-23,2023-01,2022-07-01,2023-02-08,2022-06-26,RMC,Bolton NHS Foundation Trust,QOP,NHS Greater Manchester Integrated Care Board,LEGACY,North of England Commissioning Region
2023-02/Trust-ICB-Attribution-File.xls,2022-23,2023-01,2022-07-01,2023-02-08,2022-06-26,RMP,Tameside And Glossop Integrated Care NHS Foundation Trust,QOP,NHS Greater Manchester Integrated Care Board,LEGACY,North of England Commissioning Region
2023-02/Trust-ICB-Attribution-File.xls,2022-23,2023-01,2022-07-01,2023-02-08,2022-06-26,RN3,Great Western Hospitals NHS Foundation Trust,QOX,"NHS Bath And North East Somerset, Swindon And Wiltshire Integrated Care Board",LEGACY,South of England Commissioning Region
2023-02/Trust-ICB-Attribution-File.xls,2022-23,2023-01,2022-07-01,2023-02-08,2022-06-26,RN5,Hampshire Hospitals NHS Foundation Trust,QRL,NHS Hampshire And Isle Of Wight Integrated Care Board,LEGACY,South of England Commissioning Region
2023-02/Trust-ICB-Attribution-File.xls,2022-23,2023-01,2022-07-01,2023-02-08,2022-06-26,RN7,Dartford And Gravesham NHS Trust,QKS,NHS Kent And Medway Integrated Care Board,LEGACY,South of England Commissioning Region
2023-02/Trust-ICB-Attribution-File.xls,2022-23,2023-01,2022-07-01,2023-02-08,2022-06-26,RNA,The Dudley Group NHS Foundation Trust,QUA,NHS Black Country Integrated Care Board,LEGACY,Midlands and East of England Commissioning Region
2023-02/Trust-ICB-Attribution-File.xls,2022-23,2023-01,2022-07-01,2023-02-08,2022-06-26,RNN,North Cumbria Integrated Care NHS Foundation Trust,QHM,NHS North East And North Cumbria Integrated Care Board,LEGACY,North of England Commissioning Region
2023-02/Trust-ICB-Attribution-File.xls,2022-23,2023-01,2022-07-01,2023-02-08,2022-06-26,RNQ,Kettering General Hospital NHS Foundation Trust,QPM,NHS Northamptonshire Integrated Care Board,LEGACY,Midlands and East of England Commissioning Region
2023-02/Trust-ICB-Attribution-File.xls,2022-23,2023-01,2022-07-01,2023-02-08,2022-06-26,RNS,Northampton General Hospital NHS Trust,QPM,NHS Northamptonshire Integrated Care Board,LEGACY,Midlands and East of England Commissioning Region
2023-02/Trust-ICB-Attribution-File.xls,2022-23,2023-01,2022-07-01,2023-02-08,2022-06-26,RNU,Oxford Health NHS Foundation Trust,QU9,"NHS Buckinghamshire, Oxfordshire And Berkshire West Integrated Care Board",LEGACY,South of England Commissioning Region
2023-02/Trust-ICB-Attribution-File.xls,2022-23,2023-01,2022-07-01,2023-02-08,2022-06-26,RNZ,Salisbury NHS Foundation Trust,QOX,"NHS Bath And North East Somerset, Swindon And Wiltshire Integrated Care Board",LEGACY,South of England Commissioning Region
2023-02/Trust-ICB-Attribution-File.xls,2022-23,2023-01,2022-07-01,2023-02-08,2022-06-26,RP5,Doncaster And Bassetlaw Teaching Hospitals NHS Foundation Trust,QF7,NHS South Yorkshire Integrated Care Board,LEGACY,North of England Commissioning Region
2023-02/Trust-ICB-Attribution-File.xls,2022-23,2023-01,2022-07-01,2023-02-08,2022-06-26,RP6,Moorfields Eye Hospital NHS Foundation Trust,QMJ,NHS North Central London Integrated Care Board,LONDON,London Commissioning Region
2023-02/Trust-ICB-Attribution-File.xls,2022-23,2023-01,2022-07-01,2023-02-08,2022-06-26,RPA,Medway NHS Foundation Trust,QKS,NHS Kent And Medway Integrated Care Board,LEGACY,South of England Commissioning Region
2023-02/Trust-ICB-Attribution-File.xls,2022-23,2023-01,2022-07-01,2023-02-08,2022-06-26,RPC,Queen Victoria Hospital NHS Foundation Trust,QNX,NHS Sussex Integrated Care Board,LEGACY,South of England Commissioning Region
2023-02/Trust-ICB-Attribution-File.xls,2022-23,2023-01,2022-07-01,2023-02-08,2022-06-26,RQ3,Birmingham Women's And Children's NHS Foundation Trust,QHL,NHS Birmingham And Solihull Integrated Care Board,LEGACY,Midlands and East of England Commissioning Region
2023-02/Trust-ICB-Attribution-File.xls,2022-23,2023-01,2022-07-01,2023-02-08,2022-06-26,RQM,Chelsea And Westminster Hospital NHS Foundation Trust,QRV,NHS North West London Integrated Care Board,LONDON,London Commissioning Region
2023-02/Trust-ICB-Attribution-File.xls,2022-23,2023-01,2022-07-01,2023-02-08,2022-06-26,RQW,The Princess Alexandra Hospital NHS Trust,QM7,NHS Hertfordshire And West Essex Integrated Care Board,EAST OF ENGLAND,East of England Commissioning Region
2023-02/Trust-ICB-Attribution-File.xls,2022-23,2023-01,2022-07-01,2023-02-08,2022-06-26,RQX,Homerton Healthcare NHS Foundation Trust,QMF,NHS North East London Integrated Care Board,LONDON,London Commissioning Region
2023-02/Trust-ICB-Attribution-File.xls,2022-23,2023-01,2022-07-01,2023-02-08,2022-06-26,RR7,Gateshead Health NHS Foundation Trust,QHM,NHS North East And North Cumbria Integrated Care Board,LEGACY,North of England Commissioning Region
2023-02/Trust-ICB-Attribution-File.xls,2022-23,2023-01,2022-07-01,2023-02-08,2022-06-26,RR8,Leeds Teaching Hospitals NHS Trust,QWO,NHS West Yorkshire Integrated Care Board,LEGACY,North of England Commissioning Region
2023-02/Trust-ICB-Attribution-File.xls,2022-23,2023-01,2022-07-01,2023-02-08,2022-06-26,RRF,"Wrightington, Wigan And Leigh NHS Foundation Trust",QOP,NHS Greater Manchester Integrated Care Board,LEGACY,North of England Commissioning Region
2023-02/Trust-ICB-Attribution-File.xls,2022-23,2023-01,2022-07-01,2023-02-08,2022-06-26,RRK,University Hospitals Birmingham NHS Foundation Trust,QHL,NHS Birmingham And Solihull Integrated Care Board,LEGACY,Midlands and East of England Commissioning Region
2023-02/Trust-ICB-Attribution-File.xls,2022-23,2023-01,2022-07-01,2023-02-08,2022-06-26,RRV,University College London Hospitals NHS Foundation Trust,QMJ,NHS North Central London Integrated Care Board,LONDON,London Commissioning Region
2023-02/Trust-ICB-Attribution-File.xls,2022-23,2023-01,2022-07-01,2023-02-08,2022-06-26,RTD,The Newcastle Upon Tyne Hospitals NHS Foundation Trust,QHM,NHS North East And North Cumbria Integrated Care Board,LEGACY,North of England Commissioning Region
2023-02/Trust-ICB-Attribution-File.xls,2022-23,2023-01,2022-07-01,2023-02-08,2022-06-26,RTE,Gloucestershire Hospitals NHS Foundation Trust,QR1,NHS Gloucestershire Integrated Care Board,LEGACY,South of England Commissioning Region
2023-02/Trust-ICB-Attribution-File.xls,2022-23,2023-01,2022-07-01,2023-02-08,2022-06-26,RTF,Northumbria Healthcare NHS Foundation Trust,QHM,NHS North East And North Cumbria Integrated Care Board,LEGACY,North of England Commissioning Region
2023-02/Trust-ICB-Attribution-File.xls,2022-23,2023-01,2022-07-01,2023-02-08,2022-06-26,RTG,University Hospitals Of Derby And Burton NHS Foundation Trust,QJ2,NHS Derby And Derbyshire Integrated Care Board,LEGACY,Midlands and East of England Commissioning Region
2023-02/Trust-ICB-Attribution-File.xls,2022-23,2023-01,2022-07-01,2023-02-08,2022-06-26,RTH,Oxford University Hospitals NHS Foundation Trust,QU9,"NHS Buckinghamshire, Oxfordshire And Berkshire West Integrated Care Board",LEGACY,South of England Commissioning Region
2023-02/Trust-ICB-Attribution-File.xls,2022-23,2023-01,2022-07-01,2023-02-08,2022-06-26,RTK,Ashford And St Peter's Hospitals NHS Foundation Trust,QXU,NHS Surrey Heartlands Integrated Care Board,LEGACY,South of England Commissioning Region
2023-02/Trust-ICB-Attribution-File.xls,2022-23,2023-01,2022-07-01,2023-02-08,2022-06-26,RTP,Surrey And Sussex Healthcare NHS Trust,QXU,NHS Surrey Heartlands Integrated Care Board,LEGACY,South of England Commissioning Region
2023-02/Trust-ICB-Attribution-File.xls,2022-23,2023-01,2022-07-01,2023-02-08,2022-06-26,RTQ,Gloucestershire Health And Care NHS Foundation Trust,QR1,NHS Gloucestershire Integrated Care Board,LEGACY,South of England Commissioning Region
2023-02/Trust-ICB-Attribution-File.xls,2022-23,2023-01,2022-07-01,2023-02-08,2022-06-26,RTR,South Tees Hospitals NHS Foundation Trust,QHM,NHS North East And North Cumbria Integrated Care Board,LEGACY,North of England Commissioning Region
2023-02/Trust-ICB-Attribution-File.xls,2022-23,2023-01,2022-07-01,2023-02-08,2022-06-26,RTX,University Hospitals Of Morecambe Bay NHS Foundation Trust,QE1,NHS Lancashire And South Cumbria Integrated Care Board,LEGACY,North of England Commissioning Region
2023-02/Trust-ICB-Attribution-File.xls,2022-23,2023-01,2022-07-01,2023-02-08,2022-06-26,RV9,Humber Teaching NHS Foundation Trust,QOQ,NHS Humber And North Yorkshire Integrated Care Board,LEGACY,North of England Commissioning Region
2023-02/Trust-ICB-Attribution-File.xls,2022-23,2023-01,2022-07-01,2023-02-08,2022-06-26,RVJ,North Bristol NHS Trust,QUY,"NHS Bristol, North Somerset And South Gloucestershire Integrated Care Board",LEGACY,South of England Commissioning Region
2023-02/Trust-ICB-Attribution-File.xls,2022-23,2023-01,2022-07-01,2023-02-08,2022-06-26,RVR,Epsom And St Helier University Hospitals NHS Trust,QWE,NHS South West London Integrated Care Board,LONDON,London Commissioning Region
2023-02/Trust-ICB-Attribution-File.xls,2022-23,2023-01,2022-07-01,2023-02-08,2022-06-26,RVV,East Kent Hospitals University NHS Foundation Trust,QKS,NHS Kent And Medway Integrated Care Board,LEGACY,South of England Commissioning Region
2023-02/Trust-ICB-Attribution-File.xls,2022-23,2023-01,2022-07-01,2023-02-08,2022-06-26,RVW,North Tees And Hartlepool NHS Foundation Trust,QHM,NHS North East And North Cumbria Integrated Care Board,LEGACY,North of England Commissioning Region
2023-02/Trust-ICB-Attribution-File.xls,2022-23,2023-01,2022-07-01,2023-02-08,2022-06-26,RVY,Southport And Ormskirk Hospital NHS Trust,QYG,NHS Cheshire And Merseyside Integrated Care Board,LEGACY,North of England Commissioning Region
2023-02/Trust-ICB-Attribution-File.xls,2022-23,2023-01,2022-07-01,2023-02-08,2022-06-26,RW1,Southern Health NHS Foundation Trust,QRL,NHS Hampshire And Isle Of Wight Integrated Care Board,LEGACY,South of England Commissioning Region
2023-02/Trust-ICB-Attribution-File.xls,2022-23,2023-01,2022-07-01,2023-02-08,2022-06-26,RW4,Mersey Care NHS Foundation Trust,QYG,NHS Cheshire And Merseyside Integrated Care Board,LEGACY,North of England Commissioning Region
2023-02/Trust-ICB-Attribution-File.xls,2022-23,2023-01,2022-07-01,2023-02-08,2022-06-26,RWA,Hull University Teaching Hospitals NHS Trust,QOQ,NHS Humber And North Yorkshire Integrated Care Board,LEGACY,North of England Commissioning Region
2023-02/Trust-ICB-Attribution-File.xls,2022-23,2023-01,2022-07-01,2023-02-08,2022-06-26,RWD,United Lincolnshire Hospitals NHS Trust,QJM,NHS Lincolnshire Integrated Care Board,LEGACY,Midlands and East of England Commissioning Region
2023-02/Trust-ICB-Attribution-File.xls,2022-23,2023-01,2022-07-01,2023-02-08,2022-06-26,RWE,University Hospitals Of Leicester NHS Trust,QK1,"NHS Leicester, Leicestershire And Rutland Integrated Care Board",LEGACY,Midlands and East of England Commissioning Region
2023-02/Trust-ICB-Attribution-File.xls,2022-23,2023-01,2022-07-01,2023-02-08,2022-06-26,RWF,Maidstone And Tunbridge Wells NHS Trust,QKS,NHS Kent And Medway Integrated Care Board,LEGACY,South of England Commissioning Region
2023-02/Trust-ICB-Attribution-File.xls,2022-23,2023-01,2022-07-01,2023-02-08,2022-06-26,RWG,West Hertfordshire Teaching Hospitals NHS Trust,QM7,NHS Hertfordshire And West Essex Integrated Care Board,EAST OF ENGLAND,East of England Commissioning Region
2023-02/Trust-ICB-Attribution-File.xls,2022-23,2023-01,2022-07-01,2023-02-08,2022-06-26,RWH,East And North Hertfordshire NHS Trust,QM7,NHS Hertfordshire And West Essex Integrated Care Board,EAST OF ENGLAND,East of England Commissioning Region
2023-02/Trust-ICB-Attribution-File.xls,2022-23,2023-01,2022-07-01,2023-02-08,2022-06-26,RWJ,Stockport NHS Foundation Trust,QOP,NHS Greater Manchester Integrated Care Board,LEGACY,North of England Commissioning Region
2023-02/Trust-ICB-Attribution-File.xls,2022-23,2023-01,2022-07-01,2023-02-08,2022-06-26,RWP,Worcestershire Acute Hospitals NHS Trust,QGH,NHS Herefordshire And Worcestershire Integrated Care Board,LEGACY,Midlands and East of England Commissioning Region
2023-02/Trust-ICB-Attribution-File.xls,2022-23,2023-01,2022-07-01,2023-02-08,2022-06-26,RWW,Warrington And Halton Teaching Hospitals NHS Foundation Trust,QYG,NHS Cheshire And Merseyside Integrated Care Board,LEGACY,North of England Commissioning Region
2023-02/Trust-ICB-Attribution-File.xls,2022-23,2023-01,2022-07-01,2023-02-08,2022-06-26,RWX,Berkshire Healthcare NHS Foundation Trust,QU9,"NHS Buckinghamshire, Oxfordshire And Berkshire West Integrated Care Board",LEGACY,South of England Commissioning Region
2023-02/Trust-ICB-Attribution-File.xls,2022-23,2023-01,2022-07-01,2023-02-08,2022-06-26,RWY,Calderdale And Huddersfield NHS Foundation Trust,QWO,NHS West Yorkshire Integrated Care Board,LEGACY,North of England Commissioning Region
2023-02/Trust-ICB-Attribution-File.xls,2022-23,2023-01,2022-07-01,2023-02-08,2022-06-26,RX1,Nottingham University Hospitals NHS Trust,QT1,NHS Nottingham And Nottinghamshire Integrated Care Board,LEGACY,Midlands and East of England Commissioning Region
2023-02/Trust-ICB-Attribution-File.xls,2022-23,2023-01,2022-07-01,2023-02-08,2022-06-26,RXC,East Sussex Healthcare NHS Trust,QNX,NHS Sussex Integrated Care Board,LEGACY,South of England Commissioning Region
2023-02/Trust-ICB-Attribution-File.xls,2022-23,2023-01,2022-07-01,2023-02-08,2022-06-26,RXF,Mid Yorkshire Hospitals NHS Trust,QWO,NHS West Yorkshire Integrated Care Board,LEGACY,North of England Commissioning Region
2023-02/Trust-ICB-Attribution-File.xls,2022-23,2023-01,2022-07-01,2023-02-08,2022-06-26,RXG,South West Yorkshire Partnership NHS Foundation Trust,QWO,NHS West Yorkshire Integrated Care Board,LEGACY,North of England Commissioning Region
2023-02/Trust-ICB-Attribution-File.xls,2022-23,2023-01,2022-07-01,2023-02-08,2022-06-26,RXK,Sandwell And West Birmingham Hospitals NHS Trust,QUA,NHS Black Country Integrated Care Board,LEGACY,Midlands and East of England Commissioning Region
2023-02/Trust-ICB-Attribution-File.xls,2022-23,2023-01,2022-07-01,2023-02-08,2022-06-26,RXL,Blackpool Teaching Hospitals NHS Foundation Trust,QE1,NHS Lancashire And South Cumbria Integrated Care Board,LEGACY,North of England Commissioning Region
2023-02/Trust-ICB-Attribution-File.xls,2022-23,2023-01,2022-07-01,2023-02-08,2022-06-26,RXN,Lancashire Teaching Hospitals NHS Foundation Trust,QE1,NHS Lancashire And South Cumbria Integrated Care Board,LEGACY,North of England Commissioning Region
2023-02/Trust-ICB-Attribution-File.xls,2022-23,2023-01,2022-07-01,2023-02-08,2022-06-26,RXP,County Durham And Darlington NHS Foundation Trust,QHM,NHS North East And North Cumbria Integrated Care Board,LEGACY,North of England Commissioning Region
2023-02/Trust-ICB-Attribution-File.xls,2022-23,2023-01,2022-07-01,2023-02-08,2022-06-26,RXQ,Buckinghamshire Healthcare NHS Trust,QU9,"NHS Buckinghamshire, Oxfordshire And Berkshire West Integrated Care Board",LEGACY,South of England Commissioning Region
2023-02/Trust-ICB-Attribution-File.xls,2022-23,2023-01,2022-07-01,2023-02-08,2022-06-26,RXR,East Lancashire Hospitals NHS Trust,QE1,NHS Lancashire And South Cumbria Integrated Care Board,LEGACY,North of England Commissioning Region
2023-02/Trust-ICB-Attribution-File.xls,2022-23,2023-01,2022-07-01,2023-02-08,2022-06-26,RXW,The Shrewsbury And Telford Hospital NHS Trust,QOC,"NHS Shropshire, Telford And Wrekin Integrated Care Board",LEGACY,Midlands and East of England Commissioning Region
2023-02/Trust-ICB-Attribution-File.xls,2022-23,2023-01,2022-07-01,2023-02-08,2022-06-26,RY2,Bridgewater Community Healthcare NHS Foundation Trust,QYG,NHS Cheshire And Merseyside Integrated Care Board,LEGACY,North of England Commissioning Region
2023-02/Trust-ICB-Attribution-File.xls,2022-23,2023-01,2022-07-01,2023-02-08,2022-06-26,RY4,Hertfordshire Community NHS Trust,QM7,NHS Hertfordshire And West Essex Integrated Care Board,EAST OF ENGLAND,East of England Commissioning Region
2023-02/Trust-ICB-Attribution-File.xls,2022-23,2023-01,2022-07-01,2023-02-08,2022-06-26,RY5,Lincolnshire Community Health Services NHS Trust,QJM,NHS Lincolnshire Integrated Care Board,LEGACY,Midlands and East of England Commissioning Region
2023-02/Trust-ICB-Attribution-File.xls,2022-23,2023-01,2022-07-01,2023-02-08,2022-06-26,RY7,Wirral Community Health And Care NHS Foundation Trust,QYG,NHS Cheshire And Merseyside Integrated Care Board,LEGACY,North of England Commissioning Region
2023-02/Trust-ICB-Attribution-File.xls,2022-23,2023-01,2022-07-01,2023-02-08,2022-06-26,RY8,Derbyshire Community Health Services NHS Foundation Trust,QJ2,NHS Derby And Derbyshire Integrated Care Board,LEGACY,Midlands and East of England Commissioning Region
2023-02/Trust-ICB-Attribution-File.xls,2022-23,2023-01,2022-07-01,2023-02-08,2022-06-26,RY9,Hounslow And Richmond Community Healthcare NHS Trust,QWE,NHS South West London Integrated Care Board,LONDON,London Commissioning Region
2023-02/Trust-ICB-Attribution-File.xls,2022-23,2023-01,2022-07-01,2023-02-08,2022-06-26,RYF,South Western Ambulance Service NHS Foundation Trust,QJK,NHS Devon Integrated Care Board,LEGACY,South of England Commissioning Region
2023-02/Trust-ICB-Attribution-File.xls,2022-23,2023-01,2022-07-01,2023-02-08,2022-06-26,RYG,Coventry and Warwickshire Partnership NHS Trust,QWU,NHS Coventry And Warwickshire Integrated Care Board,LEGACY,Midlands and East of England Commissioning Region
2023-02/Trust-ICB-Attribution-File.xls,2022-23,2023-01,2022-07-01,2023-02-08,2022-06-26,RYJ,Imperial College Healthcare NHS Trust,QRV,NHS North West London Integrated Care Board,LONDON,London Commissioning Region
2023-02/Trust-ICB-Attribution-File.xls,2022-23,2023-01,2022-07-01,2023-02-08,2022-06-26,RYR,University Hospitals Sussex NHS Foundation Trust,QNX,NHS Sussex Integrated Care Board,LEGACY,South of England Commissioning Region
2023-02/Trust-ICB-Attribution-File.xls,2022-23,2023-01,2022-07-01,2023-02-08,2022-06-26,RYX,Central London Community Healthcare NHS Trust,QRV,NHS North West London Integrated Care Board,LONDON,London Commissioning Region
2023-02/Trust-ICB-Attribution-File.xls,2022-23,2023-01,2022-07-01,2023-02-08,2022-06-26,RYY,Kent Community Health NHS Foundation Trust,QKS,NHS Kent And Medway Integrated Care Board,LEGACY,South of England Commissioning Region
2023-02/Trust-ICB-Attribution-File.xls,2022-23,2023-01,2022-07-01,2023-02-08,2022-06-26,Y00751,East Berks Primary Care Ooh(Wam),QNQ,NHS Frimley Integrated Care Board,LEGACY,South of England Commissioning Region
2023-02/Trust-ICB-Attribution-File.xls,2022-23,2023-01,2022-07-01,2023-02-08,2022-06-26,Y02147,Urgent Care Centre (Qms),QKK,NHS South East London Integrated Care Board,LONDON,London Commissioning Region
2023-02/Trust-ICB-Attribution-File.xls,2022-23,2023-01,2022-07-01,2023-02-08,2022-06-26,Y02428,Putnoe Medical Centre Walk In Centre,QHG,"NHS Bedfordshire, Luton And Milton Keynes Integrated Care Board",EAST OF ENGLAND,East of England Commissioning Region
2023-02/Trust-ICB-Attribution-File.xls,2022-23,2023-01,2022-07-01,2023-02-08,2022-06-26,Y02532,Miriam Minor Emergency,QYG,NHS Cheshire And Merseyside Integrated Care Board,LEGACY,North of England Commissioning Region
2023-02/Trust-ICB-Attribution-File.xls,2022-23,2023-01,2022-07-01,2023-02-08,2022-06-26,Y02615,South Birmingham GP Walk In Centre,QHL,NHS Birmingham And Solihull Integrated Care Board,LEGACY,Midlands and East of England Commissioning Region
2023-02/Trust-ICB-Attribution-File.xls,2022-23,2023-01,2022-07-01,2023-02-08,2022-06-26,Y02676,Brighton Station Health Centre,QNX,NHS Sussex Integrated Care Board,LEGACY,South of England Commissioning Region
2023-02/Trust-ICB-Attribution-File.xls,2022-23,2023-01,2022-07-01,2023-02-08,2022-06-26,Y03007,Erdington GP Health & Wellbeing Wic,QHL,NHS Birmingham And Solihull Integrated Care Board,LEGACY,Midlands and East of England Commissioning Region
2023-02/Trust-ICB-Attribution-File.xls,2022-23,2023-01,2022-07-01,2023-02-08,2022-06-26,Y03218,The Pinn Unregistered Wic,QRV,NHS North West London Integrated Care Board,LONDON,London Commissioning Region
2023-02/Trust-ICB-Attribution-File.xls,2022-23,2023-01,2022-07-01,2023-02-08,2022-06-26,Y03571,Corby Urgent Care Centre,QPM,NHS Northamptonshire Integrated Care Board,LEGACY,Midlands and East of England Commissioning Region
2023-02/Trust-ICB-Attribution-File.xls,2022-23,2023-01,2022-07-01,2023-02-08,2022-06-26,Y04538,Bracknell Urgent Care Centre Wic,QNQ,NHS Frimley Integrated Care Board,LEGACY,South of England Commissioning Region
2023-08/Trust-ICB-Attribution-File.xls,2023-24,2023-07,2023-04-01,2023-08-10,2023-07-01,8J094,Badger Ltd,QHL,NHS Birmingham And Solihull Integrated Care Board,LEGACY,Midlands and East of England Commissioning Region
2023-08/Trust-ICB-Attribution-File.xls,2023-24,2023-07,2023-04-01,2023-08-10,2023-07-01,AAH,Tetbury Hospital Trust Ltd,QR1,NHS Gloucestershire Integrated Care Board,LEGACY,South of England Commissioning Region
2023-08/Trust-ICB-Attribution-File.xls,2023-24,2023-07,2023-04-01,2023-08-10,2023-07-01,ACH01,Whitstable Medical Practice,QKS,NHS Kent And Medway Integrated Care Board,LEGACY,South of England Commissioning Region
2023-08/Trust-ICB-Attribution-File.xls,2023-24,2023-07,2023-04-01,2023-08-10,2023-07-01,AD913,Beckenham Beacon Ucc,QKK,NHS South East London Integrated Care Board,LONDON,London Commissioning Region
2023-08/Trust-ICB-Attribution-File.xls,2023-24,2023-07,2023-04-01,2023-08-10,2023-07-01,AJN,Workington Health Limited,QHM,NHS North East And North Cumbria Integrated Care Board,LEGACY,North of England Commissioning Region
2023-08/Trust-ICB-Attribution-File.xls,2023-24,2023-07,2023-04-01,2023-08-10,2023-07-01,AQN04,Phl Lymington Utc,QRL,NHS Hampshire And Isle Of Wight Integrated Care Board,LEGACY,South of England Commissioning Region
2023-08/Trust-ICB-Attribution-File.xls,2023-24,2023-07,2023-04-01,2023-08-10,2023-07-01,ARN03,Local Care Direct,QWO,NHS West Yorkshire Integrated Care Board,LEGACY,North of England Commissioning Region
2023-08/Trust-ICB-Attribution-File.xls,2023-24,2023-07,2023-04-01,2023-08-10,2023-07-01,AXG,Wiltshire Health & Care,QOX,"NHS Bath And North East Somerset, Swindon And Wiltshire Integrated Care Board",LEGACY,South of England Commissioning Region
2023-08/Trust-ICB-Attribution-File.xls,2023-24,2023-07,2023-04-01,2023-08-10,2023-07-01,C82009,Market Harborough Med.Ctr,QK1,"NHS Leicester, Leicestershire And Rutland Integrated Care Board",LEGACY,Midlands and East of England Commissioning Region
2023-08/Trust-ICB-Attribution-File.xls,2023-24,2023-07,2023-04-01,2023-08-10,2023-07-01,C82010,Oakham Medical Practice,QK1,"NHS Leicester, Leicestershire And Rutland Integrated Care Board",LEGACY,Midlands and East of England Commissioning Region
2023-08/Trust-ICB-Attribution-File.xls,2023-24,2023-07,2023-04-01,2023-08-10,2023-07-01,C82038,Latham House Medical Practice,QK1,"NHS Leicester, Leicestershire And Rutland Integrated Care Board",LEGACY,Midlands and East of England Commissioning Region
2023-08/Trust-ICB-Attribution-File.xls,2023-24,2023-07,2023-04-01,2023-08-10,2023-07-01,C83023,Sleaford Medical Group,QJM,NHS Lincolnshire Integrated Care Board,LEGACY,Midlands and East of England Commissioning Region
2023-08/Trust-ICB-Attribution-File.xls,2023-24,2023-07,2023-04-01,2023-08-10,2023-07-01,DD401,Exmouth Minor Injury Unit,QJK,NHS Devon Integrated Care Board,LEGACY,South of England Commissioning Region
2023-08/Trust-ICB-Attribution-File.xls,2023-24,2023-07,2023-04-01,2023-08-10,2023-07-01,DT301,Herts Urgent Care (Ascots Lane),QM7,NHS Hertfordshire And West Essex Integrated Care Board,EAST OF ENGLAND,East of England Commissioning Region
2023-08/Trust-ICB-Attribution-File.xls,2023-24,2023-07,2023-04-01,2023-08-10,2023-07-01,L83087,Okehampton Medical Centre,QJK,NHS Devon Integrated Care Board,LEGACY,South of England Commissioning Region
2023-08/Trust-ICB-Attribution-File.xls,2023-24,2023-07,2023-04-01,2023-08-10,2023-07-01,NDA57,Haslemere Minor Injuries Unit,QXU,NHS Surrey Heartlands Integrated Care Board,LEGACY,South of England Commissioning Region
2023-08/Trust-ICB-Attribution-File.xls,2023-24,2023-07,2023-04-01,2023-08-10,2023-07-01,NDJ,First Community Health And Care Cic,QNX,NHS Sussex Integrated Care Board,LEGACY,South of England Commissioning Region
2023-08/Trust-ICB-Attribution-File.xls,2023-24,2023-07,2023-04-01,2023-08-10,2023-07-01,NL7,Assura Vertis Urgent Care Centres (Birmingham),QHL,NHS Birmingham And Solihull Integrated Care Board,LEGACY,Midlands and East of England Commissioning Region
2023-08/Trust-ICB-Attribution-File.xls,2023-24,2023-07,2023-04-01,2023-08-10,2023-07-01,NLX,Sirona Care & Health,QUY,"NHS Bristol, North Somerset And South Gloucestershire Integrated Care Board",LEGACY,South of England Commissioning Region
2023-08/Trust-ICB-Attribution-File.xls,2023-24,2023-07,2023-04-01,2023-08-10,2023-07-01,NNF09,Bransholme Health Centre,QOQ,NHS Humber And North Yorkshire Integrated Care Board,LEGACY,North of England Commissioning Region
2023-08/Trust-ICB-Attribution-File.xls,2023-24,2023-07,2023-04-01,2023-08-10,2023-07-01,NNF76,The Wilberforce Health Centre,QOQ,NHS Humber And North Yorkshire Integrated Care Board,LEGACY,North of England Commissioning Region
2023-08/Trust-ICB-Attribution-File.xls,2023-24,2023-07,2023-04-01,2023-08-10,2023-07-01,NNF94,East Riding Community Hospital,QOQ,NHS Humber And North Yorkshire Integrated Care Board,LEGACY,North of England Commissioning Region
2023-08/Trust-ICB-Attribution-File.xls,2023-24,2023-07,2023-04-01,2023-08-10,2023-07-01,NNFA7,Goole & District Hospital,QOQ,NHS Humber And North Yorkshire Integrated Care Board,LEGACY,North of England Commissioning Region
2023-08/Trust-ICB-Attribution-File.xls,2023-24,2023-07,2023-04-01,2023-08-10,2023-07-01,NNJ,Dhu Health Care C.I.C,QJ2,NHS Derby And Derbyshire Integrated Care Board,LEGACY,Midlands and East of England Commissioning Region
2023-08/Trust-ICB-Attribution-File.xls,2023-24,2023-07,2023-04-01,2023-08-10,2023-07-01,NNJ07,Loughborough Urgent Care Centre,QK1,"NHS Leicester, Leicestershire And Rutland Integrated Care Board",LEGACY,Midlands and East of England Commissioning Region
2023-08/Trust-ICB-Attribution-File.xls,2023-24,2023-07,2023-04-01,2023-08-10,2023-07-01,NNJ0H,Llr Ea - The Merlyn Vaz Health & Social Care Centre,QK1,"NHS Leicester, Leicestershire And Rutland Integrated Care Board",LEGACY,Midlands and East of England Commissioning Region
2023-08/Trust-ICB-Attribution-File.xls,2023-24,2023-07,2023-04-01,2023-08-10,2023-07-01,NNJ12,Market Harborough,QK1,"NHS Leicester, Leicestershire And Rutland Integrated Care Board",LEGACY,Midlands and East of England Commissioning Region
2023-08/Trust-ICB-Attribution-File.xls,2023-24,2023-07,2023-04-01,2023-08-10,2023-07-01,NNJ13,Melton Mowbray,QK1,"NHS Leicester, Leicestershire And Rutland Integrated Care Board",LEGACY,Midlands and East of England Commissioning Region
2023-08/Trust-ICB-Attribution-File.xls,2023-24,2023-07,2023-04-01,2023-08-10,2023-07-01,NNJ14,Oadby,QK1,"NHS Leicester, Leicestershire And Rutland Integrated Care Board",LEGACY,Midlands and East of England Commissioning Region
2023-08/Trust-ICB-Attribution-File.xls,2023-24,2023-07,2023-04-01,2023-08-10,2023-07-01,NNJ15,Oakham,QK1,"NHS Leicester, Leicestershire And Rutland Integrated Care Board",LEGACY,Midlands and East of England Commissioning Region
2023-08/Trust-ICB-Attribution-File.xls,2023-24,2023-07,2023-04-01,2023-08-10,2023-07-01,NQT10,Assura Reading Llp,QU9,"NHS Buckinghamshire, Oxfordshire And Berkshire West Integrated Care Board",LEGACY,South of England Commissioning Region
2023-08/Trust-ICB-Attribution-File.xls,2023-24,2023-07,2023-04-01,2023-08-10,2023-07-01,NQT51,Station Plaza Health Centre,QNX,NHS Sussex Integrated Care Board,LEGACY,South of England Commissioning Region
2023-08/Trust-ICB-Attribution-File.xls,2023-24,2023-07,2023-04-01,2023-08-10,2023-07-01,NQT5F,Skelmersdale Walk In Centre,QE1,NHS Lancashire And South Cumbria Integrated Care Board,LEGACY,North of England Commissioning Region
2023-08/Trust-ICB-Attribution-File.xls,2023-24,2023-07,2023-04-01,2023-08-10,2023-07-01,NQT5H,Paulton Memorial Hospital,QOX,"NHS Bath And North East Somerset, Swindon And Wiltshire Integrated Care Board",LEGACY,South of England Commissioning Region
2023-08/Trust-ICB-Attribution-File.xls,2023-24,2023-07,2023-04-01,2023-08-10,2023-07-01,NQTE4,Summerfield Urgent Care Centre,QUA,NHS Black Country Integrated Care Board,LEGACY,Midlands and East of England Commissioning Region
2023-08/Trust-ICB-Attribution-File.xls,2023-24,2023-07,2023-04-01,2023-08-10,2023-07-01,NR3,Nottingham Citycare Partnership,QT1,NHS Nottingham And Nottinghamshire Integrated Care Board,LEGACY,Midlands and East of England Commissioning Region
2023-08/Trust-ICB-Attribution-File.xls,2023-24,2023-07,2023-04-01,2023-08-10,2023-07-01,NTP11,Practice Plus Group Hospital - Southampton,QRL,NHS Hampshire And Isle Of Wight Integrated Care Board,LEGACY,South of England Commissioning Region
2023-08/Trust-ICB-Attribution-File.xls,2023-24,2023-07,2023-04-01,2023-08-10,2023-07-01,NTPAD,Practice Plus Group Surgical Centre - St Marys Portsmouth,QRL,NHS Hampshire And Isle Of Wight Integrated Care Board,LEGACY,South of England Commissioning Region
2023-08/Trust-ICB-Attribution-File.xls,2023-24,2023-07,2023-04-01,2023-08-10,2023-07-01,NTV0B,Ashford Walk-In-Centre,QXU,NHS Surrey Heartlands Integrated Care Board,LEGACY,South of England Commissioning Region
2023-08/Trust-ICB-Attribution-File.xls,2023-24,2023-07,2023-04-01,2023-08-10,2023-07-01,NTV0W,Woking Walk In Centre,QXU,NHS Surrey Heartlands Integrated Care Board,LEGACY,South of England Commissioning Region
2023-08/Trust-ICB-Attribution-File.xls,2023-24,2023-07,2023-04-01,2023-08-10,2023-07-01,NV693,Rossendale Miu & Ooh,QE1,NHS Lancashire And South Cumbria Integrated Care Board,LEGACY,North of England Commissioning Region
2023-08/Trust-ICB-Attribution-File.xls,2023-24,2023-07,2023-04-01,2023-08-10,2023-07-01,R0A,Manchester University NHS Foundation Trust,QOP,NHS Greater Manchester Integrated Care Board,LEGACY,North of England Commissioning Region
2023-08/Trust-ICB-Attribution-File.xls,2023-24,2023-07,2023-04-01,2023-08-10,2023-07-01,R0B,South Tyneside And Sunderland NHS Foundation Trust,QHM,NHS North East And North Cumbria Integrated Care Board,LEGACY,North of England Commissioning Region
2023-08/Trust-ICB-Attribution-File.xls,2023-24,2023-07,2023-04-01,2023-08-10,2023-07-01,R0D,University Hospitals Dorset NHS Foundation Trust,QVV,NHS Dorset Integrated Care Board,LEGACY,South of England Commissioning Region
2023-08/Trust-ICB-Attribution-File.xls,2023-24,2023-07,2023-04-01,2023-08-10,2023-07-01,R1D,Shropshire Community Health NHS Trust,QOC,"NHS Shropshire, Telford And Wrekin Integrated Care Board",LEGACY,Midlands and East of England Commissioning Region
2023-08/Trust-ICB-Attribution-File.xls,2023-24,2023-07,2023-04-01,2023-08-10,2023-07-01,R1F,Isle Of Wight NHS Trust,QRL,NHS Hampshire And Isle Of Wight Integrated Care Board,LEGACY,South of England Commissioning Region
2023-08/Trust-ICB-Attribution-File.xls,2023-24,2023-07,2023-04-01,2023-08-10,2023-07-01,R1H,Barts Health NHS Trust,QMF,NHS North East London Integrated Care Board,LONDON,London Commissioning Region
2023-08/Trust-ICB-Attribution-File.xls,2023-24,2023-07,2023-04-01,2023-08-10,2023-07-01,R1K,London North West University Healthcare NHS Trust,QRV,NHS North West London Integrated Care Board,LONDON,London Commissioning Region
2023-08/Trust-ICB-Attribution-File.xls,2023-24,2023-07,2023-04-01,2023-08-10,2023-07-01,RA2,Royal Surrey County Hospital NHS Foundation Trust,QXU,NHS Surrey Heartlands Integrated Care Board,LEGACY,South of England Commissioning Region
2023-08/Trust-ICB-Attribution-File.xls,2023-24,2023-07,2023-04-01,2023-08-10,2023-07-01,RA7,University Hospitals Bristol And Weston NHS Foundation Trust,QUY,"NHS Bristol, North Somerset And South Gloucestershire Integrated Care Board",LEGACY,South of England Commissioning Region
2023-08/Trust-ICB-Attribution-File.xls,2023-24,2023-07,2023-04-01,2023-08-10,2023-07-01,RA9,Torbay And South Devon NHS Foundation Trust,QJK,NHS Devon Integrated Care Board,LEGACY,South of England Commissioning Region
2023-08/Trust-ICB-Attribution-File.xls,2023-24,2023-07,2023-04-01,2023-08-10,2023-07-01,RAE,Bradford Teaching Hospitals NHS Foundation Trust,QWO,NHS West Yorkshire Integrated Care Board,LEGACY,North of England Commissioning Region
2023-08/Trust-ICB-Attribution-File.xls,2023-24,2023-07,2023-04-01,2023-08-10,2023-07-01,RAJ,Mid And South Essex NHS Foundation Trust,QH8,NHS Mid And South Essex Integrated Care Board,EAST OF ENGLAND,East of England Commissioning Region
2023-08/Trust-ICB-Attribution-File.xls,2023-24,2023-07,2023-04-01,2023-08-10,2023-07-01,RAL,Royal Free London NHS Foundation Trust,QMJ,NHS North Central London Integrated Care Board,LONDON,London Commissioning Region
2023-08/Trust-ICB-Attribution-File.xls,2023-24,2023-07,2023-04-01,2023-08-10,2023-07-01,RAN,Royal National Orthopaedic Hospital NHS Trust,QMJ,NHS North Central London Integrated Care Board,LONDON,London Commissioning Region
2023-08/Trust-ICB-Attribution-File.xls,2023-24,2023-07,2023-04-01,2023-08-10,2023-07-01,RAP,North Middlesex University Hospital NHS Trust,QMJ,NHS North Central London Integrated Care Board,LONDON,London Commissioning Region
2023-08/Trust-ICB-Attribution-File.xls,2023-24,2023-07,2023-04-01,2023-08-10,2023-07-01,RAS,The Hillingdon Hospitals NHS Foundation Trust,QRV,NHS North West London Integrated Care Board,LONDON,London Commissioning Region
2023-08/Trust-ICB-Attribution-File.xls,2023-24,2023-07,2023-04-01,2023-08-10,2023-07-01,RAT,North East London NHS Foundation Trust,QMF,NHS North East London Integrated Care Board,LONDON,London Commissioning Region
2023-08/Trust-ICB-Attribution-File.xls,2023-24,2023-07,2023-04-01,2023-08-10,2023-07-01,RAX,Kingston Hospital NHS Foundation Trust,QWE,NHS South West London Integrated Care Board,LONDON,London Commissioning Region
2023-08/Trust-ICB-Attribution-File.xls,2023-24,2023-07,2023-04-01,2023-08-10,2023-07-01,RBD,Dorset County Hospital NHS Foundation Trust,QVV,NHS Dorset Integrated Care Board,LEGACY,South of England Commissioning Region
2023-08/Trust-ICB-Attribution-File.xls,2023-24,2023-07,2023-04-01,2023-08-10,2023-07-01,RBK,Walsall Healthcare NHS Trust,QUA,NHS Black Country Integrated Care Board,LEGACY,Midlands and East of England Commissioning Region
2023-08/Trust-ICB-Attribution-File.xls,2023-24,2023-07,2023-04-01,2023-08-10,2023-07-01,RBL,Wirral University Teaching Hospital NHS Foundation Trust,QYG,NHS Cheshire And Merseyside Integrated Care Board,LEGACY,North of England Commissioning Region
2023-08/Trust-ICB-Attribution-File.xls,2023-24,2023-07,2023-04-01,2023-08-10,2023-07-01,RBN,Mersey And West Lancashire Teaching Hospitals NHS Trust,QYG,NHS Cheshire And Merseyside Integrated Care Board,LEGACY,North of England Commissioning Region
2023-08/Trust-ICB-Attribution-File.xls,2023-24,2023-07,2023-04-01,2023-08-10,2023-07-01,RBQ,Liverpool Heart And Chest Hospital NHS Foundation Trust,QYG,NHS Cheshire And Merseyside Integrated Care Board,LEGACY,North of England Commissioning Region
2023-08/Trust-ICB-Attribution-File.xls,2023-24,2023-07,2023-04-01,2023-08-10,2023-07-01,RBS,Alder Hey Children's NHS Foundation Trust,QYG,NHS Cheshire And Merseyside Integrated Care Board,LEGACY,North of England Commissioning Region
2023-08/Trust-ICB-Attribution-File.xls,2023-24,2023-07,2023-04-01,2023-08-10,2023-07-01,RBT,Mid Cheshire Hospitals NHS Foundation Trust,QYG,NHS Cheshire And Merseyside Integrated Care Board,LEGACY,North of England Commissioning Region
2023-08/Trust-ICB-Attribution-File.xls,2023-24,2023-07,2023-04-01,2023-08-10,2023-07-01,RBV,The Christie NHS Foundation Trust,QOP,NHS Greater Manchester Integrated Care Board,LEGACY,North of England Commissioning Region
2023-08/Trust-ICB-Attribution-File.xls,2023-24,2023-07,2023-04-01,2023-08-10,2023-07-01,RC9,Bedfordshire Hospitals NHS Foundation Trust,QHG,"NHS Bedfordshire, Luton And Milton Keynes Integrated Care Board",EAST OF ENGLAND,East of England Commissioning Region
2023-08/Trust-ICB-Attribution-File.xls,2023-24,2023-07,2023-04-01,2023-08-10,2023-07-01,RCB,York And Scarborough Teaching Hospitals NHS Foundation Trust,QOQ,NHS Humber And North Yorkshire Integrated Care Board,LEGACY,North of England Commissioning Region
2023-08/Trust-ICB-Attribution-File.xls,2023-24,2023-07,2023-04-01,2023-08-10,2023-07-01,RCD,Harrogate And District NHS Foundation Trust,QOQ,NHS Humber And North Yorkshire Integrated Care Board,LEGACY,North of England Commissioning Region
2023-08/Trust-ICB-Attribution-File.xls,2023-24,2023-07,2023-04-01,2023-08-10,2023-07-01,RCF,Airedale NHS Foundation Trust,QWO,NHS West Yorkshire Integrated Care Board,LEGACY,North of England Commissioning Region
2023-08/Trust-ICB-Attribution-File.xls,2023-24,2023-07,2023-04-01,2023-08-10,2023-07-01,RCU,Sheffield Children's NHS Foundation Trust,QF7,NHS South Yorkshire Integrated Care Board,LEGACY,North of England Commissioning Region
2023-08/Trust-ICB-Attribution-File.xls,2023-24,2023-07,2023-04-01,2023-08-10,2023-07-01,RCX,"The Queen Elizabeth Hospital, King's Lynn, NHS Foundation Trust",QMM,NHS Norfolk And Waveney Integrated Care Board,EAST OF ENGLAND,East of England Commissioning Region
2023-08/Trust-ICB-Attribution-File.xls,2023-24,2023-07,2023-04-01,2023-08-10,2023-07-01,RD1,Royal United Hospitals Bath NHS Foundation Trust,QOX,"NHS Bath And North East Somerset, Swindon And Wiltshire Integrated Care Board",LEGACY,South of England Commissioning Region
2023-08/Trust-ICB-Attribution-File.xls,2023-24,2023-07,2023-04-01,2023-08-10,2023-07-01,RD8,Milton Keynes University Hospital NHS Foundation Trust,QHG,"NHS Bedfordshire, Luton And Milton Keynes Integrated Care Board",EAST OF ENGLAND,East of England Commissioning Region
2023-08/Trust-ICB-Attribution-File.xls,2023-24,2023-07,2023-04-01,2023-08-10,2023-07-01,RDE,East Suffolk And North Essex NHS Foundation Trust,QJG,NHS Suffolk And North East Essex Integrated Care Board,EAST OF ENGLAND,East of England Commissioning Region
2023-08/Trust-ICB-Attribution-File.xls,2023-24,2023-07,2023-04-01,2023-08-10,2023-07-01,RDR,Sussex Community NHS Foundation Trust,QNX,NHS Sussex Integrated Care Board,LEGACY,South of England Commissioning Region
2023-08/Trust-ICB-Attribution-File.xls,2023-24,2023-07,2023-04-01,2023-08-10,2023-07-01,RDU,Frimley Health NHS Foundation Trust,QNQ,NHS Frimley Integrated Care Board,LEGACY,South of England Commissioning Region
2023-08/Trust-ICB-Attribution-File.xls,2023-24,2023-07,2023-04-01,2023-08-10,2023-07-01,RDY,Dorset Healthcare University NHS Foundation Trust,QVV,NHS Dorset Integrated Care Board,LEGACY,South of England Commissioning Region
2023-08/Trust-ICB-Attribution-File.xls,2023-24,2023-07,2023-04-01,2023-08-10,2023-07-01,REF,Royal Cornwall Hospitals NHS Trust,QT6,NHS Cornwall And The Isles Of Scilly Integrated Care Board,LEGACY,South of England Commissioning Region
2023-08/Trust-ICB-Attribution-File.xls,2023-24,2023-07,2023-04-01,2023-08-10,2023-07-01,REM,Liverpool University Hospitals NHS Foundation Trust,QYG,NHS Cheshire And Merseyside Integrated Care Board,LEGACY,North of England Commissioning Region
2023-08/Trust-ICB-Attribution-File.xls,2023-24,2023-07,2023-04-01,2023-08-10,2023-07-01,REP,Liverpool Women's NHS Foundation Trust,QYG,NHS Cheshire And Merseyside Integrated Care Board,LEGACY,North of England Commissioning Region
2023-08/Trust-ICB-Attribution-File.xls,2023-24,2023-07,2023-04-01,2023-08-10,2023-07-01,RET,The Walton Centre NHS Foundation Trust,QYG,NHS Cheshire And Merseyside Integrated Care Board,LEGACY,North of England Commissioning Region
2023-08/Trust-ICB-Attribution-File.xls,2023-24,2023-07,2023-04-01,2023-08-10,2023-07-01,RF4,"Barking, Havering And Redbridge University Hospitals NHS Trust",QMF,NHS North East London Integrated Care Board,LONDON,London Commissioning Region
2023-08/Trust-ICB-Attribution-File.xls,2023-24,2023-07,2023-04-01,2023-08-10,2023-07-01,RFF,Barnsley Hospital NHS Foundation Trust,QF7,NHS South Yorkshire Integrated Care Board,LEGACY,North of England Commissioning Region
2023-08/Trust-ICB-Attribution-File.xls,2023-24,2023-07,2023-04-01,2023-08-10,2023-07-01,RFR,The Rotherham NHS Foundation Trust,QF7,NHS South Yorkshire Integrated Care Board,LEGACY,North of England Commissioning Region
2023-08/Trust-ICB-Attribution-File.xls,2023-24,2023-07,2023-04-01,2023-08-10,2023-07-01,RFS,Chesterfield Royal Hospital NHS Foundation Trust,QJ2,NHS Derby And Derbyshire Integrated Care Board,LEGACY,Midlands and East of England Commissioning Region
2023-08/Trust-ICB-Attribution-File.xls,2023-24,2023-07,2023-04-01,2023-08-10,2023-07-01,RGN,North West Anglia NHS Foundation Trust,QUE,NHS Cambridgeshire And Peterborough Integrated Care Board,EAST OF ENGLAND,East of England Commissioning Region
2023-08/Trust-ICB-Attribution-File.xls,2023-24,2023-07,2023-04-01,2023-08-10,2023-07-01,RGP,James Paget University Hospitals NHS Foundation Trust,QMM,NHS Norfolk And Waveney Integrated Care Board,EAST OF ENGLAND,East of England Commissioning Region
2023-08/Trust-ICB-Attribution-File.xls,2023-24,2023-07,2023-04-01,2023-08-10,2023-07-01,RGR,West Suffolk NHS Foundation Trust,QJG,NHS Suffolk And North East Essex Integrated Care Board,EAST OF ENGLAND,East of England Commissioning Region
2023-08/Trust-ICB-Attribution-File.xls,2023-24,2023-07,2023-04-01,2023-08-10,2023-07-01,RGT,Cambridge University Hospitals NHS Foundation Trust,QUE,NHS Cambridgeshire And Peterborough Integrated Care Board,EAST OF ENGLAND,East of England Commissioning Region
2023-08/Trust-ICB-Attribution-File.xls,2023-24,2023-07,2023-04-01,2023-08-10,2023-07-01,RH5,Somerset NHS Foundation Trust,QSL,NHS Somerset Integrated Care Board,LEGACY,South of England Commissioning Region
2023-08/Trust-ICB-Attribution-File.xls,2023-24,2023-07,2023-04-01,2023-08-10,2023-07-01,RH8,Royal Devon University Healthcare NHS Foundation Trust,QJK,NHS Devon Integrated Care Board,LEGACY,South of England Commissioning Region
2023-08/Trust-ICB-Attribution-File.xls,2023-24,2023-07,2023-04-01,2023-08-10,2023-07-01,RHM,University Hospital Southampton NHS Foundation Trust,QRL,NHS Hampshire And Isle Of Wight Integrated Care Board,LEGACY,South of England Commissioning Region
2023-08/Trust-ICB-Attribution-File.xls,2023-24,2023-07,2023-04-01,2023-08-10,2023-07-01,RHQ,Sheffield Teaching Hospitals NHS Foundation Trust,QF7,NHS South Yorkshire Integrated Care Board,LEGACY,North of England Commissioning Region
2023-08/Trust-ICB-Attribution-File.xls,2023-24,2023-07,2023-04-01,2023-08-10,2023-07-01,RHU,Portsmouth Hospitals University National Health Service Trust,QRL,NHS Hampshire And Isle Of Wight Integrated Care Board,LEGACY,South of England Commissioning Region
2023-08/Trust-ICB-Attribution-File.xls,2023-24,2023-07,2023-04-01,2023-08-10,2023-07-01,RHW,Royal Berkshire NHS Foundation Trust,QU9,"NHS Buckinghamshire, Oxfordshire And Berkshire West Integrated Care Board",LEGACY,South of England Commissioning Region
2023-08/Trust-ICB-Attribution-File.xls,2023-24,2023-07,2023-04-01,2023-08-10,2023-07-01,RJ1,Guy's And St Thomas' NHS Foundation Trust,QKK,NHS South East London Integrated Care Board,LONDON,London Commissioning Region
2023-08/Trust-ICB-Attribution-File.xls,2023-24,2023-07,2023-04-01,2023-08-10,2023-07-01,RJ2,Lewisham And Greenwich NHS Trust,QKK,NHS South East London Integrated Care Board,LONDON,London Commissioning Region
2023-08/Trust-ICB-Attribution-File.xls,2023-24,2023-07,2023-04-01,2023-08-10,2023-07-01,RJ6,Croydon Health Services NHS Trust,QWE,NHS South West London Integrated Care Board,LONDON,London Commissioning Region
2023-08/Trust-ICB-Attribution-File.xls,2023-24,2023-07,2023-04-01,2023-08-10,2023-07-01,RJ7,St George's University Hospitals NHS Foundation Trust,QWE,NHS South West London Integrated Care Board,LONDON,London Commissioning Region
2023-08/Trust-ICB-Attribution-File.xls,2023-24,2023-07,2023-04-01,2023-08-10,2023-07-01,RJ8,Cornwall Partnership NHS Foundation Trust,QT6,NHS Cornwall And The Isles Of Scilly Integrated Care Board,LEGACY,South of England Commissioning Region
2023-08/Trust-ICB-Attribution-File.xls,2023-24,2023-07,2023-04-01,2023-08-10,2023-07-01,RJC,South Warwickshire University NHS Foundation Trust,QWU,NHS Coventry And Warwickshire Integrated Care Board,LEGACY,Midlands and East of England Commissioning Region
2023-08/Trust-ICB-Attribution-File.xls,2023-24,2023-07,2023-04-01,2023-08-10,2023-07-01,RJE,University Hospitals Of North Midlands NHS Trust,QNC,NHS Staffordshire And Stoke-On-Trent Integrated Care Board,LEGACY,Midlands and East of England Commissioning Region
2023-08/Trust-ICB-Attribution-File.xls,2023-24,2023-07,2023-04-01,2023-08-10,2023-07-01,RJL,Northern Lincolnshire And Goole NHS Foundation Trust,QOQ,NHS Humber And North Yorkshire Integrated Care Board,LEGACY,North of England Commissioning Region
2023-08/Trust-ICB-Attribution-File.xls,2023-24,2023-07,2023-04-01,2023-08-10,2023-07-01,RJN,East Cheshire NHS Trust,QYG,NHS Cheshire And Merseyside Integrated Care Board,LEGACY,North of England Commissioning Region
2023-08/Trust-ICB-Attribution-File.xls,2023-24,2023-07,2023-04-01,2023-08-10,2023-07-01,RJR,Countess Of Chester Hospital NHS Foundation Trust,QYG,NHS Cheshire And Merseyside Integrated Care Board,LEGACY,North of England Commissioning Region
2023-08/Trust-ICB-Attribution-File.xls,2023-24,2023-07,2023-04-01,2023-08-10,2023-07-01,RJZ,King's College Hospital NHS Foundation Trust,QKK,NHS South East London Integrated Care Board,LONDON,London Commissioning Region
2023-08/Trust-ICB-Attribution-File.xls,2023-24,2023-07,2023-04-01,2023-08-10,2023-07-01,RK5,Sherwood Forest Hospitals NHS Foundation Trust,QT1,NHS Nottingham And Nottinghamshire Integrated Care Board,LEGACY,Midlands and East of England Commissioning Region
2023-08/Trust-ICB-Attribution-File.xls,2023-24,2023-07,2023-04-01,2023-08-10,2023-07-01,RK9,University Hospitals Plymouth NHS Trust,QJK,NHS Devon Integrated Care Board,LEGACY,South of England Commissioning Region
2023-08/Trust-ICB-Attribution-File.xls,2023-24,2023-07,2023-04-01,2023-08-10,2023-07-01,RKB,University Hospitals Coventry And Warwickshire NHS Trust,QWU,NHS Coventry And Warwickshire Integrated Care Board,LEGACY,Midlands and East of England Commissioning Region
2023-08/Trust-ICB-Attribution-File.xls,2023-24,2023-07,2023-04-01,2023-08-10,2023-07-01,RKE,Whittington Health NHS Trust,QMJ,NHS North Central London Integrated Care Board,LONDON,London Commissioning Region
2023-08/Trust-ICB-Attribution-File.xls,2023-24,2023-07,2023-04-01,2023-08-10,2023-07-01,RL1,The Robert Jones And Agnes Hunt Orthopaedic Hospital NHS Foundation Trust,QOC,"NHS Shropshire, Telford And Wrekin Integrated Care Board",LEGACY,Midlands and East of England Commissioning Region
2023-08/Trust-ICB-Attribution-File.xls,2023-24,2023-07,2023-04-01,2023-08-10,2023-07-01,RL4,The Royal Wolverhampton NHS Trust,QUA,NHS Black Country Integrated Care Board,LEGACY,Midlands and East of England Commissioning Region
2023-08/Trust-ICB-Attribution-File.xls,2023-24,2023-07,2023-04-01,2023-08-10,2023-07-01,RLQ,Wye Valley NHS Trust,QGH,NHS Herefordshire And Worcestershire Integrated Care Board,LEGACY,Midlands and East of England Commissioning Region
2023-08/Trust-ICB-Attribution-File.xls,2023-24,2023-07,2023-04-01,2023-08-10,2023-07-01,RLT,George Eliot Hospital NHS Trust,QWU,NHS Coventry And Warwickshire Integrated Care Board,LEGACY,Midlands and East of England Commissioning Region
2023-08/Trust-ICB-Attribution-File.xls,2023-24,2023-07,2023-04-01,2023-08-10,2023-07-01,RM1,Norfolk And Norwich University Hospitals NHS Foundation Trust,QMM,NHS Norfolk And Waveney Integrated Care Board,EAST OF ENGLAND,East of England Commissioning Region
2023-08/Trust-ICB-Attribution-File.xls,2023-24,2023-07,2023-04-01,2023-08-10,2023-07-01,RM3,Northern Care Alliance NHS Foundation Trust,QOP,NHS Greater Manchester Integrated Care Board,LEGACY,North of England Commissioning Region
2023-08/Trust-ICB-Attribution-File.xls,2023-24,2023-07,2023-04-01,2023-08-10,2023-07-01,RMC,Bolton NHS Foundation Trust,QOP,NHS Greater Manchester Integrated Care Board,LEGACY,North of England Commissioning Region
2023-08/Trust-ICB-Attribution-File.xls,2023-24,2023-07,2023-04-01,2023-08-10,2023-07-01,RMP,Tameside And Glossop Integrated Care NHS Foundation Trust,QOP,NHS Greater Manchester Integrated Care Board,LEGACY,North of England Commissioning Region
2023-08/Trust-ICB-Attribution-File.xls,2023-24,2023-07,2023-04-01,2023-08-10,2023-07-01,RN3,Great Western Hospitals NHS Foundation Trust,QOX,"NHS Bath And North East Somerset, Swindon And Wiltshire Integrated Care Board",LEGACY,South of England Commissioning Region
2023-08/Trust-ICB-Attribution-File.xls,2023-24,2023-07,2023-04-01,2023-08-10,2023-07-01,RN5,Hampshire Hospitals NHS Foundation Trust,QRL,NHS Hampshire And Isle Of Wight Integrated Care Board,LEGACY,South of England Commissioning Region
2023-08/Trust-ICB-Attribution-File.xls,2023-24,2023-07,2023-04-01,2023-08-10,2023-07-01,RN7,Dartford And Gravesham NHS Trust,QKS,NHS Kent And Medway Integrated Care Board,LEGACY,South of England Commissioning Region
2023-08/Trust-ICB-Attribution-File.xls,2023-24,2023-07,2023-04-01,2023-08-10,2023-07-01,RNA,The Dudley Group NHS Foundation Trust,QUA,NHS Black Country Integrated Care Board,LEGACY,Midlands and East of England Commissioning Region
2023-08/Trust-ICB-Attribution-File.xls,2023-24,2023-07,2023-04-01,2023-08-10,2023-07-01,RNN,North Cumbria Integrated Care NHS Foundation Trust,QHM,NHS North East And North Cumbria Integrated Care Board,LEGACY,North of England Commissioning Region
2023-08/Trust-ICB-Attribution-File.xls,2023-24,2023-07,2023-04-01,2023-08-10,2023-07-01,RNQ,Kettering General Hospital NHS Foundation Trust,QPM,NHS Northamptonshire Integrated Care Board,LEGACY,Midlands and East of England Commissioning Region
2023-08/Trust-ICB-Attribution-File.xls,2023-24,2023-07,2023-04-01,2023-08-10,2023-07-01,RNS,Northampton General Hospital NHS Trust,QPM,NHS Northamptonshire Integrated Care Board,LEGACY,Midlands and East of England Commissioning Region
2023-08/Trust-ICB-Attribution-File.xls,2023-24,2023-07,2023-04-01,2023-08-10,2023-07-01,RNU,Oxford Health NHS Foundation Trust,QU9,"NHS Buckinghamshire, Oxfordshire And Berkshire West Integrated Care Board",LEGACY,South of England Commissioning Region
2023-08/Trust-ICB-Attribution-File.xls,2023-24,2023-07,2023-04-01,2023-08-10,2023-07-01,RNZ,Salisbury NHS Foundation Trust,QOX,"NHS Bath And North East Somerset, Swindon And Wiltshire Integrated Care Board",LEGACY,South of England Commissioning Region
2023-08/Trust-ICB-Attribution-File.xls,2023-24,2023-07,2023-04-01,2023-08-10,2023-07-01,RP5,Doncaster And Bassetlaw Teaching Hospitals NHS Foundation Trust,QF7,NHS South Yorkshire Integrated Care Board,LEGACY,North of England Commissioning Region
2023-08/Trust-ICB-Attribution-File.xls,2023-24,2023-07,2023-04-01,2023-08-10,2023-07-01,RP6,Moorfields Eye Hospital NHS Foundation Trust,QMJ,NHS North Central London Integrated Care Board,LONDON,London Commissioning Region
2023-08/Trust-ICB-Attribution-File.xls,2023-24,2023-07,2023-04-01,2023-08-10,2023-07-01,RPA,Medway NHS Foundation Trust,QKS,NHS Kent And Medway Integrated Care Board,LEGACY,South of England Commissioning Region
2023-08/Trust-ICB-Attribution-File.xls,2023-24,2023-07,2023-04-01,2023-08-10,2023-07-01,RPC,Queen Victoria Hospital NHS Foundation Trust,QNX,NHS Sussex Integrated Care Board,LEGACY,South of England Commissioning Region
2023-08/Trust-ICB-Attribution-File.xls,2023-24,2023-07,2023-04-01,2023-08-10,2023-07-01,RQ3,Birmingham Women's And Children's NHS Foundation Trust,QHL,NHS Birmingham And Solihull Integrated Care Board,LEGACY,Midlands and East of England Commissioning Region
2023-08/Trust-ICB-Attribution-File.xls,2023-24,2023-07,2023-04-01,2023-08-10,2023-07-01,RQM,Chelsea And Westminster Hospital NHS Foundation Trust,QRV,NHS North West London Integrated Care Board,LONDON,London Commissioning Region
2023-08/Trust-ICB-Attribution-File.xls,2023-24,2023-07,2023-04-01,2023-08-10,2023-07-01,RQW,The Princess Alexandra Hospital NHS Trust,QM7,NHS Hertfordshire And West Essex Integrated Care Board,EAST OF ENGLAND,East of England Commissioning Region
2023-08/Trust-ICB-Attribution-File.xls,2023-24,2023-07,2023-04-01,2023-08-10,2023-07-01,RQX,Homerton Healthcare NHS Foundation Trust,QMF,NHS North East London Integrated Care Board,LONDON,London Commissioning Region
2023-08/Trust-ICB-Attribution-File.xls,2023-24,2023-07,2023-04-01,2023-08-10,2023-07-01,RR7,Gateshead Health NHS Foundation Trust,QHM,NHS North East And North Cumbria Integrated Care Board,LEGACY,North of England Commissioning Region
2023-08/Trust-ICB-Attribution-File.xls,2023-24,2023-07,2023-04-01,2023-08-10,2023-07-01,RR8,Leeds Teaching Hospitals NHS Trust,QWO,NHS West Yorkshire Integrated Care Board,LEGACY,North of England Commissioning Region
2023-08/Trust-ICB-Attribution-File.xls,2023-24,2023-07,2023-04-01,2023-08-10,2023-07-01,RRF,"Wrightington, Wigan And Leigh NHS Foundation Trust",QOP,NHS Greater Manchester Integrated Care Board,LEGACY,North of England Commissioning Region
2023-08/Trust-ICB-Attribution-File.xls,2023-24,2023-07,2023-04-01,2023-08-10,2023-07-01,RRK,University Hospitals Birmingham NHS Foundation Trust,QHL,NHS Birmingham And Solihull Integrated Care Board,LEGACY,Midlands and East of England Commissioning Region
2023-08/Trust-ICB-Attribution-File.xls,2023-24,2023-07,2023-04-01,2023-08-10,2023-07-01,RRV,University College London Hospitals NHS Foundation Trust,QMJ,NHS North Central London Integrated Care Board,LONDON,London Commissioning Region
2023-08/Trust-ICB-Attribution-File.xls,2023-24,2023-07,2023-04-01,2023-08-10,2023-07-01,RTD,The Newcastle Upon Tyne Hospitals NHS Foundation Trust,QHM,NHS North East And North Cumbria Integrated Care Board,LEGACY,North of England Commissioning Region
2023-08/Trust-ICB-Attribution-File.xls,2023-24,2023-07,2023-04-01,2023-08-10,2023-07-01,RTE,Gloucestershire Hospitals NHS Foundation Trust,QR1,NHS Gloucestershire Integrated Care Board,LEGACY,South of England Commissioning Region
2023-08/Trust-ICB-Attribution-File.xls,2023-24,2023-07,2023-04-01,2023-08-10,2023-07-01,RTF,Northumbria Healthcare NHS Foundation Trust,QHM,NHS North East And North Cumbria Integrated Care Board,LEGACY,North of England Commissioning Region
2023-08/Trust-ICB-Attribution-File.xls,2023-24,2023-07,2023-04-01,2023-08-10,2023-07-01,RTG,University Hospitals Of Derby And Burton NHS Foundation Trust,QJ2,NHS Derby And Derbyshire Integrated Care Board,LEGACY,Midlands and East of England Commissioning Region
2023-08/Trust-ICB-Attribution-File.xls,2023-24,2023-07,2023-04-01,2023-08-10,2023-07-01,RTH,Oxford University Hospitals NHS Foundation Trust,QU9,"NHS Buckinghamshire, Oxfordshire And Berkshire West Integrated Care Board",LEGACY,South of England Commissioning Region
2023-08/Trust-ICB-Attribution-File.xls,2023-24,2023-07,2023-04-01,2023-08-10,2023-07-01,RTK,Ashford And St Peter's Hospitals NHS Foundation Trust,QXU,NHS Surrey Heartlands Integrated Care Board,LEGACY,South of England Commissioning Region
2023-08/Trust-ICB-Attribution-File.xls,2023-24,2023-07,2023-04-01,2023-08-10,2023-07-01,RTP,Surrey And Sussex Healthcare NHS Trust,QXU,NHS Surrey Heartlands Integrated Care Board,LEGACY,South of England Commissioning Region
2023-08/Trust-ICB-Attribution-File.xls,2023-24,2023-07,2023-04-01,2023-08-10,2023-07-01,RTQ,Gloucestershire Health And Care NHS Foundation Trust,QR1,NHS Gloucestershire Integrated Care Board,LEGACY,South of England Commissioning Region
2023-08/Trust-ICB-Attribution-File.xls,2023-24,2023-07,2023-04-01,2023-08-10,2023-07-01,RTR,South Tees Hospitals NHS Foundation Trust,QHM,NHS North East And North Cumbria Integrated Care Board,LEGACY,North of England Commissioning Region
2023-08/Trust-ICB-Attribution-File.xls,2023-24,2023-07,2023-04-01,2023-08-10,2023-07-01,RTX,University Hospitals Of Morecambe Bay NHS Foundation Trust,QE1,NHS Lancashire And South Cumbria Integrated Care Board,LEGACY,North of England Commissioning Region
2023-08/Trust-ICB-Attribution-File.xls,2023-24,2023-07,2023-04-01,2023-08-10,2023-07-01,RV9,Humber Teaching NHS Foundation Trust,QOQ,NHS Humber And North Yorkshire Integrated Care Board,LEGACY,North of England Commissioning Region
2023-08/Trust-ICB-Attribution-File.xls,2023-24,2023-07,2023-04-01,2023-08-10,2023-07-01,RVJ,North Bristol NHS Trust,QUY,"NHS Bristol, North Somerset And South Gloucestershire Integrated Care Board",LEGACY,South of England Commissioning Region
2023-08/Trust-ICB-Attribution-File.xls,2023-24,2023-07,2023-04-01,2023-08-10,2023-07-01,RVR,Epsom And St Helier University Hospitals NHS Trust,QWE,NHS South West London Integrated Care Board,LONDON,London Commissioning Region
2023-08/Trust-ICB-Attribution-File.xls,2023-24,2023-07,2023-04-01,2023-08-10,2023-07-01,RVV,East Kent Hospitals University NHS Foundation Trust,QKS,NHS Kent And Medway Integrated Care Board,LEGACY,South of England Commissioning Region
2023-08/Trust-ICB-Attribution-File.xls,2023-24,2023-07,2023-04-01,2023-08-10,2023-07-01,RVW,North Tees And Hartlepool NHS Foundation Trust,QHM,NHS North East And North Cumbria Integrated Care Board,LEGACY,North of England Commissioning Region
2023-08/Trust-ICB-Attribution-File.xls,2023-24,2023-07,2023-04-01,2023-08-10,2023-07-01,RW1,Southern Health NHS Foundation Trust,QRL,NHS Hampshire And Isle Of Wight Integrated Care Board,LEGACY,South of England Commissioning Region
2023-08/Trust-ICB-Attribution-File.xls,2023-24,2023-07,2023-04-01,2023-08-10,2023-07-01,RW4,Mersey Care NHS Foundation Trust,QYG,NHS Cheshire And Merseyside Integrated Care Board,LEGACY,North of England Commissioning Region
2023-08/Trust-ICB-Attribution-File.xls,2023-24,2023-07,2023-04-01,2023-08-10,2023-07-01,RWA,Hull University Teaching Hospitals NHS Trust,QOQ,NHS Humber And North Yorkshire Integrated Care Board,LEGACY,North of England Commissioning Region
2023-08/Trust-ICB-Attribution-File.xls,2023-24,2023-07,2023-04-01,2023-08-10,2023-07-01,RWD,United Lincolnshire Hospitals NHS Trust,QJM,NHS Lincolnshire Integrated Care Board,LEGACY,Midlands and East of England Commissioning Region
2023-08/Trust-ICB-Attribution-File.xls,2023-24,2023-07,2023-04-01,2023-08-10,2023-07-01,RWE,University Hospitals Of Leicester NHS Trust,QK1,"NHS Leicester, Leicestershire And Rutland Integrated Care Board",LEGACY,Midlands and East of England Commissioning Region
2023-08/Trust-ICB-Attribution-File.xls,2023-24,2023-07,2023-04-01,2023-08-10,2023-07-01,RWF,Maidstone And Tunbridge Wells NHS Trust,QKS,NHS Kent And Medway Integrated Care Board,LEGACY,South of England Commissioning Region
2023-08/Trust-ICB-Attribution-File.xls,2023-24,2023-07,2023-04-01,2023-08-10,2023-07-01,RWG,West Hertfordshire Teaching Hospitals NHS Trust,QM7,NHS Hertfordshire And West Essex Integrated Care Board,EAST OF ENGLAND,East of England Commissioning Region
2023-08/Trust-ICB-Attribution-File.xls,2023-24,2023-07,2023-04-01,2023-08-10,2023-07-01,RWH,East And North Hertfordshire NHS Trust,QM7,NHS Hertfordshire And West Essex Integrated Care Board,EAST OF ENGLAND,East of England Commissioning Region
2023-08/Trust-ICB-Attribution-File.xls,2023-24,2023-07,2023-04-01,2023-08-10,2023-07-01,RWJ,Stockport NHS Foundation Trust,QOP,NHS Greater Manchester Integrated Care Board,LEGACY,North of England Commissioning Region
2023-08/Trust-ICB-Attribution-File.xls,2023-24,2023-07,2023-04-01,2023-08-10,2023-07-01,RWP,Worcestershire Acute Hospitals NHS Trust,QGH,NHS Herefordshire And Worcestershire Integrated Care Board,LEGACY,Midlands and East of England Commissioning Region
2023-08/Trust-ICB-Attribution-File.xls,2023-24,2023-07,2023-04-01,2023-08-10,2023-07-01,RWW,Warrington And Halton Teaching Hospitals NHS Foundation Trust,QYG,NHS Cheshire And Merseyside Integrated Care Board,LEGACY,North of England Commissioning Region
2023-08/Trust-ICB-Attribution-File.xls,2023-24,2023-07,2023-04-01,2023-08-10,2023-07-01,RWX,Berkshire Healthcare NHS Foundation Trust,QU9,"NHS Buckinghamshire, Oxfordshire And Berkshire West Integrated Care Board",LEGACY,South of England Commissioning Region
2023-08/Trust-ICB-Attribution-File.xls,2023-24,2023-07,2023-04-01,2023-08-10,2023-07-01,RWY,Calderdale And Huddersfield NHS Foundation Trust,QWO,NHS West Yorkshire Integrated Care Board,LEGACY,North of England Commissioning Region
2023-08/Trust-ICB-Attribution-File.xls,2023-24,2023-07,2023-04-01,2023-08-10,2023-07-01,RX1,Nottingham University Hospitals NHS Trust,QT1,NHS Nottingham And Nottinghamshire Integrated Care Board,LEGACY,Midlands and East of England Commissioning Region
2023-08/Trust-ICB-Attribution-File.xls,2023-24,2023-07,2023-04-01,2023-08-10,2023-07-01,RXC,East Sussex Healthcare NHS Trust,QNX,NHS Sussex Integrated Care Board,LEGACY,South of England Commissioning Region
2023-08/Trust-ICB-Attribution-File.xls,2023-24,2023-07,2023-04-01,2023-08-10,2023-07-01,RXF,Mid Yorkshire Hospitals NHS Trust,QWO,NHS West Yorkshire Integrated Care Board,LEGACY,North of England Commissioning Region
2023-08/Trust-ICB-Attribution-File.xls,2023-24,2023-07,2023-04-01,2023-08-10,2023-07-01,RXG,South West Yorkshire Partnership NHS Foundation Trust,QWO,NHS West Yorkshire Integrated Care Board,LEGACY,North of England Commissioning Region
2023-08/Trust-ICB-Attribution-File.xls,2023-24,2023-07,2023-04-01,2023-08-10,2023-07-01,RXK,Sandwell And West Birmingham Hospitals NHS Trust,QUA,NHS Black Country Integrated Care Board,LEGACY,Midlands and East of England Commissioning Region
2023-08/Trust-ICB-Attribution-File.xls,2023-24,2023-07,2023-04-01,2023-08-10,2023-07-01,RXL,Blackpool Teaching Hospitals NHS Foundation Trust,QE1,NHS Lancashire And South Cumbria Integrated Care Board,LEGACY,North of England Commissioning Region
2023-08/Trust-ICB-Attribution-File.xls,2023-24,2023-07,2023-04-01,2023-08-10,2023-07-01,RXN,Lancashire Teaching Hospitals NHS Foundation Trust,QE1,NHS Lancashire And South Cumbria Integrated Care Board,LEGACY,North of England Commissioning Region
2023-08/Trust-ICB-Attribution-File.xls,2023-24,2023-07,2023-04-01,2023-08-10,2023-07-01,RXP,County Durham And Darlington NHS Foundation Trust,QHM,NHS North East And North Cumbria Integrated Care Board,LEGACY,North of England Commissioning Region
2023-08/Trust-ICB-Attribution-File.xls,2023-24,2023-07,2023-04-01,2023-08-10,2023-07-01,RXQ,Buckinghamshire Healthcare NHS Trust,QU9,"NHS Buckinghamshire, Oxfordshire And Berkshire West Integrated Care Board",LEGACY,South of England Commissioning Region
2023-08/Trust-ICB-Attribution-File.xls,2023-24,2023-07,2023-04-01,2023-08-10,2023-07-01,RXR,East Lancashire Hospitals NHS Trust,QE1,NHS Lancashire And South Cumbria Integrated Care Board,LEGACY,North of England Commissioning Region
2023-08/Trust-ICB-Attribution-File.xls,2023-24,2023-07,2023-04-01,2023-08-10,2023-07-01,RXW,The Shrewsbury And Telford Hospital NHS Trust,QOC,"NHS Shropshire, Telford And Wrekin Integrated Care Board",LEGACY,Midlands and East of England Commissioning Region
2023-08/Trust-ICB-Attribution-File.xls,2023-24,2023-07,2023-04-01,2023-08-10,2023-07-01,RY2,Bridgewater Community Healthcare NHS Foundation Trust,QYG,NHS Cheshire And Merseyside Integrated Care Board,LEGACY,North of England Commissioning Region
2023-08/Trust-ICB-Attribution-File.xls,2023-24,2023-07,2023-04-01,2023-08-10,2023-07-01,RY4,Hertfordshire Community NHS Trust,QM7,NHS Hertfordshire And West Essex Integrated Care Board,EAST OF ENGLAND,East of England Commissioning Region
2023-08/Trust-ICB-Attribution-File.xls,2023-24,2023-07,2023-04-01,2023-08-10,2023-07-01,RY5,Lincolnshire Community Health Services NHS Trust,QJM,NHS Lincolnshire Integrated Care Board,LEGACY,Midlands and East of England Commissioning Region
2023-08/Trust-ICB-Attribution-File.xls,2023-24,2023-07,2023-04-01,2023-08-10,2023-07-01,RY7,Wirral Community Health And Care NHS Foundation Trust,QYG,NHS Cheshire And Merseyside Integrated Care Board,LEGACY,North of England Commissioning Region
2023-08/Trust-ICB-Attribution-File.xls,2023-24,2023-07,2023-04-01,2023-08-10,2023-07-01,RY8,Derbyshire Community Health Services NHS Foundation Trust,QJ2,NHS Derby And Derbyshire Integrated Care Board,LEGACY,Midlands and East of England Commissioning Region
2023-08/Trust-ICB-Attribution-File.xls,2023-24,2023-07,2023-04-01,2023-08-10,2023-07-01,RY9,Hounslow And Richmond Community Healthcare NHS Trust,QWE,NHS South West London Integrated Care Board,LONDON,London Commissioning Region
2023-08/Trust-ICB-Attribution-File.xls,2023-24,2023-07,2023-04-01,2023-08-10,2023-07-01,RYF,South Western Ambulance Service NHS Foundation Trust,QJK,NHS Devon Integrated Care Board,LEGACY,South of England Commissioning Region
2023-08/Trust-ICB-Attribution-File.xls,2023-24,2023-07,2023-04-01,2023-08-10,2023-07-01,RYG,Coventry and Warwickshire Partnership NHS Trust,QWU,NHS Coventry And Warwickshire Integrated Care Board,LEGACY,Midlands and East of England Commissioning Region
2023-08/Trust-ICB-Attribution-File.xls,2023-24,2023-07,2023-04-01,2023-08-10,2023-07-01,RYJ,Imperial College Healthcare NHS Trust,QRV,NHS North West London Integrated Care Board,LONDON,London Commissioning Region
2023-08/Trust-ICB-Attribution-File.xls,2023-24,2023-07,2023-04-01,2023-08-10,2023-07-01,RYR,University Hospitals Sussex NHS Foundation Trust,QNX,NHS Sussex Integrated Care Board,LEGACY,South of England Commissioning Region
2023-08/Trust-ICB-Attribution-File.xls,2023-24,2023-07,2023-04-01,2023-08-10,2023-07-01,RYX,Central London Community Healthcare NHS Trust,QRV,NHS North West London Integrated Care Board,LONDON,London Commissioning Region
2023-08/Trust-ICB-Attribution-File.xls,2023-24,2023-07,2023-04-01,2023-08-10,2023-07-01,RYY,Kent Community Health NHS Foundation Trust,QKS,NHS Kent And Medway Integrated Care Board,LEGACY,South of England Commissioning Region
2023-08/Trust-ICB-Attribution-File.xls,2023-24,2023-07,2023-04-01,2023-08-10,2023-07-01,Y00751,East Berks Primary Care Ooh(Wam),QNQ,NHS Frimley Integrated Care Board,LEGACY,South of England Commissioning Region
2023-08/Trust-ICB-Attribution-File.xls,2023-24,2023-07,2023-04-01,2023-08-10,2023-07-01,Y02147,Urgent Care Centre (Qms),QKK,NHS South East London Integrated Care Board,LONDON,London Commissioning Region
2023-08/Trust-ICB-Attribution-File.xls,2023-24,2023-07,2023-04-01,2023-08-10,2023-07-01,Y02428,Putnoe Medical Centre Walk In Centre,QHG,"NHS Bedfordshire, Luton And Milton Keynes Integrated Care Board",EAST OF ENGLAND,East of England Commissioning Region
2023-08/Trust-ICB-Attribution-File.xls,2023-24,2023-07,2023-04-01,2023-08-10,2023-07-01,Y02532,Miriam Minor Emergency,QYG,NHS Cheshire And Merseyside Integrated Care Board,LEGACY,North of England Commissioning Region
2023-08/Trust-ICB-Attribution-File.xls,2023-24,2023-07,2023-04-01,2023-08-10,2023-07-01,Y02615,South Birmingham GP Walk In Centre,QHL,NHS Birmingham And Solihull Integrated Care Board,LEGACY,Midlands and East of England Commissioning Region
2023-08/Trust-ICB-Attribution-File.xls,2023-24,2023-07,2023-04-01,2023-08-10,2023-07-01,Y02676,Brighton Station Health Centre,QNX,NHS Sussex Integrated Care Board,LEGACY,South of England Commissioning Region
2023-08/Trust-ICB-Attribution-File.xls,2023-24,2023-07,2023-04-01,2023-08-10,2023-07-01,Y03007,Erdington GP Health & Wellbeing Wic,QHL,NHS Birmingham And Solihull Integrated Care Board,LEGACY,Midlands and East of England Commissioning Region
2023-08/Trust-ICB-Attribution-File.xls,2023-24,2023-07,2023-04-01,2023-08-10,2023-07-01,Y03218,The Pinn Unregistered Wic,QRV,NHS North West London Integrated Care Board,LONDON,London Commissioning Region
2023-08/Trust-ICB-Attribution-File.xls,2023-24,2023-07,2023-04-01,2023-08-10,2023-07-01,Y03571,Corby Urgent Care Centre,QPM,NHS Northamptonshire Integrated Care Board,LEGACY,Midlands and East of England Commissioning Region
2023-08/Trust-ICB-Attribution-File.xls,2023-24,2023-07,2023-04-01,2023-08-10,2023-07-01,Y04538,Bracknell Urgent Care Centre Wic,QNQ,NHS Frimley Integrated Care Board,LEGACY,South of England Commissioning Region
2023-09/Trust-ICB-Attribution-File.xls,2023-24,2023-08,2023-04-01,2023-09-25,2023-07-01,8J094,Badger Ltd,QHL,NHS Birmingham And Solihull Integrated Care Board,MIDLANDS,Midlands Commissioning Region
2023-09/Trust-ICB-Attribution-File.xls,2023-24,2023-08,2023-04-01,2023-09-25,2023-07-01,AAH,Tetbury Hospital Trust Ltd,QR1,NHS Gloucestershire Integrated Care Board,SOUTH WEST,South West Commissioning Region
2023-09/Trust-ICB-Attribution-File.xls,2023-24,2023-08,2023-04-01,2023-09-25,2023-07-01,ACH01,Whitstable Medical Practice,QKS,NHS Kent And Medway Integrated Care Board,SOUTH EAST,South East Commissioning Region
2023-09/Trust-ICB-Attribution-File.xls,2023-24,2023-08,2023-04-01,2023-09-25,2023-07-01,AD913,Beckenham Beacon Ucc,QKK,NHS South East London Integrated Care Board,LONDON,London Commissioning Region
2023-09/Trust-ICB-Attribution-File.xls,2023-24,2023-08,2023-04-01,2023-09-25,2023-07-01,AJN,Workington Health Limited,QHM,NHS North East And North Cumbria Integrated Care Board,NORTH EAST AND YORKSHIRE,North East and Yorkshire Commissioning Region
2023-09/Trust-ICB-Attribution-File.xls,2023-24,2023-08,2023-04-01,2023-09-25,2023-07-01,AQN04,Phl Lymington Utc,QRL,NHS Hampshire And Isle Of Wight Integrated Care Board,SOUTH EAST,South East Commissioning Region
2023-09/Trust-ICB-Attribution-File.xls,2023-24,2023-08,2023-04-01,2023-09-25,2023-07-01,ARN03,Local Care Direct,QWO,NHS West Yorkshire Integrated Care Board,NORTH EAST AND YORKSHIRE,North East and Yorkshire Commissioning Region
2023-09/Trust-ICB-Attribution-File.xls,2023-24,2023-08,2023-04-01,2023-09-25,2023-07-01,AXG,Wiltshire Health & Care,QOX,"NHS Bath And North East Somerset, Swindon And Wiltshire Integrated Care Board",SOUTH WEST,South West Commissioning Region
2023-09/Trust-ICB-Attribution-File.xls,2023-24,2023-08,2023-04-01,2023-09-25,2023-07-01,C82009,Market Harborough Med.Ctr,QK1,"NHS Leicester, Leicestershire And Rutland Integrated Care Board",MIDLANDS,Midlands Commissioning Region
2023-09/Trust-ICB-Attribution-File.xls,2023-24,2023-08,2023-04-01,2023-09-25,2023-07-01,C82038,Latham House Medical Practice,QK1,"NHS Leicester, Leicestershire And Rutland Integrated Care Board",MIDLANDS,Midlands Commissioning Region
2023-09/Trust-ICB-Attribution-File.xls,2023-24,2023-08,2023-04-01,2023-09-25,2023-07-01,C83023,Sleaford Medical Group,QJM,NHS Lincolnshire Integrated Care Board,MIDLANDS,Midlands Commissioning Region
2023-09/Trust-ICB-Attribution-File.xls,2023-24,2023-08,2023-04-01,2023-09-25,2023-07-01,DD401,Exmouth Minor Injury Unit,QJK,NHS Devon Integrated Care Board,SOUTH WEST,South West Commissioning Region
2023-09/Trust-ICB-Attribution-File.xls,2023-24,2023-08,2023-04-01,2023-09-25,2023-07-01,DT301,Herts Urgent Care (Ascots Lane),QM7,NHS Hertfordshire And West Essex Integrated Care Board,EAST OF ENGLAND,East of England Commissioning Region
2023-09/Trust-ICB-Attribution-File.xls,2023-24,2023-08,2023-04-01,2023-09-25,2023-07-01,L83087,Okehampton Medical Centre,QJK,NHS Devon Integrated Care Board,SOUTH WEST,South West Commissioning Region
2023-09/Trust-ICB-Attribution-File.xls,2023-24,2023-08,2023-04-01,2023-09-25,2023-07-01,NDA57,Haslemere Minor Injuries Unit,QXU,NHS Surrey Heartlands Integrated Care Board,SOUTH EAST,South East Commissioning Region
2023-09/Trust-ICB-Attribution-File.xls,2023-24,2023-08,2023-04-01,2023-09-25,2023-07-01,NDJ,First Community Health And Care Cic,QNX,NHS Sussex Integrated Care Board,SOUTH EAST,South East Commissioning Region
2023-09/Trust-ICB-Attribution-File.xls,2023-24,2023-08,2023-04-01,2023-09-25,2023-07-01,NL7,Assura Vertis Urgent Care Centres (Birmingham),QHL,NHS Birmingham And Solihull Integrated Care Board,MIDLANDS,Midlands Commissioning Region
2023-09/Trust-ICB-Attribution-File.xls,2023-24,2023-08,2023-04-01,2023-09-25,2023-07-01,NLX,Sirona Care & Health,QUY,"NHS Bristol, North Somerset And South Gloucestershire Integrated Care Board",SOUTH WEST,South West Commissioning Region
2023-09/Trust-ICB-Attribution-File.xls,2023-24,2023-08,2023-04-01,2023-09-25,2023-07-01,NNF09,Bransholme Health Centre,QOQ,NHS Humber And North Yorkshire Integrated Care Board,NORTH EAST AND YORKSHIRE,North East and Yorkshire Commissioning Region
2023-09/Trust-ICB-Attribution-File.xls,2023-24,2023-08,2023-04-01,2023-09-25,2023-07-01,NNF76,The Wilberforce Health Centre,QOQ,NHS Humber And North Yorkshire Integrated Care Board,NORTH EAST AND YORKSHIRE,North East and Yorkshire Commissioning Region
2023-09/Trust-ICB-Attribution-File.xls,2023-24,2023-08,2023-04-01,2023-09-25,2023-07-01,NNF94,East Riding Community Hospital,QOQ,NHS Humber And North Yorkshire Integrated Care Board,NORTH EAST AND YORKSHIRE,North East and Yorkshire Commissioning Region
2023-09/Trust-ICB-Attribution-File.xls,2023-24,2023-08,2023-04-01,2023-09-25,2023-07-01,NNFA7,Goole & District Hospital,QOQ,NHS Humber And North Yorkshire Integrated Care Board,NORTH EAST AND YORKSHIRE,North East and Yorkshire Commissioning Region
2023-09/Trust-ICB-Attribution-File.xls,2023-24,2023-08,2023-04-01,2023-09-25,2023-07-01,NNJ,Dhu Health Care C.I.C,QJ2,NHS Derby And Derbyshire Integrated Care Board,MIDLANDS,Midlands Commissioning Region
2023-09/Trust-ICB-Attribution-File.xls,2023-24,2023-08,2023-04-01,2023-09-25,2023-07-01,NNJ07,Loughborough Urgent Care Centre,QK1,"NHS Leicester, Leicestershire And Rutland Integrated Care Board",MIDLANDS,Midlands Commissioning Region
2023-09/Trust-ICB-Attribution-File.xls,2023-24,2023-08,2023-04-01,2023-09-25,2023-07-01,NNJ0H,Llr Ea - The Merlyn Vaz Health & Social Care Centre,QK1,"NHS Leicester, Leicestershire And Rutland Integrated Care Board",MIDLANDS,Midlands Commissioning Region
2023-09/Trust-ICB-Attribution-File.xls,2023-24,2023-08,2023-04-01,2023-09-25,2023-07-01,NNJ12,Market Harborough,QK1,"NHS Leicester, Leicestershire And Rutland Integrated Care Board",MIDLANDS,Midlands Commissioning Region
2023-09/Trust-ICB-Attribution-File.xls,2023-24,2023-08,2023-04-01,2023-09-25,2023-07-01,NNJ13,Melton Mowbray,QK1,"NHS Leicester, Leicestershire And Rutland Integrated Care Board",MIDLANDS,Midlands Commissioning Region
2023-09/Trust-ICB-Attribution-File.xls,2023-24,2023-08,2023-04-01,2023-09-25,2023-07-01,NNJ14,Oadby,QK1,"NHS Leicester, Leicestershire And Rutland Integrated Care Board",MIDLANDS,Midlands Commissioning Region
2023-09/Trust-ICB-Attribution-File.xls,2023-24,2023-08,2023-04-01,2023-09-25,2023-07-01,NNJ15,Oakham,QK1,"NHS Leicester, Leicestershire And Rutland Integrated Care Board",MIDLANDS,Midlands Commissioning Region
2023-09/Trust-ICB-Attribution-File.xls,2023-24,2023-08,2023-04-01,2023-09-25,2023-07-01,NQT51,Station Plaza Health Centre,QNX,NHS Sussex Integrated Care Board,SOUTH EAST,South East Commissioning Region
2023-09/Trust-ICB-Attribution-File.xls,2023-24,2023-08,2023-04-01,2023-09-25,2023-07-01,NQT5F,Skelmersdale Walk In Centre,QE1,NHS Lancashire And South Cumbria Integrated Care Board,NORTH WEST,North West Commissioning Region
2023-09/Trust-ICB-Attribution-File.xls,2023-24,2023-08,2023-04-01,2023-09-25,2023-07-01,NQT5H,Paulton Memorial Hospital,QOX,"NHS Bath And North East Somerset, Swindon And Wiltshire Integrated Care Board",SOUTH WEST,South West Commissioning Region
2023-09/Trust-ICB-Attribution-File.xls,2023-24,2023-08,2023-04-01,2023-09-25,2023-07-01,NQTE4,Summerfield Urgent Care Centre,QUA,NHS Black Country Integrated Care Board,MIDLANDS,Midlands Commissioning Region
2023-09/Trust-ICB-Attribution-File.xls,2023-24,2023-08,2023-04-01,2023-09-25,2023-07-01,NR3,Nottingham Citycare Partnership,QT1,NHS Nottingham And Nottinghamshire Integrated Care Board,MIDLANDS,Midlands Commissioning Region
2023-09/Trust-ICB-Attribution-File.xls,2023-24,2023-08,2023-04-01,2023-09-25,2023-07-01,NTP11,Practice Plus Group Hospital - Southampton,QRL,NHS Hampshire And Isle Of Wight Integrated Care Board,SOUTH EAST,South East Commissioning Region
2023-09/Trust-ICB-Attribution-File.xls,2023-24,2023-08,2023-04-01,2023-09-25,2023-07-01,NTPAD,Practice Plus Group Surgical Centre - St Marys Portsmouth,QRL,NHS Hampshire And Isle Of Wight Integrated Care Board,SOUTH EAST,South East Commissioning Region
2023-09/Trust-ICB-Attribution-File.xls,2023-24,2023-08,2023-04-01,2023-09-25,2023-07-01,NTV0B,Ashford Walk-In-Centre,QXU,NHS Surrey Heartlands Integrated Care Board,SOUTH EAST,South East Commissioning Region
2023-09/Trust-ICB-Attribution-File.xls,2023-24,2023-08,2023-04-01,2023-09-25,2023-07-01,NTV0W,Woking Walk In Centre,QXU,NHS Surrey Heartlands Integrated Care Board,SOUTH EAST,South East Commissioning Region
2023-09/Trust-ICB-Attribution-File.xls,2023-24,2023-08,2023-04-01,2023-09-25,2023-07-01,NV693,Rossendale Miu & Ooh,QE1,NHS Lancashire And South Cumbria Integrated Care Board,NORTH WEST,North West Commissioning Region
2023-09/Trust-ICB-Attribution-File.xls,2023-24,2023-08,2023-04-01,2023-09-25,2023-07-01,R0A,Manchester University NHS Foundation Trust,QOP,NHS Greater Manchester Integrated Care Board,NORTH WEST,North West Commissioning Region
2023-09/Trust-ICB-Attribution-File.xls,2023-24,2023-08,2023-04-01,2023-09-25,2023-07-01,R0B,South Tyneside And Sunderland NHS Foundation Trust,QHM,NHS North East And North Cumbria Integrated Care Board,NORTH EAST AND YORKSHIRE,North East and Yorkshire Commissioning Region
2023-09/Trust-ICB-Attribution-File.xls,2023-24,2023-08,2023-04-01,2023-09-25,2023-07-01,R0D,University Hospitals Dorset NHS Foundation Trust,QVV,NHS Dorset Integrated Care Board,SOUTH WEST,South West Commissioning Region
2023-09/Trust-ICB-Attribution-File.xls,2023-24,2023-08,2023-04-01,2023-09-25,2023-07-01,R1D,Shropshire Community Health NHS Trust,QOC,"NHS Shropshire, Telford And Wrekin Integrated Care Board",MIDLANDS,Midlands Commissioning Region
2023-09/Trust-ICB-Attribution-File.xls,2023-24,2023-08,2023-04-01,2023-09-25,2023-07-01,R1F,Isle Of Wight NHS Trust,QRL,NHS Hampshire And Isle Of Wight Integrated Care Board,SOUTH EAST,South East Commissioning Region
2023-09/Trust-ICB-Attribution-File.xls,2023-24,2023-08,2023-04-01,2023-09-25,2023-07-01,R1H,Barts Health NHS Trust,QMF,NHS North East London Integrated Care Board,LONDON,London Commissioning Region
2023-09/Trust-ICB-Attribution-File.xls,2023-24,2023-08,2023-04-01,2023-09-25,2023-07-01,R1K,London North West University Healthcare NHS Trust,QRV,NHS North West London Integrated Care Board,LONDON,London Commissioning Region
2023-09/Trust-ICB-Attribution-File.xls,2023-24,2023-08,2023-04-01,2023-09-25,2023-07-01,RA2,Royal Surrey County Hospital NHS Foundation Trust,QXU,NHS Surrey Heartlands Integrated Care Board,SOUTH EAST,South East Commissioning Region
2023-09/Trust-ICB-Attribution-File.xls,2023-24,2023-08,2023-04-01,2023-09-25,2023-07-01,RA7,University Hospitals Bristol And Weston NHS Foundation Trust,QUY,"NHS Bristol, North Somerset And South Gloucestershire Integrated Care Board",SOUTH WEST,South West Commissioning Region
2023-09/Trust-ICB-Attribution-File.xls,2023-24,2023-08,2023-04-01,2023-09-25,2023-07-01,RA9,Torbay And South Devon NHS Foundation Trust,QJK,NHS Devon Integrated Care Board,SOUTH WEST,South West Commissioning Region
2023-09/Trust-ICB-Attribution-File.xls,2023-24,2023-08,2023-04-01,2023-09-25,2023-07-01,RAE,Bradford Teaching Hospitals NHS Foundation Trust,QWO,NHS West Yorkshire Integrated Care Board,NORTH EAST AND YORKSHIRE,North East and Yorkshire Commissioning Region
2023-09/Trust-ICB-Attribution-File.xls,2023-24,2023-08,2023-04-01,2023-09-25,2023-07-01,RAJ,Mid And South Essex NHS Foundation Trust,QH8,NHS Mid And South Essex Integrated Care Board,EAST OF ENGLAND,East of England Commissioning Region
2023-09/Trust-ICB-Attribution-File.xls,2023-24,2023-08,2023-04-01,2023-09-25,2023-07-01,RAL,Royal Free London NHS Foundation Trust,QMJ,NHS North Central London Integrated Care Board,LONDON,London Commissioning Region
2023-09/Trust-ICB-Attribution-File.xls,2023-24,2023-08,2023-04-01,2023-09-25,2023-07-01,RAN,Royal National Orthopaedic Hospital NHS Trust,QMJ,NHS North Central London Integrated Care Board,LONDON,London Commissioning Region
2023-09/Trust-ICB-Attribution-File.xls,2023-24,2023-08,2023-04-01,2023-09-25,2023-07-01,RAP,North Middlesex University Hospital NHS Trust,QMJ,NHS North Central London Integrated Care Board,LONDON,London Commissioning Region
2023-09/Trust-ICB-Attribution-File.xls,2023-24,2023-08,2023-04-01,2023-09-25,2023-07-01,RAS,The Hillingdon Hospitals NHS Foundation Trust,QRV,NHS North West London Integrated Care Board,LONDON,London Commissioning Region
2023-09/Trust-ICB-Attribution-File.xls,2023-24,2023-08,2023-04-01,2023-09-25,2023-07-01,RAT,North East London NHS Foundation Trust,QMF,NHS North East London Integrated Care Board,LONDON,London Commissioning Region
2023-09/Trust-ICB-Attribution-File.xls,2023-24,2023-08,2023-04-01,2023-09-25,2023-07-01,RAX,Kingston Hospital NHS Foundation Trust,QWE,NHS South West London Integrated Care Board,LONDON,London Commissioning Region
2023-09/Trust-ICB-Attribution-File.xls,2023-24,2023-08,2023-04-01,2023-09-25,2023-07-01,RBD,Dorset County Hospital NHS Foundation Trust,QVV,NHS Dorset Integrated Care Board,SOUTH WEST,South West Commissioning Region
2023-09/Trust-ICB-Attribution-File.xls,2023-24,2023-08,2023-04-01,2023-09-25,2023-07-01,RBK,Walsall Healthcare NHS Trust,QUA,NHS Black Country Integrated Care Board,MIDLANDS,Midlands Commissioning Region
2023-09/Trust-ICB-Attribution-File.xls,2023-24,2023-08,2023-04-01,2023-09-25,2023-07-01,RBL,Wirral University Teaching Hospital NHS Foundation Trust,QYG,NHS Cheshire And Merseyside Integrated Care Board,NORTH WEST,North West Commissioning Region
2023-09/Trust-ICB-Attribution-File.xls,2023-24,2023-08,2023-04-01,2023-09-25,2023-07-01,RBN,Mersey And West Lancashire Teaching Hospitals NHS Trust,QYG,NHS Cheshire And Merseyside Integrated Care Board,NORTH WEST,North West Commissioning Region
2023-09/Trust-ICB-Attribution-File.xls,2023-24,2023-08,2023-04-01,2023-09-25,2023-07-01,RBQ,Liverpool Heart And Chest Hospital NHS Foundation Trust,QYG,NHS Cheshire And Merseyside Integrated Care Board,NORTH WEST,North West Commissioning Region
2023-09/Trust-ICB-Attribution-File.xls,2023-24,2023-08,2023-04-01,2023-09-25,2023-07-01,RBS,Alder Hey Children's NHS Foundation Trust,QYG,NHS Cheshire And Merseyside Integrated Care Board,NORTH WEST,North West Commissioning Region
2023-09/Trust-ICB-Attribution-File.xls,2023-24,2023-08,2023-04-01,2023-09-25,2023-07-01,RBT,Mid Cheshire Hospitals NHS Foundation Trust,QYG,NHS Cheshire And Merseyside Integrated Care Board,NORTH WEST,North West Commissioning Region
2023-09/Trust-ICB-Attribution-File.xls,2023-24,2023-08,2023-04-01,2023-09-25,2023-07-01,RBV,The Christie NHS Foundation Trust,QOP,NHS Greater Manchester Integrated Care Board,NORTH WEST,North West Commissioning Region
2023-09/Trust-ICB-Attribution-File.xls,2023-24,2023-08,2023-04-01,2023-09-25,2023-07-01,RC9,Bedfordshire Hospitals NHS Foundation Trust,QHG,"NHS Bedfordshire, Luton And Milton Keynes Integrated Care Board",EAST OF ENGLAND,East of England Commissioning Region
2023-09/Trust-ICB-Attribution-File.xls,2023-24,2023-08,2023-04-01,2023-09-25,2023-07-01,RCB,York And Scarborough Teaching Hospitals NHS Foundation Trust,QOQ,NHS Humber And North Yorkshire Integrated Care Board,NORTH EAST AND YORKSHIRE,North East and Yorkshire Commissioning Region
2023-09/Trust-ICB-Attribution-File.xls,2023-24,2023-08,2023-04-01,2023-09-25,2023-07-01,RCD,Harrogate And District NHS Foundation Trust,QOQ,NHS Humber And North Yorkshire Integrated Care Board,NORTH EAST AND YORKSHIRE,North East and Yorkshire Commissioning Region
2023-09/Trust-ICB-Attribution-File.xls,2023-24,2023-08,2023-04-01,2023-09-25,2023-07-01,RCF,Airedale NHS Foundation Trust,QWO,NHS West Yorkshire Integrated Care Board,NORTH EAST AND YORKSHIRE,North East and Yorkshire Commissioning Region
2023-09/Trust-ICB-Attribution-File.xls,2023-24,2023-08,2023-04-01,2023-09-25,2023-07-01,RCU,Sheffield Children's NHS Foundation Trust,QF7,NHS South Yorkshire Integrated Care Board,NORTH EAST AND YORKSHIRE,North East and Yorkshire Commissioning Region
2023-09/Trust-ICB-Attribution-File.xls,2023-24,2023-08,2023-04-01,2023-09-25,2023-07-01,RCX,"The Queen Elizabeth Hospital, King's Lynn, NHS Foundation Trust",QMM,NHS Norfolk And Waveney Integrated Care Board,EAST OF ENGLAND,East of England Commissioning Region
2023-09/Trust-ICB-Attribution-File.xls,2023-24,2023-08,2023-04-01,2023-09-25,2023-07-01,RD1,Royal United Hospitals Bath NHS Foundation Trust,QOX,"NHS Bath And North East Somerset, Swindon And Wiltshire Integrated Care Board",SOUTH WEST,South West Commissioning Region
2023-09/Trust-ICB-Attribution-File.xls,2023-24,2023-08,2023-04-01,2023-09-25,2023-07-01,RD8,Milton Keynes University Hospital NHS Foundation Trust,QHG,"NHS Bedfordshire, Luton And Milton Keynes Integrated Care Board",EAST OF ENGLAND,East of England Commissioning Region
2023-09/Trust-ICB-Attribution-File.xls,2023-24,2023-08,2023-04-01,2023-09-25,2023-07-01,RDE,East Suffolk And North Essex NHS Foundation Trust,QJG,NHS Suffolk And North East Essex Integrated Care Board,EAST OF ENGLAND,East of England Commissioning Region
2023-09/Trust-ICB-Attribution-File.xls,2023-24,2023-08,2023-04-01,2023-09-25,2023-07-01,RDR,Sussex Community NHS Foundation Trust,QNX,NHS Sussex Integrated Care Board,SOUTH EAST,South East Commissioning Region
2023-09/Trust-ICB-Attribution-File.xls,2023-24,2023-08,2023-04-01,2023-09-25,2023-07-01,RDU,Frimley Health NHS Foundation Trust,QNQ,NHS Frimley Integrated Care Board,SOUTH EAST,South East Commissioning Region
2023-09/Trust-ICB-Attribution-File.xls,2023-24,2023-08,2023-04-01,2023-09-25,2023-07-01,RDY,Dorset Healthcare University NHS Foundation Trust,QVV,NHS Dorset Integrated Care Board,SOUTH WEST,South West Commissioning Region
2023-09/Trust-ICB-Attribution-File.xls,2023-24,2023-08,2023-04-01,2023-09-25,2023-07-01,REF,Royal Cornwall Hospitals NHS Trust,QT6,NHS Cornwall And The Isles Of Scilly Integrated Care Board,SOUTH WEST,South West Commissioning Region
2023-09/Trust-ICB-Attribution-File.xls,2023-24,2023-08,2023-04-01,2023-09-25,2023-07-01,REM,Liverpool University Hospitals NHS Foundation Trust,QYG,NHS Cheshire And Merseyside Integrated Care Board,NORTH WEST,North West Commissioning Region
2023-09/Trust-ICB-Attribution-File.xls,2023-24,2023-08,2023-04-01,2023-09-25,2023-07-01,REP,Liverpool Women's NHS Foundation Trust,QYG,NHS Cheshire And Merseyside Integrated Care Board,NORTH WEST,North West Commissioning Region
2023-09/Trust-ICB-Attribution-File.xls,2023-24,2023-08,2023-04-01,2023-09-25,2023-07-01,RET,The Walton Centre NHS Foundation Trust,QYG,NHS Cheshire And Merseyside Integrated Care Board,NORTH WEST,North West Commissioning Region
2023-09/Trust-ICB-Attribution-File.xls,2023-24,2023-08,2023-04-01,2023-09-25,2023-07-01,RF4,"Barking, Havering And Redbridge University Hospitals NHS Trust",QMF,NHS North East London Integrated Care Board,LONDON,London Commissioning Region
2023-09/Trust-ICB-Attribution-File.xls,2023-24,2023-08,2023-04-01,2023-09-25,2023-07-01,RFF,Barnsley Hospital NHS Foundation Trust,QF7,NHS South Yorkshire Integrated Care Board,NORTH EAST AND YORKSHIRE,North East and Yorkshire Commissioning Region
2023-09/Trust-ICB-Attribution-File.xls,2023-24,2023-08,2023-04-01,2023-09-25,2023-07-01,RFR,The Rotherham NHS Foundation Trust,QF7,NHS South Yorkshire Integrated Care Board,NORTH EAST AND YORKSHIRE,North East and Yorkshire Commissioning Region
2023-09/Trust-ICB-Attribution-File.xls,2023-24,2023-08,2023-04-01,2023-09-25,2023-07-01,RFS,Chesterfield Royal Hospital NHS Foundation Trust,QJ2,NHS Derby And Derbyshire Integrated Care Board,MIDLANDS,Midlands Commissioning Region
2023-09/Trust-ICB-Attribution-File.xls,2023-24,2023-08,2023-04-01,2023-09-25,2023-07-01,RGN,North West Anglia NHS Foundation Trust,QUE,NHS Cambridgeshire And Peterborough Integrated Care Board,EAST OF ENGLAND,East of England Commissioning Region
2023-09/Trust-ICB-Attribution-File.xls,2023-24,2023-08,2023-04-01,2023-09-25,2023-07-01,RGP,James Paget University Hospitals NHS Foundation Trust,QMM,NHS Norfolk And Waveney Integrated Care Board,EAST OF ENGLAND,East of England Commissioning Region
2023-09/Trust-ICB-Attribution-File.xls,2023-24,2023-08,2023-04-01,2023-09-25,2023-07-01,RGR,West Suffolk NHS Foundation Trust,QJG,NHS Suffolk And North East Essex Integrated Care Board,EAST OF ENGLAND,East of England Commissioning Region
2023-09/Trust-ICB-Attribution-File.xls,2023-24,2023-08,2023-04-01,2023-09-25,2023-07-01,RGT,Cambridge University Hospitals NHS Foundation Trust,QUE,NHS Cambridgeshire And Peterborough Integrated Care Board,EAST OF ENGLAND,East of England Commissioning Region
2023-09/Trust-ICB-Attribution-File.xls,2023-24,2023-08,2023-04-01,2023-09-25,2023-07-01,RH5,Somerset NHS Foundation Trust,QSL,NHS Somerset Integrated Care Board,SOUTH WEST,South West Commissioning Region
2023-09/Trust-ICB-Attribution-File.xls,2023-24,2023-08,2023-04-01,2023-09-25,2023-07-01,RH8,Royal Devon University Healthcare NHS Foundation Trust,QJK,NHS Devon Integrated Care Board,SOUTH WEST,South West Commissioning Region
2023-09/Trust-ICB-Attribution-File.xls,2023-24,2023-08,2023-04-01,2023-09-25,2023-07-01,RHM,University Hospital Southampton NHS Foundation Trust,QRL,NHS Hampshire And Isle Of Wight Integrated Care Board,SOUTH EAST,South East Commissioning Region
2023-09/Trust-ICB-Attribution-File.xls,2023-24,2023-08,2023-04-01,2023-09-25,2023-07-01,RHQ,Sheffield Teaching Hospitals NHS Foundation Trust,QF7,NHS South Yorkshire Integrated Care Board,NORTH EAST AND YORKSHIRE,North East and Yorkshire Commissioning Region
2023-09/Trust-ICB-Attribution-File.xls,2023-24,2023-08,2023-04-01,2023-09-25,2023-07-01,RHU,Portsmouth Hospitals University National Health Service Trust,QRL,NHS Hampshire And Isle Of Wight Integrated Care Board,SOUTH EAST,South East Commissioning Region
2023-09/Trust-ICB-Attribution-File.xls,2023-24,2023-08,2023-04-01,2023-09-25,2023-07-01,RHW,Royal Berkshire NHS Foundation Trust,QU9,"NHS Buckinghamshire, Oxfordshire And Berkshire West Integrated Care Board",SOUTH EAST,South East Commissioning Region
2023-09/Trust-ICB-Attribution-File.xls,2023-24,2023-08,2023-04-01,2023-09-25,2023-07-01,RJ1,Guy's And St Thomas' NHS Foundation Trust,QKK,NHS South East London Integrated Care Board,LONDON,London Commissioning Region
2023-09/Trust-ICB-Attribution-File.xls,2023-24,2023-08,2023-04-01,2023-09-25,2023-07-01,RJ2,Lewisham And Greenwich NHS Trust,QKK,NHS South East London Integrated Care Board,LONDON,London Commissioning Region
2023-09/Trust-ICB-Attribution-File.xls,2023-24,2023-08,2023-04-01,2023-09-25,2023-07-01,RJ6,Croydon Health Services NHS Trust,QWE,NHS South West London Integrated Care Board,LONDON,London Commissioning Region
2023-09/Trust-ICB-Attribution-File.xls,2023-24,2023-08,2023-04-01,2023-09-25,2023-07-01,RJ7,St George's University Hospitals NHS Foundation Trust,QWE,NHS South West London Integrated Care Board,LONDON,London Commissioning Region
2023-09/Trust-ICB-Attribution-File.xls,2023-24,2023-08,2023-04-01,2023-09-25,2023-07-01,RJ8,Cornwall Partnership NHS Foundation Trust,QT6,NHS Cornwall And The Isles Of Scilly Integrated Care Board,SOUTH WEST,South West Commissioning Region
2023-09/Trust-ICB-Attribution-File.xls,2023-24,2023-08,2023-04-01,2023-09-25,2023-07-01,RJC,South Warwickshire University NHS Foundation Trust,QWU,NHS Coventry And Warwickshire Integrated Care Board,MIDLANDS,Midlands Commissioning Region
2023-09/Trust-ICB-Attribution-File.xls,2023-24,2023-08,2023-04-01,2023-09-25,2023-07-01,RJE,University Hospitals Of North Midlands NHS Trust,QNC,NHS Staffordshire And Stoke-On-Trent Integrated Care Board,MIDLANDS,Midlands Commissioning Region
2023-09/Trust-ICB-Attribution-File.xls,2023-24,2023-08,2023-04-01,2023-09-25,2023-07-01,RJL,Northern Lincolnshire And Goole NHS Foundation Trust,QOQ,NHS Humber And North Yorkshire Integrated Care Board,NORTH EAST AND YORKSHIRE,North East and Yorkshire Commissioning Region
2023-09/Trust-ICB-Attribution-File.xls,2023-24,2023-08,2023-04-01,2023-09-25,2023-07-01,RJN,East Cheshire NHS Trust,QYG,NHS Cheshire And Merseyside Integrated Care Board,NORTH WEST,North West Commissioning Region
2023-09/Trust-ICB-Attribution-File.xls,2023-24,2023-08,2023-04-01,2023-09-25,2023-07-01,RJR,Countess Of Chester Hospital NHS Foundation Trust,QYG,NHS Cheshire And Merseyside Integrated Care Board,NORTH WEST,North West Commissioning Region
2023-09/Trust-ICB-Attribution-File.xls,2023-24,2023-08,2023-04-01,2023-09-25,2023-07-01,RJZ,King's College Hospital NHS Foundation Trust,QKK,NHS South East London Integrated Care Board,LONDON,London Commissioning Region
2023-09/Trust-ICB-Attribution-File.xls,2023-24,2023-08,2023-04-01,2023-09-25,2023-07-01,RK5,Sherwood Forest Hospitals NHS Foundation Trust,QT1,NHS Nottingham And Nottinghamshire Integrated Care Board,MIDLANDS,Midlands Commissioning Region
2023-09/Trust-ICB-Attribution-File.xls,2023-24,2023-08,2023-04-01,2023-09-25,2023-07-01,RK9,University Hospitals Plymouth NHS Trust,QJK,NHS Devon Integrated Care Board,SOUTH WEST,South West Commissioning Region
2023-09/Trust-ICB-Attribution-File.xls,2023-24,2023-08,2023-04-01,2023-09-25,2023-07-01,RKB,University Hospitals Coventry And Warwickshire NHS Trust,QWU,NHS Coventry And Warwickshire Integrated Care Board,MIDLANDS,Midlands Commissioning Region
2023-09/Trust-ICB-Attribution-File.xls,2023-24,2023-08,2023-04-01,2023-09-25,2023-07-01,RKE,Whittington Health NHS Trust,QMJ,NHS North Central London Integrated Care Board,LONDON,London Commissioning Region
2023-09/Trust-ICB-Attribution-File.xls,2023-24,2023-08,2023-04-01,2023-09-25,2023-07-01,RL1,The Robert Jones And Agnes Hunt Orthopaedic Hospital NHS Foundation Trust,QOC,"NHS Shropshire, Telford And Wrekin Integrated Care Board",MIDLANDS,Midlands Commissioning Region
2023-09/Trust-ICB-Attribution-File.xls,2023-24,2023-08,2023-04-01,2023-09-25,2023-07-01,RL4,The Royal Wolverhampton NHS Trust,QUA,NHS Black Country Integrated Care Board,MIDLANDS,Midlands Commissioning Region
2023-09/Trust-ICB-Attribution-File.xls,2023-24,2023-08,2023-04-01,2023-09-25,2023-07-01,RLQ,Wye Valley NHS Trust,QGH,NHS Herefordshire And Worcestershire Integrated Care Board,MIDLANDS,Midlands Commissioning Region
2023-09/Trust-ICB-Attribution-File.xls,2023-24,2023-08,2023-04-01,2023-09-25,2023-07-01,RLT,George Eliot Hospital NHS Trust,QWU,NHS Coventry And Warwickshire Integrated Care Board,MIDLANDS,Midlands Commissioning Region
2023-09/Trust-ICB-Attribution-File.xls,2023-24,2023-08,2023-04-01,2023-09-25,2023-07-01,RM1,Norfolk And Norwich University Hospitals NHS Foundation Trust,QMM,NHS Norfolk And Waveney Integrated Care Board,EAST OF ENGLAND,East of England Commissioning Region
2023-09/Trust-ICB-Attribution-File.xls,2023-24,2023-08,2023-04-01,2023-09-25,2023-07-01,RM3,Northern Care Alliance NHS Foundation Trust,QOP,NHS Greater Manchester Integrated Care Board,NORTH WEST,North West Commissioning Region
2023-09/Trust-ICB-Attribution-File.xls,2023-24,2023-08,2023-04-01,2023-09-25,2023-07-01,RMC,Bolton NHS Foundation Trust,QOP,NHS Greater Manchester Integrated Care Board,NORTH WEST,North West Commissioning Region
2023-09/Trust-ICB-Attribution-File.xls,2023-24,2023-08,2023-04-01,2023-09-25,2023-07-01,RMP,Tameside And Glossop Integrated Care NHS Foundation Trust,QOP,NHS Greater Manchester Integrated Care Board,NORTH WEST,North West Commissioning Region
2023-09/Trust-ICB-Attribution-File.xls,2023-24,2023-08,2023-04-01,2023-09-25,2023-07-01,RN3,Great Western Hospitals NHS Foundation Trust,QOX,"NHS Bath And North East Somerset, Swindon And Wiltshire Integrated Care Board",SOUTH WEST,South West Commissioning Region
2023-09/Trust-ICB-Attribution-File.xls,2023-24,2023-08,2023-04-01,2023-09-25,2023-07-01,RN5,Hampshire Hospitals NHS Foundation Trust,QRL,NHS Hampshire And Isle Of Wight Integrated Care Board,SOUTH EAST,South East Commissioning Region
2023-09/Trust-ICB-Attribution-File.xls,2023-24,2023-08,2023-04-01,2023-09-25,2023-07-01,RN7,Dartford And Gravesham NHS Trust,QKS,NHS Kent And Medway Integrated Care Board,SOUTH EAST,South East Commissioning Region
2023-09/Trust-ICB-Attribution-File.xls,2023-24,2023-08,2023-04-01,2023-09-25,2023-07-01,RNA,The Dudley Group NHS Foundation Trust,QUA,NHS Black Country Integrated Care Board,MIDLANDS,Midlands Commissioning Region
2023-09/Trust-ICB-Attribution-File.xls,2023-24,2023-08,2023-04-01,2023-09-25,2023-07-01,RNN,North Cumbria Integrated Care NHS Foundation Trust,QHM,NHS North East And North Cumbria Integrated Care Board,NORTH EAST AND YORKSHIRE,North East and Yorkshire Commissioning Region
2023-09/Trust-ICB-Attribution-File.xls,2023-24,2023-08,2023-04-01,2023-09-25,2023-07-01,RNQ,Kettering General Hospital NHS Foundation Trust,QPM,NHS Northamptonshire Integrated Care Board,MIDLANDS,Midlands Commissioning Region
2023-09/Trust-ICB-Attribution-File.xls,2023-24,2023-08,2023-04-01,2023-09-25,2023-07-01,RNS,Northampton General Hospital NHS Trust,QPM,NHS Northamptonshire Integrated Care Board,MIDLANDS,Midlands Commissioning Region
2023-09/Trust-ICB-Attribution-File.xls,2023-24,2023-08,2023-04-01,2023-09-25,2023-07-01,RNU,Oxford Health NHS Foundation Trust,QU9,"NHS Buckinghamshire, Oxfordshire And Berkshire West Integrated Care Board",SOUTH EAST,South East Commissioning Region
2023-09/Trust-ICB-Attribution-File.xls,2023-24,2023-08,2023-04-01,2023-09-25,2023-07-01,RNZ,Salisbury NHS Foundation Trust,QOX,"NHS Bath And North East Somerset, Swindon And Wiltshire Integrated Care Board",SOUTH WEST,South West Commissioning Region
2023-09/Trust-ICB-Attribution-File.xls,2023-24,2023-08,2023-04-01,2023-09-25,2023-07-01,RP5,Doncaster And Bassetlaw Teaching Hospitals NHS Foundation Trust,QF7,NHS South Yorkshire Integrated Care Board,NORTH EAST AND YORKSHIRE,North East and Yorkshire Commissioning Region
2023-09/Trust-ICB-Attribution-File.xls,2023-24,2023-08,2023-04-01,2023-09-25,2023-07-01,RP6,Moorfields Eye Hospital NHS Foundation Trust,QMJ,NHS North Central London Integrated Care Board,LONDON,London Commissioning Region
2023-09/Trust-ICB-Attribution-File.xls,2023-24,2023-08,2023-04-01,2023-09-25,2023-07-01,RPA,Medway NHS Foundation Trust,QKS,NHS Kent And Medway Integrated Care Board,SOUTH EAST,South East Commissioning Region
2023-09/Trust-ICB-Attribution-File.xls,2023-24,2023-08,2023-04-01,2023-09-25,2023-07-01,RPC,Queen Victoria Hospital NHS Foundation Trust,QNX,NHS Sussex Integrated Care Board,SOUTH EAST,South East Commissioning Region
2023-09/Trust-ICB-Attribution-File.xls,2023-24,2023-08,2023-04-01,2023-09-25,2023-07-01,RQ3,Birmingham Women's And Children's NHS Foundation Trust,QHL,NHS Birmingham And Solihull Integrated Care Board,MIDLANDS,Midlands Commissioning Region
2023-09/Trust-ICB-Attribution-File.xls,2023-24,2023-08,2023-04-01,2023-09-25,2023-07-01,RQM,Chelsea And Westminster Hospital NHS Foundation Trust,QRV,NHS North West London Integrated Care Board,LONDON,London Commissioning Region
2023-09/Trust-ICB-Attribution-File.xls,2023-24,2023-08,2023-04-01,2023-09-25,2023-07-01,RQW,The Princess Alexandra Hospital NHS Trust,QM7,NHS Hertfordshire And West Essex Integrated Care Board,EAST OF ENGLAND,East of England Commissioning Region
2023-09/Trust-ICB-Attribution-File.xls,2023-24,2023-08,2023-04-01,2023-09-25,2023-07-01,RQX,Homerton Healthcare NHS Foundation Trust,QMF,NHS North East London Integrated Care Board,LONDON,London Commissioning Region
2023-09/Trust-ICB-Attribution-File.xls,2023-24,2023-08,2023-04-01,2023-09-25,2023-07-01,RR7,Gateshead Health NHS Foundation Trust,QHM,NHS North East And North Cumbria Integrated Care Board,NORTH EAST AND YORKSHIRE,North East and Yorkshire Commissioning Region
2023-09/Trust-ICB-Attribution-File.xls,2023-24,2023-08,2023-04-01,2023-09-25,2023-07-01,RR8,Leeds Teaching Hospitals NHS Trust,QWO,NHS West Yorkshire Integrated Care Board,NORTH EAST AND YORKSHIRE,North East and Yorkshire Commissioning Region
2023-09/Trust-ICB-Attribution-File.xls,2023-24,2023-08,2023-04-01,2023-09-25,2023-07-01,RRF,"Wrightington, Wigan And Leigh NHS Foundation Trust",QOP,NHS Greater Manchester Integrated Care Board,NORTH WEST,North West Commissioning Region
2023-09/Trust-ICB-Attribution-File.xls,2023-24,2023-08,2023-04-01,2023-09-25,2023-07-01,RRK,University Hospitals Birmingham NHS Foundation Trust,QHL,NHS Birmingham And Solihull Integrated Care Board,MIDLANDS,Midlands Commissioning Region
2023-09/Trust-ICB-Attribution-File.xls,2023-24,2023-08,2023-04-01,2023-09-25,2023-07-01,RRV,University College London Hospitals NHS Foundation Trust,QMJ,NHS North Central London Integrated Care Board,LONDON,London Commissioning Region
2023-09/Trust-ICB-Attribution-File.xls,2023-24,2023-08,2023-04-01,2023-09-25,2023-07-01,RTD,The Newcastle Upon Tyne Hospitals NHS Foundation Trust,QHM,NHS North East And North Cumbria Integrated Care Board,NORTH EAST AND YORKSHIRE,North East and Yorkshire Commissioning Region
2023-09/Trust-ICB-Attribution-File.xls,2023-24,2023-08,2023-04-01,2023-09-25,2023-07-01,RTE,Gloucestershire Hospitals NHS Foundation Trust,QR1,NHS Gloucestershire Integrated Care Board,SOUTH WEST,South West Commissioning Region
2023-09/Trust-ICB-Attribution-File.xls,2023-24,2023-08,2023-04-01,2023-09-25,2023-07-01,RTF,Northumbria Healthcare NHS Foundation Trust,QHM,NHS North East And North Cumbria Integrated Care Board,NORTH EAST AND YORKSHIRE,North East and Yorkshire Commissioning Region
2023-09/Trust-ICB-Attribution-File.xls,2023-24,2023-08,2023-04-01,2023-09-25,2023-07-01,RTG,University Hospitals Of Derby And Burton NHS Foundation Trust,QJ2,NHS Derby And Derbyshire Integrated Care Board,MIDLANDS,Midlands Commissioning Region
2023-09/Trust-ICB-Attribution-File.xls,2023-24,2023-08,2023-04-01,2023-09-25,2023-07-01,RTH,Oxford University Hospitals NHS Foundation Trust,QU9,"NHS Buckinghamshire, Oxfordshire And Berkshire West Integrated Care Board",SOUTH EAST,South East Commissioning Region
2023-09/Trust-ICB-Attribution-File.xls,2023-24,2023-08,2023-04-01,2023-09-25,2023-07-01,RTK,Ashford And St Peter's Hospitals NHS Foundation Trust,QXU,NHS Surrey Heartlands Integrated Care Board,SOUTH EAST,South East Commissioning Region
2023-09/Trust-ICB-Attribution-File.xls,2023-24,2023-08,2023-04-01,2023-09-25,2023-07-01,RTP,Surrey And Sussex Healthcare NHS Trust,QXU,NHS Surrey Heartlands Integrated Care Board,SOUTH EAST,South East Commissioning Region
2023-09/Trust-ICB-Attribution-File.xls,2023-24,2023-08,2023-04-01,2023-09-25,2023-07-01,RTQ,Gloucestershire Health And Care NHS Foundation Trust,QR1,NHS Gloucestershire Integrated Care Board,SOUTH WEST,South West Commissioning Region
2023-09/Trust-ICB-Attribution-File.xls,2023-24,2023-08,2023-04-01,2023-09-25,2023-07-01,RTR,South Tees Hospitals NHS Foundation Trust,QHM,NHS North East And North Cumbria Integrated Care Board,NORTH EAST AND YORKSHIRE,North East and Yorkshire Commissioning Region
2023-09/Trust-ICB-Attribution-File.xls,2023-24,2023-08,2023-04-01,2023-09-25,2023-07-01,RTX,University Hospitals Of Morecambe Bay NHS Foundation Trust,QE1,NHS Lancashire And South Cumbria Integrated Care Board,NORTH WEST,North West Commissioning Region
2023-09/Trust-ICB-Attribution-File.xls,2023-24,2023-08,2023-04-01,2023-09-25,2023-07-01,RV9,Humber Teaching NHS Foundation Trust,QOQ,NHS Humber And North Yorkshire Integrated Care Board,NORTH EAST AND YORKSHIRE,North East and Yorkshire Commissioning Region
2023-09/Trust-ICB-Attribution-File.xls,2023-24,2023-08,2023-04-01,2023-09-25,2023-07-01,RVJ,North Bristol NHS Trust,QUY,"NHS Bristol, North Somerset And South Gloucestershire Integrated Care Board",SOUTH WEST,South West Commissioning Region
2023-09/Trust-ICB-Attribution-File.xls,2023-24,2023-08,2023-04-01,2023-09-25,2023-07-01,RVR,Epsom And St Helier University Hospitals NHS Trust,QWE,NHS South West London Integrated Care Board,LONDON,London Commissioning Region
2023-09/Trust-ICB-Attribution-File.xls,2023-24,2023-08,2023-04-01,2023-09-25,2023-07-01,RVV,East Kent Hospitals University NHS Foundation Trust,QKS,NHS Kent And Medway Integrated Care Board,SOUTH EAST,South East Commissioning Region
2023-09/Trust-ICB-Attribution-File.xls,2023-24,2023-08,2023-04-01,2023-09-25,2023-07-01,RVW,North Tees And Hartlepool NHS Foundation Trust,QHM,NHS North East And North Cumbria Integrated Care Board,NORTH EAST AND YORKSHIRE,North East and Yorkshire Commissioning Region
2023-09/Trust-ICB-Attribution-File.xls,2023-24,2023-08,2023-04-01,2023-09-25,2023-07-01,RW1,Southern Health NHS Foundation Trust,QRL,NHS Hampshire And Isle Of Wight Integrated Care Board,SOUTH EAST,South East Commissioning Region
2023-09/Trust-ICB-Attribution-File.xls,2023-24,2023-08,2023-04-01,2023-09-25,2023-07-01,RW4,Mersey Care NHS Foundation Trust,QYG,NHS Cheshire And Merseyside Integrated Care Board,NORTH WEST,North West Commissioning Region
2023-09/Trust-ICB-Attribution-File.xls,2023-24,2023-08,2023-04-01,2023-09-25,2023-07-01,RWA,Hull University Teaching Hospitals NHS Trust,QOQ,NHS Humber And North Yorkshire Integrated Care Board,NORTH EAST AND YORKSHIRE,North East and Yorkshire Commissioning Region
2023-09/Trust-ICB-Attribution-File.xls,2023-24,2023-08,2023-04-01,2023-09-25,2023-07-01,RWD,United Lincolnshire Hospitals NHS Trust,QJM,NHS Lincolnshire Integrated Care Board,MIDLANDS,Midlands Commissioning Region
2023-09/Trust-ICB-Attribution-File.xls,2023-24,2023-08,2023-04-01,2023-09-25,2023-07-01,RWE,University Hospitals Of Leicester NHS Trust,QK1,"NHS Leicester, Leicestershire And Rutland Integrated Care Board",MIDLANDS,Midlands Commissioning Region
2023-09/Trust-ICB-Attribution-File.xls,2023-24,2023-08,2023-04-01,2023-09-25,2023-07-01,RWF,Maidstone And Tunbridge Wells NHS Trust,QKS,NHS Kent And Medway Integrated Care Board,SOUTH EAST,South East Commissioning Region
2023-09/Trust-ICB-Attribution-File.xls,2023-24,2023-08,2023-04-01,2023-09-25,2023-07-01,RWG,West Hertfordshire Teaching Hospitals NHS Trust,QM7,NHS Hertfordshire And West Essex Integrated Care Board,EAST OF ENGLAND,East of England Commissioning Region
2023-09/Trust-ICB-Attribution-File.xls,2023-24,2023-08,2023-04-01,2023-09-25,2023-07-01,RWH,East And North Hertfordshire NHS Trust,QM7,NHS Hertfordshire And West Essex Integrated Care Board,EAST OF ENGLAND,East of England Commissioning Region
2023-09/Trust-ICB-Attribution-File.xls,2023-24,2023-08,2023-04-01,2023-09-25,2023-07-01,RWJ,Stockport NHS Foundation Trust,QOP,NHS Greater Manchester Integrated Care Board,NORTH WEST,North West Commissioning Region
2023-09/Trust-ICB-Attribution-File.xls,2023-24,2023-08,2023-04-01,2023-09-25,2023-07-01,RWP,Worcestershire Acute Hospitals NHS Trust,QGH,NHS Herefordshire And Worcestershire Integrated Care Board,MIDLANDS,Midlands Commissioning Region
2023-09/Trust-ICB-Attribution-File.xls,2023-24,2023-08,2023-04-01,2023-09-25,2023-07-01,RWW,Warrington And Halton Teaching Hospitals NHS Foundation Trust,QYG,NHS Cheshire And Merseyside Integrated Care Board,NORTH WEST,North West Commissioning Region
2023-09/Trust-ICB-Attribution-File.xls,2023-24,2023-08,2023-04-01,2023-09-25,2023-07-01,RWX,Berkshire Healthcare NHS Foundation Trust,QU9,"NHS Buckinghamshire, Oxfordshire And Berkshire West Integrated Care Board",SOUTH EAST,South East Commissioning Region
2023-09/Trust-ICB-Attribution-File.xls,2023-24,2023-08,2023-04-01,2023-09-25,2023-07-01,RWY,Calderdale And Huddersfield NHS Foundation Trust,QWO,NHS West Yorkshire Integrated Care Board,NORTH EAST AND YORKSHIRE,North East and Yorkshire Commissioning Region
2023-09/Trust-ICB-Attribution-File.xls,2023-24,2023-08,2023-04-01,2023-09-25,2023-07-01,RX1,Nottingham University Hospitals NHS Trust,QT1,NHS Nottingham And Nottinghamshire Integrated Care Board,MIDLANDS,Midlands Commissioning Region
2023-09/Trust-ICB-Attribution-File.xls,2023-24,2023-08,2023-04-01,2023-09-25,2023-07-01,RXC,East Sussex Healthcare NHS Trust,QNX,NHS Sussex Integrated Care Board,SOUTH EAST,South East Commissioning Region
2023-09/Trust-ICB-Attribution-File.xls,2023-24,2023-08,2023-04-01,2023-09-25,2023-07-01,RXF,Mid Yorkshire Hospitals NHS Trust,QWO,NHS West Yorkshire Integrated Care Board,NORTH EAST AND YORKSHIRE,North East and Yorkshire Commissioning Region
2023-09/Trust-ICB-Attribution-File.xls,2023-24,2023-08,2023-04-01,2023-09-25,2023-07-01,RXG,South West Yorkshire Partnership NHS Foundation Trust,QWO,NHS West Yorkshire Integrated Care Board,NORTH EAST AND YORKSHIRE,North East and Yorkshire Commissioning Region
2023-09/Trust-ICB-Attribution-File.xls,2023-24,2023-08,2023-04-01,2023-09-25,2023-07-01,RXK,Sandwell And West Birmingham Hospitals NHS Trust,QUA,NHS Black Country Integrated Care Board,MIDLANDS,Midlands Commissioning Region
2023-09/Trust-ICB-Attribution-File.xls,2023-24,2023-08,2023-04-01,2023-09-25,2023-07-01,RXL,Blackpool Teaching Hospitals NHS Foundation Trust,QE1,NHS Lancashire And South Cumbria Integrated Care Board,NORTH WEST,North West Commissioning Region
2023-09/Trust-ICB-Attribution-File.xls,2023-24,2023-08,2023-04-01,2023-09-25,2023-07-01,RXN,Lancashire Teaching Hospitals NHS Foundation Trust,QE1,NHS Lancashire And South Cumbria Integrated Care Board,NORTH WEST,North West Commissioning Region
2023-09/Trust-ICB-Attribution-File.xls,2023-24,2023-08,2023-04-01,2023-09-25,2023-07-01,RXP,County Durham And Darlington NHS Foundation Trust,QHM,NHS North East And North Cumbria Integrated Care Board,NORTH EAST AND YORKSHIRE,North East and Yorkshire Commissioning Region
2023-09/Trust-ICB-Attribution-File.xls,2023-24,2023-08,2023-04-01,2023-09-25,2023-07-01,RXQ,Buckinghamshire Healthcare NHS Trust,QU9,"NHS Buckinghamshire, Oxfordshire And Berkshire West Integrated Care Board",SOUTH EAST,South East Commissioning Region
2023-09/Trust-ICB-Attribution-File.xls,2023-24,2023-08,2023-04-01,2023-09-25,2023-07-01,RXR,East Lancashire Hospitals NHS Trust,QE1,NHS Lancashire And South Cumbria Integrated Care Board,NORTH WEST,North West Commissioning Region
2023-09/Trust-ICB-Attribution-File.xls,2023-24,2023-08,2023-04-01,2023-09-25,2023-07-01,RXW,The Shrewsbury And Telford Hospital NHS Trust,QOC,"NHS Shropshire, Telford And Wrekin Integrated Care Board",MIDLANDS,Midlands Commissioning Region
2023-09/Trust-ICB-Attribution-File.xls,2023-24,2023-08,2023-04-01,2023-09-25,2023-07-01,RY2,Bridgewater Community Healthcare NHS Foundation Trust,QYG,NHS Cheshire And Merseyside Integrated Care Board,NORTH WEST,North West Commissioning Region
2023-09/Trust-ICB-Attribution-File.xls,2023-24,2023-08,2023-04-01,2023-09-25,2023-07-01,RY4,Hertfordshire Community NHS Trust,QM7,NHS Hertfordshire And West Essex Integrated Care Board,EAST OF ENGLAND,East of England Commissioning Region
2023-09/Trust-ICB-Attribution-File.xls,2023-24,2023-08,2023-04-01,2023-09-25,2023-07-01,RY5,Lincolnshire Community Health Services NHS Trust,QJM,NHS Lincolnshire Integrated Care Board,MIDLANDS,Midlands Commissioning Region
2023-09/Trust-ICB-Attribution-File.xls,2023-24,2023-08,2023-04-01,2023-09-25,2023-07-01,RY7,Wirral Community Health And Care NHS Foundation Trust,QYG,NHS Cheshire And Merseyside Integrated Care Board,NORTH WEST,North West Commissioning Region
2023-09/Trust-ICB-Attribution-File.xls,2023-24,2023-08,2023-04-01,2023-09-25,2023-07-01,RY8,Derbyshire Community Health Services NHS Foundation Trust,QJ2,NHS Derby And Derbyshire Integrated Care Board,MIDLANDS,Midlands Commissioning Region
2023-09/Trust-ICB-Attribution-File.xls,2023-24,2023-08,2023-04-01,2023-09-25,2023-07-01,RY9,Hounslow And Richmond Community Healthcare NHS Trust,QWE,NHS South West London Integrated Care Board,LONDON,London Commissioning Region
2023-09/Trust-ICB-Attribution-File.xls,2023-24,2023-08,2023-04-01,2023-09-25,2023-07-01,RYF,South Western Ambulance Service NHS Foundation Trust,QJK,NHS Devon Integrated Care Board,SOUTH WEST,South West Commissioning Region
2023-09/Trust-ICB-Attribution-File.xls,2023-24,2023-08,2023-04-01,2023-09-25,2023-07-01,RYG,Coventry and Warwickshire Partnership NHS Trust,QWU,NHS Coventry And Warwickshire Integrated Care Board,MIDLANDS,Midlands Commissioning Region
2023-09/Trust-ICB-Attribution-File.xls,2023-24,2023-08,2023-04-01,2023-09-25,2023-07-01,RYJ,Imperial College Healthcare NHS Trust,QRV,NHS North West London Integrated Care Board,LONDON,London Commissioning Region
2023-09/Trust-ICB-Attribution-File.xls,2023-24,2023-08,2023-04-01,2023-09-25,2023-07-01,RYR,University Hospitals Sussex NHS Foundation Trust,QNX,NHS Sussex Integrated Care Board,SOUTH EAST,South East Commissioning Region
2023-09/Trust-ICB-Attribution-File.xls,2023-24,2023-08,2023-04-01,2023-09-25,2023-07-01,RYX,Central London Community Healthcare NHS Trust,QRV,NHS North West London Integrated Care Board,LONDON,London Commissioning Region
2023-09/Trust-ICB-Attribution-File.xls,2023-24,2023-08,2023-04-01,2023-09-25,2023-07-01,RYY,Kent Community Health NHS Foundation Trust,QKS,NHS Kent And Medway Integrated Care Board,SOUTH EAST,South East Commissioning Region
2023-09/Trust-ICB-Attribution-File.xls,2023-24,2023-08,2023-04-01,2023-09-25,2023-07-01,Y00751,East Berks Primary Care Ooh(Wam),QNQ,NHS Frimley Integrated Care Board,SOUTH EAST,South East Commissioning Region
2023-09/Trust-ICB-Attribution-File.xls,2023-24,2023-08,2023-04-01,2023-09-25,2023-07-01,Y02147,Urgent Care Centre (Qms),QKK,NHS South East London Integrated Care Board,LONDON,London Commissioning Region
2023-09/Trust-ICB-Attribution-File.xls,2023-24,2023-08,2023-04-01,2023-09-25,2023-07-01,Y02428,Putnoe Medical Centre Walk In Centre,QHG,"NHS Bedfordshire, Luton And Milton Keynes Integrated Care Board",EAST OF ENGLAND,East of England Commissioning Region
2023-09/Trust-ICB-Attribution-File.xls,2023-24,2023-08,2023-04-01,2023-09-25,2023-07-01,Y02532,Miriam Minor Emergency,QYG,NHS Cheshire And Merseyside Integrated Care Board,NORTH WEST,North West Commissioning Region
2023-09/Trust-ICB-Attribution-File.xls,2023-24,2023-08,2023-04-01,2023-09-25,2023-07-01,Y02615,South Birmingham GP Walk In Centre,QHL,NHS Birmingham And Solihull Integrated Care Board,MIDLANDS,Midlands Commissioning Region
2023-09/Trust-ICB-Attribution-File.xls,2023-24,2023-08,2023-04-01,2023-09-25,2023-07-01,Y02676,Brighton Station Health Centre,QNX,NHS Sussex Integrated Care Board,SOUTH EAST,South East Commissioning Region
2023-09/Trust-ICB-Attribution-File.xls,2023-24,2023-08,2023-04-01,2023-09-25,2023-07-01,Y03007,Erdington GP Health & Wellbeing Wic,QHL,NHS Birmingham And Solihull Integrated Care Board,MIDLANDS,Midlands Commissioning Region
2023-09/Trust-ICB-Attribution-File.xls,2023-24,2023-08,2023-04-01,2023-09-25,2023-07-01,Y03218,The Pinn Unregistered Wic,QRV,NHS North West London Integrated Care Board,LONDON,London Commissioning Region
2023-09/Trust-ICB-Attribution-File.xls,2023-24,2023-08,2023-04-01,2023-09-25,2023-07-01,Y03571,Corby Urgent Care Centre,QPM,NHS Northamptonshire Integrated Care Board,MIDLANDS,Midlands Commissioning Region
2023-09/Trust-ICB-Attribution-File.xls,2023-24,2023-08,2023-04-01,2023-09-25,2023-07-01,Y04538,Bracknell Urgent Care Centre Wic,QNQ,NHS Frimley Integrated Care Board,SOUTH EAST,South East Commissioning Region
2024-04/March-2024-System-Mapping.xls,2023-24,2024-03,2023-04-01,2024-04-11,2024-04-04,8J094,Badger Ltd,QHL,NHS Birmingham And Solihull Integrated Care Board,MIDLANDS,Midlands Commissioning Region
2024-04/March-2024-System-Mapping.xls,2023-24,2024-03,2023-04-01,2024-04-11,2024-04-04,AAH,Tetbury Hospital Trust Ltd,QR1,NHS Gloucestershire Integrated Care Board,SOUTH WEST,South West Commissioning Region
2024-04/March-2024-System-Mapping.xls,2023-24,2024-03,2023-04-01,2024-04-11,2024-04-04,ACH01,Whitstable Medical Practice,QKS,NHS Kent And Medway Integrated Care Board,SOUTH EAST,South East Commissioning Region
2024-04/March-2024-System-Mapping.xls,2023-24,2024-03,2023-04-01,2024-04-11,2024-04-04,AD913,Beckenham Beacon Ucc,QKK,NHS South East London Integrated Care Board,LONDON,London Commissioning Region
2024-04/March-2024-System-Mapping.xls,2023-24,2024-03,2023-04-01,2024-04-11,2024-04-04,AJN,Workington Health Limited,QHM,NHS North East And North Cumbria Integrated Care Board,NORTH EAST AND YORKSHIRE,North East and Yorkshire Commissioning Region
2024-04/March-2024-System-Mapping.xls,2023-24,2024-03,2023-04-01,2024-04-11,2024-04-04,AQN04,Phl Lymington Utc,QRL,NHS Hampshire And Isle Of Wight Integrated Care Board,SOUTH EAST,South East Commissioning Region
2024-04/March-2024-System-Mapping.xls,2023-24,2024-03,2023-04-01,2024-04-11,2024-04-04,ARN03,Local Care Direct,QWO,NHS West Yorkshire Integrated Care Board,NORTH EAST AND YORKSHIRE,North East and Yorkshire Commissioning Region
2024-04/March-2024-System-Mapping.xls,2023-24,2024-03,2023-04-01,2024-04-11,2024-04-04,AXG,Wiltshire Health & Care,QOX,"NHS Bath And North East Somerset, Swindon And Wiltshire Integrated Care Board",SOUTH WEST,South West Commissioning Region
2024-04/March-2024-System-Mapping.xls,2023-24,2024-03,2023-04-01,2024-04-11,2024-04-04,C82009,Market Harborough Med.Ctr,QK1,"NHS Leicester, Leicestershire And Rutland Integrated Care Board",MIDLANDS,Midlands Commissioning Region
2024-04/March-2024-System-Mapping.xls,2023-24,2024-03,2023-04-01,2024-04-11,2024-04-04,C82038,Latham House Medical Practice,QK1,"NHS Leicester, Leicestershire And Rutland Integrated Care Board",MIDLANDS,Midlands Commissioning Region
2024-04/March-2024-System-Mapping.xls,2023-24,2024-03,2023-04-01,2024-04-11,2024-04-04,C83023,Sleaford Medical Group,QJM,NHS Lincolnshire Integrated Care Board,MIDLANDS,Midlands Commissioning Region
2024-04/March-2024-System-Mapping.xls,2023-24,2024-03,2023-04-01,2024-04-11,2024-04-04,DD401,Exmouth Minor Injury Unit,QJK,NHS Devon Integrated Care Board,SOUTH WEST,South West Commissioning Region
2024-04/March-2024-System-Mapping.xls,2023-24,2024-03,2023-04-01,2024-04-11,2024-04-04,DT301,Herts Urgent Care (Ascots Lane),QM7,NHS Hertfordshire And West Essex Integrated Care Board,EAST OF ENGLAND,East of England Commissioning Region
2024-04/March-2024-System-Mapping.xls,2023-24,2024-03,2023-04-01,2024-04-11,2024-04-04,L83087,Okehampton Medical Centre,QJK,NHS Devon Integrated Care Board,SOUTH WEST,South West Commissioning Region
2024-04/March-2024-System-Mapping.xls,2023-24,2024-03,2023-04-01,2024-04-11,2024-04-04,NDA57,Haslemere Minor Injuries Unit,QXU,NHS Surrey Heartlands Integrated Care Board,SOUTH EAST,South East Commissioning Region
2024-04/March-2024-System-Mapping.xls,2023-24,2024-03,2023-04-01,2024-04-11,2024-04-04,NDJ,First Community Health And Care Cic,QNX,NHS Sussex Integrated Care Board,SOUTH EAST,South East Commissioning Region
2024-04/March-2024-System-Mapping.xls,2023-24,2024-03,2023-04-01,2024-04-11,2024-04-04,NL7,Assura Vertis Urgent Care Centres (Birmingham),QHL,NHS Birmingham And Solihull Integrated Care Board,MIDLANDS,Midlands Commissioning Region
2024-04/March-2024-System-Mapping.xls,2023-24,2024-03,2023-04-01,2024-04-11,2024-04-04,NLX,Sirona Care & Health,QUY,"NHS Bristol, North Somerset And South Gloucestershire Integrated Care Board",SOUTH WEST,South West Commissioning Region
2024-04/March-2024-System-Mapping.xls,2023-24,2024-03,2023-04-01,2024-04-11,2024-04-04,NNF09,Bransholme Health Centre,QOQ,NHS Humber And North Yorkshire Integrated Care Board,NORTH EAST AND YORKSHIRE,North East and Yorkshire Commissioning Region
2024-04/March-2024-System-Mapping.xls,2023-24,2024-03,2023-04-01,2024-04-11,2024-04-04,NNF76,The Wilberforce Health Centre,QOQ,NHS Humber And North Yorkshire Integrated Care Board,NORTH EAST AND YORKSHIRE,North East and Yorkshire Commissioning Region
2024-04/March-2024-System-Mapping.xls,2023-24,2024-03,2023-04-01,2024-04-11,2024-04-04,NNF94,East Riding Community Hospital,QOQ,NHS Humber And North Yorkshire Integrated Care Board,NORTH EAST AND YORKSHIRE,North East and Yorkshire Commissioning Region
2024-04/March-2024-System-Mapping.xls,2023-24,2024-03,2023-04-01,2024-04-11,2024-04-04,NNFA7,Goole & District Hospital,QOQ,NHS Humber And North Yorkshire Integrated Care Board,NORTH EAST AND YORKSHIRE,North East and Yorkshire Commissioning Region
2024-04/March-2024-System-Mapping.xls,2023-24,2024-03,2023-04-01,2024-04-11,2024-04-04,NNJ,Dhu Health Care C.I.C,QJ2,NHS Derby And Derbyshire Integrated Care Board,MIDLANDS,Midlands Commissioning Region
2024-04/March-2024-System-Mapping.xls,2023-24,2024-03,2023-04-01,2024-04-11,2024-04-04,NNJ07,Loughborough Urgent Care Centre,QK1,"NHS Leicester, Leicestershire And Rutland Integrated Care Board",MIDLANDS,Midlands Commissioning Region
2024-04/March-2024-System-Mapping.xls,2023-24,2024-03,2023-04-01,2024-04-11,2024-04-04,NNJ0H,Llr Ea - The Merlyn Vaz Health & Social Care Centre,QK1,"NHS Leicester, Leicestershire And Rutland Integrated Care Board",MIDLANDS,Midlands Commissioning Region
2024-04/March-2024-System-Mapping.xls,2023-24,2024-03,2023-04-01,2024-04-11,2024-04-04,NNJ12,Market Harborough,QK1,"NHS Leicester, Leicestershire And Rutland Integrated Care Board",MIDLANDS,Midlands Commissioning Region
2024-04/March-2024-System-Mapping.xls,2023-24,2024-03,2023-04-01,2024-04-11,2024-04-04,NNJ13,Melton Mowbray,QK1,"NHS Leicester, Leicestershire And Rutland Integrated Care Board",MIDLANDS,Midlands Commissioning Region
2024-04/March-2024-System-Mapping.xls,2023-24,2024-03,2023-04-01,2024-04-11,2024-04-04,NNJ14,Oadby,QK1,"NHS Leicester, Leicestershire And Rutland Integrated Care Board",MIDLANDS,Midlands Commissioning Region
2024-04/March-2024-System-Mapping.xls,2023-24,2024-03,2023-04-01,2024-04-11,2024-04-04,NNJ15,Oakham,QK1,"NHS Leicester, Leicestershire And Rutland Integrated Care Board",MIDLANDS,Midlands Commissioning Region
2024-04/March-2024-System-Mapping.xls,2023-24,2024-03,2023-04-01,2024-04-11,2024-04-04,NQT51,Station Plaza Health Centre,QNX,NHS Sussex Integrated Care Board,SOUTH EAST,South East Commissioning Region
2024-04/March-2024-System-Mapping.xls,2023-24,2024-03,2023-04-01,2024-04-11,2024-04-04,NQT5F,Skelmersdale Walk In Centre,QE1,NHS Lancashire And South Cumbria Integrated Care Board,NORTH WEST,North West Commissioning Region
2024-04/March-2024-System-Mapping.xls,2023-24,2024-03,2023-04-01,2024-04-11,2024-04-04,NQT5H,Paulton Memorial Hospital,QOX,"NHS Bath And North East Somerset, Swindon And Wiltshire Integrated Care Board",SOUTH WEST,South West Commissioning Region
2024-04/March-2024-System-Mapping.xls,2023-24,2024-03,2023-04-01,2024-04-11,2024-04-04,NQTE4,Summerfield Urgent Care Centre,QUA,NHS Black Country Integrated Care Board,MIDLANDS,Midlands Commissioning Region
2024-04/March-2024-System-Mapping.xls,2023-24,2024-03,2023-04-01,2024-04-11,2024-04-04,NR3,Nottingham Citycare Partnership,QT1,NHS Nottingham And Nottinghamshire Integrated Care Board,MIDLANDS,Midlands Commissioning Region
2024-04/March-2024-System-Mapping.xls,2023-24,2024-03,2023-04-01,2024-04-11,2024-04-04,NTP11,Practice Plus Group Hospital - Southampton,QRL,NHS Hampshire And Isle Of Wight Integrated Care Board,SOUTH EAST,South East Commissioning Region
2024-04/March-2024-System-Mapping.xls,2023-24,2024-03,2023-04-01,2024-04-11,2024-04-04,NTPAD,Practice Plus Group Surgical Centre - St Marys Portsmouth,QRL,NHS Hampshire And Isle Of Wight Integrated Care Board,SOUTH EAST,South East Commissioning Region
2024-04/March-2024-System-Mapping.xls,2023-24,2024-03,2023-04-01,2024-04-11,2024-04-04,NTV0B,Ashford Walk-In-Centre,QXU,NHS Surrey Heartlands Integrated Care Board,SOUTH EAST,South East Commissioning Region
2024-04/March-2024-System-Mapping.xls,2023-24,2024-03,2023-04-01,2024-04-11,2024-04-04,NTV0W,Woking Walk In Centre,QXU,NHS Surrey Heartlands Integrated Care Board,SOUTH EAST,South East Commissioning Region
2024-04/March-2024-System-Mapping.xls,2023-24,2024-03,2023-04-01,2024-04-11,2024-04-04,NV693,Rossendale Miu & Ooh,QE1,NHS Lancashire And South Cumbria Integrated Care Board,NORTH WEST,North West Commissioning Region
2024-04/March-2024-System-Mapping.xls,2023-24,2024-03,2023-04-01,2024-04-11,2024-04-04,R0A,Manchester University NHS Foundation Trust,QOP,NHS Greater Manchester Integrated Care Board,NORTH WEST,North West Commissioning Region
2024-04/March-2024-System-Mapping.xls,2023-24,2024-03,2023-04-01,2024-04-11,2024-04-04,R0B,South Tyneside And Sunderland NHS Foundation Trust,QHM,NHS North East And North Cumbria Integrated Care Board,NORTH EAST AND YORKSHIRE,North East and Yorkshire Commissioning Region
2024-04/March-2024-System-Mapping.xls,2023-24,2024-03,2023-04-01,2024-04-11,2024-04-04,R0D,University Hospitals Dorset NHS Foundation Trust,QVV,NHS Dorset Integrated Care Board,SOUTH WEST,South West Commissioning Region
2024-04/March-2024-System-Mapping.xls,2023-24,2024-03,2023-04-01,2024-04-11,2024-04-04,R1D,Shropshire Community Health NHS Trust,QOC,"NHS Shropshire, Telford And Wrekin Integrated Care Board",MIDLANDS,Midlands Commissioning Region
2024-04/March-2024-System-Mapping.xls,2023-24,2024-03,2023-04-01,2024-04-11,2024-04-04,R1F,Isle Of Wight NHS Trust,QRL,NHS Hampshire And Isle Of Wight Integrated Care Board,SOUTH EAST,South East Commissioning Region
2024-04/March-2024-System-Mapping.xls,2023-24,2024-03,2023-04-01,2024-04-11,2024-04-04,R1H,Barts Health NHS Trust,QMF,NHS North East London Integrated Care Board,LONDON,London Commissioning Region
2024-04/March-2024-System-Mapping.xls,2023-24,2024-03,2023-04-01,2024-04-11,2024-04-04,R1K,London North West University Healthcare NHS Trust,QRV,NHS North West London Integrated Care Board,LONDON,London Commissioning Region
2024-04/March-2024-System-Mapping.xls,2023-24,2024-03,2023-04-01,2024-04-11,2024-04-04,RA2,Royal Surrey County Hospital NHS Foundation Trust,QXU,NHS Surrey Heartlands Integrated Care Board,SOUTH EAST,South East Commissioning Region
2024-04/March-2024-System-Mapping.xls,2023-24,2024-03,2023-04-01,2024-04-11,2024-04-04,RA7,University Hospitals Bristol And Weston NHS Foundation Trust,QUY,"NHS Bristol, North Somerset And South Gloucestershire Integrated Care Board",SOUTH WEST,South West Commissioning Region
2024-04/March-2024-System-Mapping.xls,2023-24,2024-03,2023-04-01,2024-04-11,2024-04-04,RA9,Torbay And South Devon NHS Foundation Trust,QJK,NHS Devon Integrated Care Board,SOUTH WEST,South West Commissioning Region
2024-04/March-2024-System-Mapping.xls,2023-24,2024-03,2023-04-01,2024-04-11,2024-04-04,RAE,Bradford Teaching Hospitals NHS Foundation Trust,QWO,NHS West Yorkshire Integrated Care Board,NORTH EAST AND YORKSHIRE,North East and Yorkshire Commissioning Region
2024-04/March-2024-System-Mapping.xls,2023-24,2024-03,2023-04-01,2024-04-11,2024-04-04,RAJ,Mid And South Essex NHS Foundation Trust,QH8,NHS Mid And South Essex Integrated Care Board,EAST OF ENGLAND,East of England Commissioning Region
2024-04/March-2024-System-Mapping.xls,2023-24,2024-03,2023-04-01,2024-04-11,2024-04-04,RAL,Royal Free London NHS Foundation Trust,QMJ,NHS North Central London Integrated Care Board,LONDON,London Commissioning Region
2024-04/March-2024-System-Mapping.xls,2023-24,2024-03,2023-04-01,2024-04-11,2024-04-04,RAN,Royal National Orthopaedic Hospital NHS Trust,QMJ,NHS North Central London Integrated Care Board,LONDON,London Commissioning Region
2024-04/March-2024-System-Mapping.xls,2023-24,2024-03,2023-04-01,2024-04-11,2024-04-04,RAP,North Middlesex University Hospital NHS Trust,QMJ,NHS North Central London Integrated Care Board,LONDON,London Commissioning Region
2024-04/March-2024-System-Mapping.xls,2023-24,2024-03,2023-04-01,2024-04-11,2024-04-04,RAS,The Hillingdon Hospitals NHS Foundation Trust,QRV,NHS North West London Integrated Care Board,LONDON,London Commissioning Region
2024-04/March-2024-System-Mapping.xls,2023-24,2024-03,2023-04-01,2024-04-11,2024-04-04,RAT,North East London NHS Foundation Trust,QMF,NHS North East London Integrated Care Board,LONDON,London Commissioning Region
2024-04/March-2024-System-Mapping.xls,2023-24,2024-03,2023-04-01,2024-04-11,2024-04-04,RAX,Kingston Hospital NHS Foundation Trust,QWE,NHS South West London Integrated Care Board,LONDON,London Commissioning Region
2024-04/March-2024-System-Mapping.xls,2023-24,2024-03,2023-04-01,2024-04-11,2024-04-04,RBD,Dorset County Hospital NHS Foundation Trust,QVV,NHS Dorset Integrated Care Board,SOUTH WEST,South West Commissioning Region
2024-04/March-2024-System-Mapping.xls,2023-24,2024-03,2023-04-01,2024-04-11,2024-04-04,RBK,Walsall Healthcare NHS Trust,QUA,NHS Black Country Integrated Care Board,MIDLANDS,Midlands Commissioning Region
2024-04/March-2024-System-Mapping.xls,2023-24,2024-03,2023-04-01,2024-04-11,2024-04-04,RBL,Wirral University Teaching Hospital NHS Foundation Trust,QYG,NHS Cheshire And Merseyside Integrated Care Board,NORTH WEST,North West Commissioning Region
2024-04/March-2024-System-Mapping.xls,2023-24,2024-03,2023-04-01,2024-04-11,2024-04-04,RBN,Mersey And West Lancashire Teaching Hospitals NHS Trust,QYG,NHS Cheshire And Merseyside Integrated Care Board,NORTH WEST,North West Commissioning Region
2024-04/March-2024-System-Mapping.xls,2023-24,2024-03,2023-04-01,2024-04-11,2024-04-04,RBQ,Liverpool Heart And Chest Hospital NHS Foundation Trust,QYG,NHS Cheshire And Merseyside Integrated Care Board,NORTH WEST,North West Commissioning Region
2024-04/March-2024-System-Mapping.xls,2023-24,2024-03,2023-04-01,2024-04-11,2024-04-04,RBS,Alder Hey Children's NHS Foundation Trust,QYG,NHS Cheshire And Merseyside Integrated Care Board,NORTH WEST,North West Commissioning Region
2024-04/March-2024-System-Mapping.xls,2023-24,2024-03,2023-04-01,2024-04-11,2024-04-04,RBT,Mid Cheshire Hospitals NHS Foundation Trust,QYG,NHS Cheshire And Merseyside Integrated Care Board,NORTH WEST,North West Commissioning Region
2024-04/March-2024-System-Mapping.xls,2023-24,2024-03,2023-04-01,2024-04-11,2024-04-04,RBV,The Christie NHS Foundation Trust,QOP,NHS Greater Manchester Integrated Care Board,NORTH WEST,North West Commissioning Region
2024-04/March-2024-System-Mapping.xls,2023-24,2024-03,2023-04-01,2024-04-11,2024-04-04,RC9,Bedfordshire Hospitals NHS Foundation Trust,QHG,"NHS Bedfordshire, Luton And Milton Keynes Integrated Care Board",EAST OF ENGLAND,East of England Commissioning Region
2024-04/March-2024-System-Mapping.xls,2023-24,2024-03,2023-04-01,2024-04-11,2024-04-04,RCB,York And Scarborough Teaching Hospitals NHS Foundation Trust,QOQ,NHS Humber And North Yorkshire Integrated Care Board,NORTH EAST AND YORKSHIRE,North East and Yorkshire Commissioning Region
2024-04/March-2024-System-Mapping.xls,2023-24,2024-03,2023-04-01,2024-04-11,2024-04-04,RCD,Harrogate And District NHS Foundation Trust,QOQ,NHS Humber And North Yorkshire Integrated Care Board,NORTH EAST AND YORKSHIRE,North East and Yorkshire Commissioning Region
2024-04/March-2024-System-Mapping.xls,2023-24,2024-03,2023-04-01,2024-04-11,2024-04-04,RCF,Airedale NHS Foundation Trust,QWO,NHS West Yorkshire Integrated Care Board,NORTH EAST AND YORKSHIRE,North East and Yorkshire Commissioning Region
2024-04/March-2024-System-Mapping.xls,2023-24,2024-03,2023-04-01,2024-04-11,2024-04-04,RCU,Sheffield Children's NHS Foundation Trust,QF7,NHS South Yorkshire Integrated Care Board,NORTH EAST AND YORKSHIRE,North East and Yorkshire Commissioning Region
2024-04/March-2024-System-Mapping.xls,2023-24,2024-03,2023-04-01,2024-04-11,2024-04-04,RCX,"The Queen Elizabeth Hospital, King's Lynn, NHS Foundation Trust",QMM,NHS Norfolk And Waveney Integrated Care Board,EAST OF ENGLAND,East of England Commissioning Region
2024-04/March-2024-System-Mapping.xls,2023-24,2024-03,2023-04-01,2024-04-11,2024-04-04,RD1,Royal United Hospitals Bath NHS Foundation Trust,QOX,"NHS Bath And North East Somerset, Swindon And Wiltshire Integrated Care Board",SOUTH WEST,South West Commissioning Region
2024-04/March-2024-System-Mapping.xls,2023-24,2024-03,2023-04-01,2024-04-11,2024-04-04,RD8,Milton Keynes University Hospital NHS Foundation Trust,QHG,"NHS Bedfordshire, Luton And Milton Keynes Integrated Care Board",EAST OF ENGLAND,East of England Commissioning Region
2024-04/March-2024-System-Mapping.xls,2023-24,2024-03,2023-04-01,2024-04-11,2024-04-04,RDE,East Suffolk And North Essex NHS Foundation Trust,QJG,NHS Suffolk And North East Essex Integrated Care Board,EAST OF ENGLAND,East of England Commissioning Region
2024-04/March-2024-System-Mapping.xls,2023-24,2024-03,2023-04-01,2024-04-11,2024-04-04,RDR,Sussex Community NHS Foundation Trust,QNX,NHS Sussex Integrated Care Board,SOUTH EAST,South East Commissioning Region
2024-04/March-2024-System-Mapping.xls,2023-24,2024-03,2023-04-01,2024-04-11,2024-04-04,RDU,Frimley Health NHS Foundation Trust,QNQ,NHS Frimley Integrated Care Board,SOUTH EAST,South East Commissioning Region
2024-04/March-2024-System-Mapping.xls,2023-24,2024-03,2023-04-01,2024-04-11,2024-04-04,RDY,Dorset Healthcare University NHS Foundation Trust,QVV,NHS Dorset Integrated Care Board,SOUTH WEST,South West Commissioning Region
2024-04/March-2024-System-Mapping.xls,2023-24,2024-03,2023-04-01,2024-04-11,2024-04-04,REF,Royal Cornwall Hospitals NHS Trust,QT6,NHS Cornwall And The Isles Of Scilly Integrated Care Board,SOUTH WEST,South West Commissioning Region
2024-04/March-2024-System-Mapping.xls,2023-24,2024-03,2023-04-01,2024-04-11,2024-04-04,REM,Liverpool University Hospitals NHS Foundation Trust,QYG,NHS Cheshire And Merseyside Integrated Care Board,NORTH WEST,North West Commissioning Region
2024-04/March-2024-System-Mapping.xls,2023-24,2024-03,2023-04-01,2024-04-11,2024-04-04,REP,Liverpool Women's NHS Foundation Trust,QYG,NHS Cheshire And Merseyside Integrated Care Board,NORTH WEST,North West Commissioning Region
2024-04/March-2024-System-Mapping.xls,2023-24,2024-03,2023-04-01,2024-04-11,2024-04-04,RET,The Walton Centre NHS Foundation Trust,QYG,NHS Cheshire And Merseyside Integrated Care Board,NORTH WEST,North West Commissioning Region
2024-04/March-2024-System-Mapping.xls,2023-24,2024-03,2023-04-01,2024-04-11,2024-04-04,RF4,"Barking, Havering And Redbridge University Hospitals NHS Trust",QMF,NHS North East London Integrated Care Board,LONDON,London Commissioning Region
2024-04/March-2024-System-Mapping.xls,2023-24,2024-03,2023-04-01,2024-04-11,2024-04-04,RFF,Barnsley Hospital NHS Foundation Trust,QF7,NHS South Yorkshire Integrated Care Board,NORTH EAST AND YORKSHIRE,North East and Yorkshire Commissioning Region
2024-04/March-2024-System-Mapping.xls,2023-24,2024-03,2023-04-01,2024-04-11,2024-04-04,RFR,The Rotherham NHS Foundation Trust,QF7,NHS South Yorkshire Integrated Care Board,NORTH EAST AND YORKSHIRE,North East and Yorkshire Commissioning Region
2024-04/March-2024-System-Mapping.xls,2023-24,2024-03,2023-04-01,2024-04-11,2024-04-04,RFS,Chesterfield Royal Hospital NHS Foundation Trust,QJ2,NHS Derby And Derbyshire Integrated Care Board,MIDLANDS,Midlands Commissioning Region
2024-04/March-2024-System-Mapping.xls,2023-24,2024-03,2023-04-01,2024-04-11,2024-04-04,RGN,North West Anglia NHS Foundation Trust,QUE,NHS Cambridgeshire And Peterborough Integrated Care Board,EAST OF ENGLAND,East of England Commissioning Region
2024-04/March-2024-System-Mapping.xls,2023-24,2024-03,2023-04-01,2024-04-11,2024-04-04,RGP,James Paget University Hospitals NHS Foundation Trust,QMM,NHS Norfolk And Waveney Integrated Care Board,EAST OF ENGLAND,East of England Commissioning Region
2024-04/March-2024-System-Mapping.xls,2023-24,2024-03,2023-04-01,2024-04-11,2024-04-04,RGR,West Suffolk NHS Foundation Trust,QJG,NHS Suffolk And North East Essex Integrated Care Board,EAST OF ENGLAND,East of England Commissioning Region
2024-04/March-2024-System-Mapping.xls,2023-24,2024-03,2023-04-01,2024-04-11,2024-04-04,RGT,Cambridge University Hospitals NHS Foundation Trust,QUE,NHS Cambridgeshire And Peterborough Integrated Care Board,EAST OF ENGLAND,East of England Commissioning Region
2024-04/March-2024-System-Mapping.xls,2023-24,2024-03,2023-04-01,2024-04-11,2024-04-04,RH5,Somerset NHS Foundation Trust,QSL,NHS Somerset Integrated Care Board,SOUTH WEST,South West Commissioning Region
2024-04/March-2024-System-Mapping.xls,2023-24,2024-03,2023-04-01,2024-04-11,2024-04-04,RH8,Royal Devon University Healthcare NHS Foundation Trust,QJK,NHS Devon Integrated Care Board,SOUTH WEST,South West Commissioning Region
2024-04/March-2024-System-Mapping.xls,2023-24,2024-03,2023-04-01,2024-04-11,2024-04-04,RHM,University Hospital Southampton NHS Foundation Trust,QRL,NHS Hampshire And Isle Of Wight Integrated Care Board,SOUTH EAST,South East Commissioning Region
2024-04/March-2024-System-Mapping.xls,2023-24,2024-03,2023-04-01,2024-04-11,2024-04-04,RHQ,Sheffield Teaching Hospitals NHS Foundation Trust,QF7,NHS South Yorkshire Integrated Care Board,NORTH EAST AND YORKSHIRE,North East and Yorkshire Commissioning Region
2024-04/March-2024-System-Mapping.xls,2023-24,2024-03,2023-04-01,2024-04-11,2024-04-04,RHU,Portsmouth Hospitals University National Health Service Trust,QRL,NHS Hampshire And Isle Of Wight Integrated Care Board,SOUTH EAST,South East Commissioning Region
2024-04/March-2024-System-Mapping.xls,2023-24,2024-03,2023-04-01,2024-04-11,2024-04-04,RHW,Royal Berkshire NHS Foundation Trust,QU9,"NHS Buckinghamshire, Oxfordshire And Berkshire West Integrated Care Board",SOUTH EAST,South East Commissioning Region
2024-04/March-2024-System-Mapping.xls,2023-24,2024-03,2023-04-01,2024-04-11,2024-04-04,RJ1,Guy's And St Thomas' NHS Foundation Trust,QKK,NHS South East London Integrated Care Board,LONDON,London Commissioning Region
2024-04/March-2024-System-Mapping.xls,2023-24,2024-03,2023-04-01,2024-04-11,2024-04-04,RJ2,Lewisham And Greenwich NHS Trust,QKK,NHS South East London Integrated Care Board,LONDON,London Commissioning Region
2024-04/March-2024-System-Mapping.xls,2023-24,2024-03,2023-04-01,2024-04-11,2024-04-04,RJ6,Croydon Health Services NHS Trust,QWE,NHS South West London Integrated Care Board,LONDON,London Commissioning Region
2024-04/March-2024-System-Mapping.xls,2023-24,2024-03,2023-04-01,2024-04-11,2024-04-04,RJ7,St George's University Hospitals NHS Foundation Trust,QWE,NHS South West London Integrated Care Board,LONDON,London Commissioning Region
2024-04/March-2024-System-Mapping.xls,2023-24,2024-03,2023-04-01,2024-04-11,2024-04-04,RJ8,Cornwall Partnership NHS Foundation Trust,QT6,NHS Cornwall And The Isles Of Scilly Integrated Care Board,SOUTH WEST,South West Commissioning Region
2024-04/March-2024-System-Mapping.xls,2023-24,2024-03,2023-04-01,2024-04-11,2024-04-04,RJC,South Warwickshire University NHS Foundation Trust,QWU,NHS Coventry And Warwickshire Integrated Care Board,MIDLANDS,Midlands Commissioning Region
2024-04/March-2024-System-Mapping.xls,2023-24,2024-03,2023-04-01,2024-04-11,2024-04-04,RJE,University Hospitals Of North Midlands NHS Trust,QNC,NHS Staffordshire And Stoke-On-Trent Integrated Care Board,MIDLANDS,Midlands Commissioning Region
2024-04/March-2024-System-Mapping.xls,2023-24,2024-03,2023-04-01,2024-04-11,2024-04-04,RJL,Northern Lincolnshire And Goole NHS Foundation Trust,QOQ,NHS Humber And North Yorkshire Integrated Care Board,NORTH EAST AND YORKSHIRE,North East and Yorkshire Commissioning Region
2024-04/March-2024-System-Mapping.xls,2023-24,2024-03,2023-04-01,2024-04-11,2024-04-04,RJN,East Cheshire NHS Trust,QYG,NHS Cheshire And Merseyside Integrated Care Board,NORTH WEST,North West Commissioning Region
2024-04/March-2024-System-Mapping.xls,2023-24,2024-03,2023-04-01,2024-04-11,2024-04-04,RJR,Countess Of Chester Hospital NHS Foundation Trust,QYG,NHS Cheshire And Merseyside Integrated Care Board,NORTH WEST,North West Commissioning Region
2024-04/March-2024-System-Mapping.xls,2023-24,2024-03,2023-04-01,2024-04-11,2024-04-04,RJZ,King's College Hospital NHS Foundation Trust,QKK,NHS South East London Integrated Care Board,LONDON,London Commissioning Region
2024-04/March-2024-System-Mapping.xls,2023-24,2024-03,2023-04-01,2024-04-11,2024-04-04,RK5,Sherwood Forest Hospitals NHS Foundation Trust,QT1,NHS Nottingham And Nottinghamshire Integrated Care Board,MIDLANDS,Midlands Commissioning Region
2024-04/March-2024-System-Mapping.xls,2023-24,2024-03,2023-04-01,2024-04-11,2024-04-04,RK9,University Hospitals Plymouth NHS Trust,QJK,NHS Devon Integrated Care Board,SOUTH WEST,South West Commissioning Region
2024-04/March-2024-System-Mapping.xls,2023-24,2024-03,2023-04-01,2024-04-11,2024-04-04,RKB,University Hospitals Coventry And Warwickshire NHS Trust,QWU,NHS Coventry And Warwickshire Integrated Care Board,MIDLANDS,Midlands Commissioning Region
2024-04/March-2024-System-Mapping.xls,2023-24,2024-03,2023-04-01,2024-04-11,2024-04-04,RKE,Whittington Health NHS Trust,QMJ,NHS North Central London Integrated Care Board,LONDON,London Commissioning Region
2024-04/March-2024-System-Mapping.xls,2023-24,2024-03,2023-04-01,2024-04-11,2024-04-04,RL1,The Robert Jones And Agnes Hunt Orthopaedic Hospital NHS Foundation Trust,QOC,"NHS Shropshire, Telford And Wrekin Integrated Care Board",MIDLANDS,Midlands Commissioning Region
2024-04/March-2024-System-Mapping.xls,2023-24,2024-03,2023-04-01,2024-04-11,2024-04-04,RL4,The Royal Wolverhampton NHS Trust,QUA,NHS Black Country Integrated Care Board,MIDLANDS,Midlands Commissioning Region
2024-04/March-2024-System-Mapping.xls,2023-24,2024-03,2023-04-01,2024-04-11,2024-04-04,RLQ,Wye Valley NHS Trust,QGH,NHS Herefordshire And Worcestershire Integrated Care Board,MIDLANDS,Midlands Commissioning Region
2024-04/March-2024-System-Mapping.xls,2023-24,2024-03,2023-04-01,2024-04-11,2024-04-04,RLT,George Eliot Hospital NHS Trust,QWU,NHS Coventry And Warwickshire Integrated Care Board,MIDLANDS,Midlands Commissioning Region
2024-04/March-2024-System-Mapping.xls,2023-24,2024-03,2023-04-01,2024-04-11,2024-04-04,RM1,Norfolk And Norwich University Hospitals NHS Foundation Trust,QMM,NHS Norfolk And Waveney Integrated Care Board,EAST OF ENGLAND,East of England Commissioning Region
2024-04/March-2024-System-Mapping.xls,2023-24,2024-03,2023-04-01,2024-04-11,2024-04-04,RM3,Northern Care Alliance NHS Foundation Trust,QOP,NHS Greater Manchester Integrated Care Board,NORTH WEST,North West Commissioning Region
2024-04/March-2024-System-Mapping.xls,2023-24,2024-03,2023-04-01,2024-04-11,2024-04-04,RMC,Bolton NHS Foundation Trust,QOP,NHS Greater Manchester Integrated Care Board,NORTH WEST,North West Commissioning Region
2024-04/March-2024-System-Mapping.xls,2023-24,2024-03,2023-04-01,2024-04-11,2024-04-04,RMP,Tameside And Glossop Integrated Care NHS Foundation Trust,QOP,NHS Greater Manchester Integrated Care Board,NORTH WEST,North West Commissioning Region
2024-04/March-2024-System-Mapping.xls,2023-24,2024-03,2023-04-01,2024-04-11,2024-04-04,RN3,Great Western Hospitals NHS Foundation Trust,QOX,"NHS Bath And North East Somerset, Swindon And Wiltshire Integrated Care Board",SOUTH WEST,South West Commissioning Region
2024-04/March-2024-System-Mapping.xls,2023-24,2024-03,2023-04-01,2024-04-11,2024-04-04,RN5,Hampshire Hospitals NHS Foundation Trust,QRL,NHS Hampshire And Isle Of Wight Integrated Care Board,SOUTH EAST,South East Commissioning Region
2024-04/March-2024-System-Mapping.xls,2023-24,2024-03,2023-04-01,2024-04-11,2024-04-04,RN7,Dartford And Gravesham NHS Trust,QKS,NHS Kent And Medway Integrated Care Board,SOUTH EAST,South East Commissioning Region
2024-04/March-2024-System-Mapping.xls,2023-24,2024-03,2023-04-01,2024-04-11,2024-04-04,RNA,The Dudley Group NHS Foundation Trust,QUA,NHS Black Country Integrated Care Board,MIDLANDS,Midlands Commissioning Region
2024-04/March-2024-System-Mapping.xls,2023-24,2024-03,2023-04-01,2024-04-11,2024-04-04,RNN,North Cumbria Integrated Care NHS Foundation Trust,QHM,NHS North East And North Cumbria Integrated Care Board,NORTH EAST AND YORKSHIRE,North East and Yorkshire Commissioning Region
2024-04/March-2024-System-Mapping.xls,2023-24,2024-03,2023-04-01,2024-04-11,2024-04-04,RNQ,Kettering General Hospital NHS Foundation Trust,QPM,NHS Northamptonshire Integrated Care Board,MIDLANDS,Midlands Commissioning Region
2024-04/March-2024-System-Mapping.xls,2023-24,2024-03,2023-04-01,2024-04-11,2024-04-04,RNS,Northampton General Hospital NHS Trust,QPM,NHS Northamptonshire Integrated Care Board,MIDLANDS,Midlands Commissioning Region
2024-04/March-2024-System-Mapping.xls,2023-24,2024-03,2023-04-01,2024-04-11,2024-04-04,RNU,Oxford Health NHS Foundation Trust,QU9,"NHS Buckinghamshire, Oxfordshire And Berkshire West Integrated Care Board",SOUTH EAST,South East Commissioning Region
2024-04/March-2024-System-Mapping.xls,2023-24,2024-03,2023-04-01,2024-04-11,2024-04-04,RNZ,Salisbury NHS Foundation Trust,QOX,"NHS Bath And North East Somerset, Swindon And Wiltshire Integrated Care Board",SOUTH WEST,South West Commissioning Region
2024-04/March-2024-System-Mapping.xls,2023-24,2024-03,2023-04-01,2024-04-11,2024-04-04,RP5,Doncaster And Bassetlaw Teaching Hospitals NHS Foundation Trust,QF7,NHS South Yorkshire Integrated Care Board,NORTH EAST AND YORKSHIRE,North East and Yorkshire Commissioning Region
2024-04/March-2024-System-Mapping.xls,2023-24,2024-03,2023-04-01,2024-04-11,2024-04-04,RP6,Moorfields Eye Hospital NHS Foundation Trust,QMJ,NHS North Central London Integrated Care Board,LONDON,London Commissioning Region
2024-04/March-2024-System-Mapping.xls,2023-24,2024-03,2023-04-01,2024-04-11,2024-04-04,RPA,Medway NHS Foundation Trust,QKS,NHS Kent And Medway Integrated Care Board,SOUTH EAST,South East Commissioning Region
2024-04/March-2024-System-Mapping.xls,2023-24,2024-03,2023-04-01,2024-04-11,2024-04-04,RPC,Queen Victoria Hospital NHS Foundation Trust,QNX,NHS Sussex Integrated Care Board,SOUTH EAST,South East Commissioning Region
2024-04/March-2024-System-Mapping.xls,2023-24,2024-03,2023-04-01,2024-04-11,2024-04-04,RQ3,Birmingham Women's And Children's NHS Foundation Trust,QHL,NHS Birmingham And Solihull Integrated Care Board,MIDLANDS,Midlands Commissioning Region
2024-04/March-2024-System-Mapping.xls,2023-24,2024-03,2023-04-01,2024-04-11,2024-04-04,RQM,Chelsea And Westminster Hospital NHS Foundation Trust,QRV,NHS North West London Integrated Care Board,LONDON,London Commissioning Region
2024-04/March-2024-System-Mapping.xls,2023-24,2024-03,2023-04-01,2024-04-11,2024-04-04,RQW,The Princess Alexandra Hospital NHS Trust,QM7,NHS Hertfordshire And West Essex Integrated Care Board,EAST OF ENGLAND,East of England Commissioning Region
2024-04/March-2024-System-Mapping.xls,2023-24,2024-03,2023-04-01,2024-04-11,2024-04-04,RQX,Homerton Healthcare NHS Foundation Trust,QMF,NHS North East London Integrated Care Board,LONDON,London Commissioning Region
2024-04/March-2024-System-Mapping.xls,2023-24,2024-03,2023-04-01,2024-04-11,2024-04-04,RR7,Gateshead Health NHS Foundation Trust,QHM,NHS North East And North Cumbria Integrated Care Board,NORTH EAST AND YORKSHIRE,North East and Yorkshire Commissioning Region
2024-04/March-2024-System-Mapping.xls,2023-24,2024-03,2023-04-01,2024-04-11,2024-04-04,RR8,Leeds Teaching Hospitals NHS Trust,QWO,NHS West Yorkshire Integrated Care Board,NORTH EAST AND YORKSHIRE,North East and Yorkshire Commissioning Region
2024-04/March-2024-System-Mapping.xls,2023-24,2024-03,2023-04-01,2024-04-11,2024-04-04,RRF,"Wrightington, Wigan And Leigh NHS Foundation Trust",QOP,NHS Greater Manchester Integrated Care Board,NORTH WEST,North West Commissioning Region
2024-04/March-2024-System-Mapping.xls,2023-24,2024-03,2023-04-01,2024-04-11,2024-04-04,RRK,University Hospitals Birmingham NHS Foundation Trust,QHL,NHS Birmingham And Solihull Integrated Care Board,MIDLANDS,Midlands Commissioning Region
2024-04/March-2024-System-Mapping.xls,2023-24,2024-03,2023-04-01,2024-04-11,2024-04-04,RRV,University College London Hospitals NHS Foundation Trust,QMJ,NHS North Central London Integrated Care Board,LONDON,London Commissioning Region
2024-04/March-2024-System-Mapping.xls,2023-24,2024-03,2023-04-01,2024-04-11,2024-04-04,RTD,The Newcastle Upon Tyne Hospitals NHS Foundation Trust,QHM,NHS North East And North Cumbria Integrated Care Board,NORTH EAST AND YORKSHIRE,North East and Yorkshire Commissioning Region
2024-04/March-2024-System-Mapping.xls,2023-24,2024-03,2023-04-01,2024-04-11,2024-04-04,RTE,Gloucestershire Hospitals NHS Foundation Trust,QR1,NHS Gloucestershire Integrated Care Board,SOUTH WEST,South West Commissioning Region
2024-04/March-2024-System-Mapping.xls,2023-24,2024-03,2023-04-01,2024-04-11,2024-04-04,RTF,Northumbria Healthcare NHS Foundation Trust,QHM,NHS North East And North Cumbria Integrated Care Board,NORTH EAST AND YORKSHIRE,North East and Yorkshire Commissioning Region
2024-04/March-2024-System-Mapping.xls,2023-24,2024-03,2023-04-01,2024-04-11,2024-04-04,RTG,University Hospitals Of Derby And Burton NHS Foundation Trust,QJ2,NHS Derby And Derbyshire Integrated Care Board,MIDLANDS,Midlands Commissioning Region
2024-04/March-2024-System-Mapping.xls,2023-24,2024-03,2023-04-01,2024-04-11,2024-04-04,RTH,Oxford University Hospitals NHS Foundation Trust,QU9,"NHS Buckinghamshire, Oxfordshire And Berkshire West Integrated Care Board",SOUTH EAST,South East Commissioning Region
2024-04/March-2024-System-Mapping.xls,2023-24,2024-03,2023-04-01,2024-04-11,2024-04-04,RTK,Ashford And St Peter's Hospitals NHS Foundation Trust,QXU,NHS Surrey Heartlands Integrated Care Board,SOUTH EAST,South East Commissioning Region
2024-04/March-2024-System-Mapping.xls,2023-24,2024-03,2023-04-01,2024-04-11,2024-04-04,RTP,Surrey And Sussex Healthcare NHS Trust,QXU,NHS Surrey Heartlands Integrated Care Board,SOUTH EAST,South East Commissioning Region
2024-04/March-2024-System-Mapping.xls,2023-24,2024-03,2023-04-01,2024-04-11,2024-04-04,RTQ,Gloucestershire Health And Care NHS Foundation Trust,QR1,NHS Gloucestershire Integrated Care Board,SOUTH WEST,South West Commissioning Region
2024-04/March-2024-System-Mapping.xls,2023-24,2024-03,2023-04-01,2024-04-11,2024-04-04,RTR,South Tees Hospitals NHS Foundation Trust,QHM,NHS North East And North Cumbria Integrated Care Board,NORTH EAST AND YORKSHIRE,North East and Yorkshire Commissioning Region
2024-04/March-2024-System-Mapping.xls,2023-24,2024-03,2023-04-01,2024-04-11,2024-04-04,RTX,University Hospitals Of Morecambe Bay NHS Foundation Trust,QE1,NHS Lancashire And South Cumbria Integrated Care Board,NORTH WEST,North West Commissioning Region
2024-04/March-2024-System-Mapping.xls,2023-24,2024-03,2023-04-01,2024-04-11,2024-04-04,RV9,Humber Teaching NHS Foundation Trust,QOQ,NHS Humber And North Yorkshire Integrated Care Board,NORTH EAST AND YORKSHIRE,North East and Yorkshire Commissioning Region
2024-04/March-2024-System-Mapping.xls,2023-24,2024-03,2023-04-01,2024-04-11,2024-04-04,RVJ,North Bristol NHS Trust,QUY,"NHS Bristol, North Somerset And South Gloucestershire Integrated Care Board",SOUTH WEST,South West Commissioning Region
2024-04/March-2024-System-Mapping.xls,2023-24,2024-03,2023-04-01,2024-04-11,2024-04-04,RVR,Epsom And St Helier University Hospitals NHS Trust,QWE,NHS South West London Integrated Care Board,LONDON,London Commissioning Region
2024-04/March-2024-System-Mapping.xls,2023-24,2024-03,2023-04-01,2024-04-11,2024-04-04,RVV,East Kent Hospitals University NHS Foundation Trust,QKS,NHS Kent And Medway Integrated Care Board,SOUTH EAST,South East Commissioning Region
2024-04/March-2024-System-Mapping.xls,2023-24,2024-03,2023-04-01,2024-04-11,2024-04-04,RVW,North Tees And Hartlepool NHS Foundation Trust,QHM,NHS North East And North Cumbria Integrated Care Board,NORTH EAST AND YORKSHIRE,North East and Yorkshire Commissioning Region
2024-04/March-2024-System-Mapping.xls,2023-24,2024-03,2023-04-01,2024-04-11,2024-04-04,RW1,Southern Health NHS Foundation Trust,QRL,NHS Hampshire And Isle Of Wight Integrated Care Board,SOUTH EAST,South East Commissioning Region
2024-04/March-2024-System-Mapping.xls,2023-24,2024-03,2023-04-01,2024-04-11,2024-04-04,RW4,Mersey Care NHS Foundation Trust,QYG,NHS Cheshire And Merseyside Integrated Care Board,NORTH WEST,North West Commissioning Region
2024-04/March-2024-System-Mapping.xls,2023-24,2024-03,2023-04-01,2024-04-11,2024-04-04,RWA,Hull University Teaching Hospitals NHS Trust,QOQ,NHS Humber And North Yorkshire Integrated Care Board,NORTH EAST AND YORKSHIRE,North East and Yorkshire Commissioning Region
2024-04/March-2024-System-Mapping.xls,2023-24,2024-03,2023-04-01,2024-04-11,2024-04-04,RWD,United Lincolnshire Hospitals NHS Trust,QJM,NHS Lincolnshire Integrated Care Board,MIDLANDS,Midlands Commissioning Region
2024-04/March-2024-System-Mapping.xls,2023-24,2024-03,2023-04-01,2024-04-11,2024-04-04,RWE,University Hospitals Of Leicester NHS Trust,QK1,"NHS Leicester, Leicestershire And Rutland Integrated Care Board",MIDLANDS,Midlands Commissioning Region
2024-04/March-2024-System-Mapping.xls,2023-24,2024-03,2023-04-01,2024-04-11,2024-04-04,RWF,Maidstone And Tunbridge Wells NHS Trust,QKS,NHS Kent And Medway Integrated Care Board,SOUTH EAST,South East Commissioning Region
2024-04/March-2024-System-Mapping.xls,2023-24,2024-03,2023-04-01,2024-04-11,2024-04-04,RWG,West Hertfordshire Teaching Hospitals NHS Trust,QM7,NHS Hertfordshire And West Essex Integrated Care Board,EAST OF ENGLAND,East of England Commissioning Region
2024-04/March-2024-System-Mapping.xls,2023-24,2024-03,2023-04-01,2024-04-11,2024-04-04,RWH,East And North Hertfordshire NHS Trust,QM7,NHS Hertfordshire And West Essex Integrated Care Board,EAST OF ENGLAND,East of England Commissioning Region
2024-04/March-2024-System-Mapping.xls,2023-24,2024-03,2023-04-01,2024-04-11,2024-04-04,RWJ,Stockport NHS Foundation Trust,QOP,NHS Greater Manchester Integrated Care Board,NORTH WEST,North West Commissioning Region
2024-04/March-2024-System-Mapping.xls,2023-24,2024-03,2023-04-01,2024-04-11,2024-04-04,RWP,Worcestershire Acute Hospitals NHS Trust,QGH,NHS Herefordshire And Worcestershire Integrated Care Board,MIDLANDS,Midlands Commissioning Region
2024-04/March-2024-System-Mapping.xls,2023-24,2024-03,2023-04-01,2024-04-11,2024-04-04,RWW,Warrington And Halton Teaching Hospitals NHS Foundation Trust,QYG,NHS Cheshire And Merseyside Integrated Care Board,NORTH WEST,North West Commissioning Region
2024-04/March-2024-System-Mapping.xls,2023-24,2024-03,2023-04-01,2024-04-11,2024-04-04,RWX,Berkshire Healthcare NHS Foundation Trust,QU9,"NHS Buckinghamshire, Oxfordshire And Berkshire West Integrated Care Board",SOUTH EAST,South East Commissioning Region
2024-04/March-2024-System-Mapping.xls,2023-24,2024-03,2023-04-01,2024-04-11,2024-04-04,RWY,Calderdale And Huddersfield NHS Foundation Trust,QWO,NHS West Yorkshire Integrated Care Board,NORTH EAST AND YORKSHIRE,North East and Yorkshire Commissioning Region
2024-04/March-2024-System-Mapping.xls,2023-24,2024-03,2023-04-01,2024-04-11,2024-04-04,RX1,Nottingham University Hospitals NHS Trust,QT1,NHS Nottingham And Nottinghamshire Integrated Care Board,MIDLANDS,Midlands Commissioning Region
2024-04/March-2024-System-Mapping.xls,2023-24,2024-03,2023-04-01,2024-04-11,2024-04-04,RXC,East Sussex Healthcare NHS Trust,QNX,NHS Sussex Integrated Care Board,SOUTH EAST,South East Commissioning Region
2024-04/March-2024-System-Mapping.xls,2023-24,2024-03,2023-04-01,2024-04-11,2024-04-04,RXF,Mid Yorkshire Hospitals NHS Trust,QWO,NHS West Yorkshire Integrated Care Board,NORTH EAST AND YORKSHIRE,North East and Yorkshire Commissioning Region
2024-04/March-2024-System-Mapping.xls,2023-24,2024-03,2023-04-01,2024-04-11,2024-04-04,RXG,South West Yorkshire Partnership NHS Foundation Trust,QWO,NHS West Yorkshire Integrated Care Board,NORTH EAST AND YORKSHIRE,North East and Yorkshire Commissioning Region
2024-04/March-2024-System-Mapping.xls,2023-24,2024-03,2023-04-01,2024-04-11,2024-04-04,RXK,Sandwell And West Birmingham Hospitals NHS Trust,QUA,NHS Black Country Integrated Care Board,MIDLANDS,Midlands Commissioning Region
2024-04/March-2024-System-Mapping.xls,2023-24,2024-03,2023-04-01,2024-04-11,2024-04-04,RXL,Blackpool Teaching Hospitals NHS Foundation Trust,QE1,NHS Lancashire And South Cumbria Integrated Care Board,NORTH WEST,North West Commissioning Region
2024-04/March-2024-System-Mapping.xls,2023-24,2024-03,2023-04-01,2024-04-11,2024-04-04,RXN,Lancashire Teaching Hospitals NHS Foundation Trust,QE1,NHS Lancashire And South Cumbria Integrated Care Board,NORTH WEST,North West Commissioning Region
2024-04/March-2024-System-Mapping.xls,2023-24,2024-03,2023-04-01,2024-04-11,2024-04-04,RXP,County Durham And Darlington NHS Foundation Trust,QHM,NHS North East And North Cumbria Integrated Care Board,NORTH EAST AND YORKSHIRE,North East and Yorkshire Commissioning Region
2024-04/March-2024-System-Mapping.xls,2023-24,2024-03,2023-04-01,2024-04-11,2024-04-04,RXQ,Buckinghamshire Healthcare NHS Trust,QU9,"NHS Buckinghamshire, Oxfordshire And Berkshire West Integrated Care Board",SOUTH EAST,South East Commissioning Region
2024-04/March-2024-System-Mapping.xls,2023-24,2024-03,2023-04-01,2024-04-11,2024-04-04,RXR,East Lancashire Hospitals NHS Trust,QE1,NHS Lancashire And South Cumbria Integrated Care Board,NORTH WEST,North West Commissioning Region
2024-04/March-2024-System-Mapping.xls,2023-24,2024-03,2023-04-01,2024-04-11,2024-04-04,RXW,The Shrewsbury And Telford Hospital NHS Trust,QOC,"NHS Shropshire, Telford And Wrekin Integrated Care Board",MIDLANDS,Midlands Commissioning Region
2024-04/March-2024-System-Mapping.xls,2023-24,2024-03,2023-04-01,2024-04-11,2024-04-04,RY2,Bridgewater Community Healthcare NHS Foundation Trust,QYG,NHS Cheshire And Merseyside Integrated Care Board,NORTH WEST,North West Commissioning Region
2024-04/March-2024-System-Mapping.xls,2023-24,2024-03,2023-04-01,2024-04-11,2024-04-04,RY4,Hertfordshire Community NHS Trust,QM7,NHS Hertfordshire And West Essex Integrated Care Board,EAST OF ENGLAND,East of England Commissioning Region
2024-04/March-2024-System-Mapping.xls,2023-24,2024-03,2023-04-01,2024-04-11,2024-04-04,RY5,Lincolnshire Community Health Services NHS Trust,QJM,NHS Lincolnshire Integrated Care Board,MIDLANDS,Midlands Commissioning Region
2024-04/March-2024-System-Mapping.xls,2023-24,2024-03,2023-04-01,2024-04-11,2024-04-04,RY7,Wirral Community Health And Care NHS Foundation Trust,QYG,NHS Cheshire And Merseyside Integrated Care Board,NORTH WEST,North West Commissioning Region
2024-04/March-2024-System-Mapping.xls,2023-24,2024-03,2023-04-01,2024-04-11,2024-04-04,RY8,Derbyshire Community Health Services NHS Foundation Trust,QJ2,NHS Derby And Derbyshire Integrated Care Board,MIDLANDS,Midlands Commissioning Region
2024-04/March-2024-System-Mapping.xls,2023-24,2024-03,2023-04-01,2024-04-11,2024-04-04,RY9,Hounslow And Richmond Community Healthcare NHS Trust,QWE,NHS South West London Integrated Care Board,LONDON,London Commissioning Region
2024-04/March-2024-System-Mapping.xls,2023-24,2024-03,2023-04-01,2024-04-11,2024-04-04,RYF,South Western Ambulance Service NHS Foundation Trust,QJK,NHS Devon Integrated Care Board,SOUTH WEST,South West Commissioning Region
2024-04/March-2024-System-Mapping.xls,2023-24,2024-03,2023-04-01,2024-04-11,2024-04-04,RYG,Coventry and Warwickshire Partnership NHS Trust,QWU,NHS Coventry And Warwickshire Integrated Care Board,MIDLANDS,Midlands Commissioning Region
2024-04/March-2024-System-Mapping.xls,2023-24,2024-03,2023-04-01,2024-04-11,2024-04-04,RYJ,Imperial College Healthcare NHS Trust,QRV,NHS North West London Integrated Care Board,LONDON,London Commissioning Region
2024-04/March-2024-System-Mapping.xls,2023-24,2024-03,2023-04-01,2024-04-11,2024-04-04,RYR,University Hospitals Sussex NHS Foundation Trust,QNX,NHS Sussex Integrated Care Board,SOUTH EAST,South East Commissioning Region
2024-04/March-2024-System-Mapping.xls,2023-24,2024-03,2023-04-01,2024-04-11,2024-04-04,RYX,Central London Community Healthcare NHS Trust,QRV,NHS North West London Integrated Care Board,LONDON,London Commissioning Region
2024-04/March-2024-System-Mapping.xls,2023-24,2024-03,2023-04-01,2024-04-11,2024-04-04,RYY,Kent Community Health NHS Foundation Trust,QKS,NHS Kent And Medway Integrated Care Board,SOUTH EAST,South East Commissioning Region
2024-04/March-2024-System-Mapping.xls,2023-24,2024-03,2023-04-01,2024-04-11,2024-04-04,Y00751,East Berks Primary Care Ooh(Wam),QNQ,NHS Frimley Integrated Care Board,SOUTH EAST,South East Commissioning Region
2024-04/March-2024-System-Mapping.xls,2023-24,2024-03,2023-04-01,2024-04-11,2024-04-04,Y02147,Urgent Care Centre (Qms),QKK,NHS South East London Integrated Care Board,LONDON,London Commissioning Region
2024-04/March-2024-System-Mapping.xls,2023-24,2024-03,2023-04-01,2024-04-11,2024-04-04,Y02428,Putnoe Medical Centre Walk In Centre,QHG,"NHS Bedfordshire, Luton And Milton Keynes Integrated Care Board",EAST OF ENGLAND,East of England Commissioning Region
2024-04/March-2024-System-Mapping.xls,2023-24,2024-03,2023-04-01,2024-04-11,2024-04-04,Y02532,Miriam Minor Emergency,QYG,NHS Cheshire And Merseyside Integrated Care Board,NORTH WEST,North West Commissioning Region
2024-04/March-2024-System-Mapping.xls,2023-24,2024-03,2023-04-01,2024-04-11,2024-04-04,Y02615,South Birmingham GP Walk In Centre,QHL,NHS Birmingham And Solihull Integrated Care Board,MIDLANDS,Midlands Commissioning Region
2024-04/March-2024-System-Mapping.xls,2023-24,2024-03,2023-04-01,2024-04-11,2024-04-04,Y02676,Brighton Station Health Centre,QNX,NHS Sussex Integrated Care Board,SOUTH EAST,South East Commissioning Region
2024-04/March-2024-System-Mapping.xls,2023-24,2024-03,2023-04-01,2024-04-11,2024-04-04,Y03007,Erdington GP Health & Wellbeing Wic,QHL,NHS Birmingham And Solihull Integrated Care Board,MIDLANDS,Midlands Commissioning Region
2024-04/March-2024-System-Mapping.xls,2023-24,2024-03,2023-04-01,2024-04-11,2024-04-04,Y03218,The Pinn Unregistered Wic,QRV,NHS North West London Integrated Care Board,LONDON,London Commissioning Region
2024-04/March-2024-System-Mapping.xls,2023-24,2024-03,2023-04-01,2024-04-11,2024-04-04,Y03571,Corby Urgent Care Centre,QPM,NHS Northamptonshire Integrated Care Board,MIDLANDS,Midlands Commissioning Region
2024-04/March-2024-System-Mapping.xls,2023-24,2024-03,2023-04-01,2024-04-11,2024-04-04,Y04538,Bracknell Urgent Care Centre Wic,QNQ,NHS Frimley Integrated Care Board,SOUTH EAST,South East Commissioning Region
2024-04/March-2024-System-Mapping.xls,2023-24,2024-03,2023-04-01,2024-04-11,2024-04-04,Y07709,Reading Urgent Care Centre,QU9,"NHS Buckinghamshire, Oxfordshire And Berkshire West Integrated Care Board",SOUTH EAST,South East Commissioning Region
2024-05/April-2024-System-Mapping.xls,2024-25,2024-04,2024-04-01,2024-05-08,2024-05-04,8J094,Badger Ltd,QHL,NHS Birmingham And Solihull Integrated Care Board,MIDLANDS,Midlands Commissioning Region
2024-05/April-2024-System-Mapping.xls,2024-25,2024-04,2024-04-01,2024-05-08,2024-05-04,AAH,Tetbury Hospital Trust Ltd,QR1,NHS Gloucestershire Integrated Care Board,SOUTH WEST,South West Commissioning Region
2024-05/April-2024-System-Mapping.xls,2024-25,2024-04,2024-04-01,2024-05-08,2024-05-04,ACH01,Whitstable Medical Practice,QKS,NHS Kent And Medway Integrated Care Board,SOUTH EAST,South East Commissioning Region
2024-05/April-2024-System-Mapping.xls,2024-25,2024-04,2024-04-01,2024-05-08,2024-05-04,AD913,Beckenham Beacon Ucc,QKK,NHS South East London Integrated Care Board,LONDON,London Commissioning Region
2024-05/April-2024-System-Mapping.xls,2024-25,2024-04,2024-04-01,2024-05-08,2024-05-04,AJN,Workington Health Limited,QHM,NHS North East And North Cumbria Integrated Care Board,NORTH EAST AND YORKSHIRE,North East and Yorkshire Commissioning Region
2024-05/April-2024-System-Mapping.xls,2024-25,2024-04,2024-04-01,2024-05-08,2024-05-04,AQN04,Phl Lymington Utc,QRL,NHS Hampshire And Isle Of Wight Integrated Care Board,SOUTH EAST,South East Commissioning Region
2024-05/April-2024-System-Mapping.xls,2024-25,2024-04,2024-04-01,2024-05-08,2024-05-04,ARN03,Local Care Direct,QWO,NHS West Yorkshire Integrated Care Board,NORTH EAST AND YORKSHIRE,North East and Yorkshire Commissioning Region
2024-05/April-2024-System-Mapping.xls,2024-25,2024-04,2024-04-01,2024-05-08,2024-05-04,AXG,Wiltshire Health & Care,QOX,"NHS Bath And North East Somerset, Swindon And Wiltshire Integrated Care Board",SOUTH WEST,South West Commissioning Region
2024-05/April-2024-System-Mapping.xls,2024-25,2024-04,2024-04-01,2024-05-08,2024-05-04,C82009,Market Harborough Med.Ctr,QK1,"NHS Leicester, Leicestershire And Rutland Integrated Care Board",MIDLANDS,Midlands Commissioning Region
2024-05/April-2024-System-Mapping.xls,2024-25,2024-04,2024-04-01,2024-05-08,2024-05-04,C82038,Latham House Medical Practice,QK1,"NHS Leicester, Leicestershire And Rutland Integrated Care Board",MIDLANDS,Midlands Commissioning Region
2024-05/April-2024-System-Mapping.xls,2024-25,2024-04,2024-04-01,2024-05-08,2024-05-04,C83023,Sleaford Medical Group,QJM,NHS Lincolnshire Integrated Care Board,MIDLANDS,Midlands Commissioning Region
2024-05/April-2024-System-Mapping.xls,2024-25,2024-04,2024-04-01,2024-05-08,2024-05-04,DD401,Exmouth Minor Injury Unit,QJK,NHS Devon Integrated Care Board,SOUTH WEST,South West Commissioning Region
2024-05/April-2024-System-Mapping.xls,2024-25,2024-04,2024-04-01,2024-05-08,2024-05-04,DT301,Herts Urgent Care (Ascots Lane),QM7,NHS Hertfordshire And West Essex Integrated Care Board,EAST OF ENGLAND,East of England Commissioning Region
2024-05/April-2024-System-Mapping.xls,2024-25,2024-04,2024-04-01,2024-05-08,2024-05-04,G0Q0L,Barking Hospital UTC,QMF,NHS North East London Integrated Care Board,LONDON,London Commissioning Region
2024-05/April-2024-System-Mapping.xls,2024-25,2024-04,2024-04-01,2024-05-08,2024-05-04,K6K0R,Harold Wood Polyclinic UTC,QMF,NHS North East London Integrated Care Board,LONDON,London Commissioning Region
2024-05/April-2024-System-Mapping.xls,2024-25,2024-04,2024-04-01,2024-05-08,2024-05-04,L83087,Okehampton Medical Centre,QJK,NHS Devon Integrated Care Board,SOUTH WEST,South West Commissioning Region
2024-05/April-2024-System-Mapping.xls,2024-25,2024-04,2024-04-01,2024-05-08,2024-05-04,NDA57,Haslemere Minor Injuries Unit,QXU,NHS Surrey Heartlands Integrated Care Board,SOUTH EAST,South East Commissioning Region
2024-05/April-2024-System-Mapping.xls,2024-25,2024-04,2024-04-01,2024-05-08,2024-05-04,NDJ,First Community Health And Care Cic,QNX,NHS Sussex Integrated Care Board,SOUTH EAST,South East Commissioning Region
2024-05/April-2024-System-Mapping.xls,2024-25,2024-04,2024-04-01,2024-05-08,2024-05-04,NL7,Assura Vertis Urgent Care Centres (Birmingham),QHL,NHS Birmingham And Solihull Integrated Care Board,MIDLANDS,Midlands Commissioning Region
2024-05/April-2024-System-Mapping.xls,2024-25,2024-04,2024-04-01,2024-05-08,2024-05-04,NLX,Sirona Care & Health,QUY,"NHS Bristol, North Somerset And South Gloucestershire Integrated Care Board",SOUTH WEST,South West Commissioning Region
2024-05/April-2024-System-Mapping.xls,2024-25,2024-04,2024-04-01,2024-05-08,2024-05-04,NNF09,Bransholme Health Centre,QOQ,NHS Humber And North Yorkshire Integrated Care Board,NORTH EAST AND YORKSHIRE,North East and Yorkshire Commissioning Region
2024-05/April-2024-System-Mapping.xls,2024-25,2024-04,2024-04-01,2024-05-08,2024-05-04,NNF76,The Wilberforce Health Centre,QOQ,NHS Humber And North Yorkshire Integrated Care Board,NORTH EAST AND YORKSHIRE,North East and Yorkshire Commissioning Region
2024-05/April-2024-System-Mapping.xls,2024-25,2024-04,2024-04-01,2024-05-08,2024-05-04,NNF94,East Riding Community Hospital,QOQ,NHS Humber And North Yorkshire Integrated Care Board,NORTH EAST AND YORKSHIRE,North East and Yorkshire Commissioning Region
2024-05/April-2024-System-Mapping.xls,2024-25,2024-04,2024-04-01,2024-05-08,2024-05-04,NNFA7,Goole & District Hospital,QOQ,NHS Humber And North Yorkshire Integrated Care Board,NORTH EAST AND YORKSHIRE,North East and Yorkshire Commissioning Region
2024-05/April-2024-System-Mapping.xls,2024-25,2024-04,2024-04-01,2024-05-08,2024-05-04,NNJ,Dhu Health Care C.I.C,QJ2,NHS Derby And Derbyshire Integrated Care Board,MIDLANDS,Midlands Commissioning Region
2024-05/April-2024-System-Mapping.xls,2024-25,2024-04,2024-04-01,2024-05-08,2024-05-04,NNJ07,Loughborough Urgent Care Centre,QK1,"NHS Leicester, Leicestershire And Rutland Integrated Care Board",MIDLANDS,Midlands Commissioning Region
2024-05/April-2024-System-Mapping.xls,2024-25,2024-04,2024-04-01,2024-05-08,2024-05-04,NNJ0H,Llr Ea - The Merlyn Vaz Health & Social Care Centre,QK1,"NHS Leicester, Leicestershire And Rutland Integrated Care Board",MIDLANDS,Midlands Commissioning Region
2024-05/April-2024-System-Mapping.xls,2024-25,2024-04,2024-04-01,2024-05-08,2024-05-04,NNJ12,Market Harborough,QK1,"NHS Leicester, Leicestershire And Rutland Integrated Care Board",MIDLANDS,Midlands Commissioning Region
2024-05/April-2024-System-Mapping.xls,2024-25,2024-04,2024-04-01,2024-05-08,2024-05-04,NNJ13,Melton Mowbray,QK1,"NHS Leicester, Leicestershire And Rutland Integrated Care Board",MIDLANDS,Midlands Commissioning Region
2024-05/April-2024-System-Mapping.xls,2024-25,2024-04,2024-04-01,2024-05-08,2024-05-04,NNJ14,Oadby,QK1,"NHS Leicester, Leicestershire And Rutland Integrated Care Board",MIDLANDS,Midlands Commissioning Region
2024-05/April-2024-System-Mapping.xls,2024-25,2024-04,2024-04-01,2024-05-08,2024-05-04,NNJ15,Oakham,QK1,"NHS Leicester, Leicestershire And Rutland Integrated Care Board",MIDLANDS,Midlands Commissioning Region
2024-05/April-2024-System-Mapping.xls,2024-25,2024-04,2024-04-01,2024-05-08,2024-05-04,NQT51,Station Plaza Health Centre,QNX,NHS Sussex Integrated Care Board,SOUTH EAST,South East Commissioning Region
2024-05/April-2024-System-Mapping.xls,2024-25,2024-04,2024-04-01,2024-05-08,2024-05-04,NQT5F,Skelmersdale Walk In Centre,QE1,NHS Lancashire And South Cumbria Integrated Care Board,NORTH WEST,North West Commissioning Region
2024-05/April-2024-System-Mapping.xls,2024-25,2024-04,2024-04-01,2024-05-08,2024-05-04,NQT5H,Paulton Memorial Hospital,QOX,"NHS Bath And North East Somerset, Swindon And Wiltshire Integrated Care Board",SOUTH WEST,South West Commissioning Region
2024-05/April-2024-System-Mapping.xls,2024-25,2024-04,2024-04-01,2024-05-08,2024-05-04,NQTE4,Summerfield Urgent Care Centre,QUA,NHS Black Country Integrated Care Board,MIDLANDS,Midlands Commissioning Region
2024-05/April-2024-System-Mapping.xls,2024-25,2024-04,2024-04-01,2024-05-08,2024-05-04,NR3,Nottingham Citycare Partnership,QT1,NHS Nottingham And Nottinghamshire Integrated Care Board,MIDLANDS,Midlands Commissioning Region
2024-05/April-2024-System-Mapping.xls,2024-25,2024-04,2024-04-01,2024-05-08,2024-05-04,NTP11,Practice Plus Group Hospital - Southampton,QRL,NHS Hampshire And Isle Of Wight Integrated Care Board,SOUTH EAST,South East Commissioning Region
2024-05/April-2024-System-Mapping.xls,2024-25,2024-04,2024-04-01,2024-05-08,2024-05-04,NTPAD,Practice Plus Group Surgical Centre - St Marys Portsmouth,QRL,NHS Hampshire And Isle Of Wight Integrated Care Board,SOUTH EAST,South East Commissioning Region
2024-05/April-2024-System-Mapping.xls,2024-25,2024-04,2024-04-01,2024-05-08,2024-05-04,NTV0B,Ashford Walk-In-Centre,QXU,NHS Surrey Heartlands Integrated Care Board,SOUTH EAST,South East Commissioning Region
2024-05/April-2024-System-Mapping.xls,2024-25,2024-04,2024-04-01,2024-05-08,2024-05-04,NTV0W,Woking Walk In Centre,QXU,NHS Surrey Heartlands Integrated Care Board,SOUTH EAST,South East Commissioning Region
2024-05/April-2024-System-Mapping.xls,2024-25,2024-04,2024-04-01,2024-05-08,2024-05-04,NV693,Rossendale Miu & Ooh,QE1,NHS Lancashire And South Cumbria Integrated Care Board,NORTH WEST,North West Commissioning Region
2024-05/April-2024-System-Mapping.xls,2024-25,2024-04,2024-04-01,2024-05-08,2024-05-04,R0A,Manchester University NHS Foundation Trust,QOP,NHS Greater Manchester Integrated Care Board,NORTH WEST,North West Commissioning Region
2024-05/April-2024-System-Mapping.xls,2024-25,2024-04,2024-04-01,2024-05-08,2024-05-04,R0B,South Tyneside And Sunderland NHS Foundation Trust,QHM,NHS North East And North Cumbria Integrated Care Board,NORTH EAST AND YORKSHIRE,North East and Yorkshire Commissioning Region
2024-05/April-2024-System-Mapping.xls,2024-25,2024-04,2024-04-01,2024-05-08,2024-05-04,R0D,University Hospitals Dorset NHS Foundation Trust,QVV,NHS Dorset Integrated Care Board,SOUTH WEST,South West Commissioning Region
2024-05/April-2024-System-Mapping.xls,2024-25,2024-04,2024-04-01,2024-05-08,2024-05-04,R1D,Shropshire Community Health NHS Trust,QOC,"NHS Shropshire, Telford And Wrekin Integrated Care Board",MIDLANDS,Midlands Commissioning Region
2024-05/April-2024-System-Mapping.xls,2024-25,2024-04,2024-04-01,2024-05-08,2024-05-04,R1F,Isle Of Wight NHS Trust,QRL,NHS Hampshire And Isle Of Wight Integrated Care Board,SOUTH EAST,South East Commissioning Region
2024-05/April-2024-System-Mapping.xls,2024-25,2024-04,2024-04-01,2024-05-08,2024-05-04,R1H,Barts Health NHS Trust,QMF,NHS North East London Integrated Care Board,LONDON,London Commissioning Region
2024-05/April-2024-System-Mapping.xls,2024-25,2024-04,2024-04-01,2024-05-08,2024-05-04,R1K,London North West University Healthcare NHS Trust,QRV,NHS North West London Integrated Care Board,LONDON,London Commissioning Region
2024-05/April-2024-System-Mapping.xls,2024-25,2024-04,2024-04-01,2024-05-08,2024-05-04,RA2,Royal Surrey County Hospital NHS Foundation Trust,QXU,NHS Surrey Heartlands Integrated Care Board,SOUTH EAST,South East Commissioning Region
2024-05/April-2024-System-Mapping.xls,2024-25,2024-04,2024-04-01,2024-05-08,2024-05-04,RA7,University Hospitals Bristol And Weston NHS Foundation Trust,QUY,"NHS Bristol, North Somerset And South Gloucestershire Integrated Care Board",SOUTH WEST,South West Commissioning Region
2024-05/April-2024-System-Mapping.xls,2024-25,2024-04,2024-04-01,2024-05-08,2024-05-04,RA9,Torbay And South Devon NHS Foundation Trust,QJK,NHS Devon Integrated Care Board,SOUTH WEST,South West Commissioning Region
2024-05/April-2024-System-Mapping.xls,2024-25,2024-04,2024-04-01,2024-05-08,2024-05-04,RAE,Bradford Teaching Hospitals NHS Foundation Trust,QWO,NHS West Yorkshire Integrated Care Board,NORTH EAST AND YORKSHIRE,North East and Yorkshire Commissioning Region
2024-05/April-2024-System-Mapping.xls,2024-25,2024-04,2024-04-01,2024-05-08,2024-05-04,RAJ,Mid And South Essex NHS Foundation Trust,QH8,NHS Mid And South Essex Integrated Care Board,EAST OF ENGLAND,East of England Commissioning Region
2024-05/April-2024-System-Mapping.xls,2024-25,2024-04,2024-04-01,2024-05-08,2024-05-04,RAL,Royal Free London NHS Foundation Trust,QMJ,NHS North Central London Integrated Care Board,LONDON,London Commissioning Region
2024-05/April-2024-System-Mapping.xls,2024-25,2024-04,2024-04-01,2024-05-08,2024-05-04,RAN,Royal National Orthopaedic Hospital NHS Trust,QMJ,NHS North Central London Integrated Care Board,LONDON,London Commissioning Region
2024-05/April-2024-System-Mapping.xls,2024-25,2024-04,2024-04-01,2024-05-08,2024-05-04,RAP,North Middlesex University Hospital NHS Trust,QMJ,NHS North Central London Integrated Care Board,LONDON,London Commissioning Region
2024-05/April-2024-System-Mapping.xls,2024-25,2024-04,2024-04-01,2024-05-08,2024-05-04,RAS,The Hillingdon Hospitals NHS Foundation Trust,QRV,NHS North West London Integrated Care Board,LONDON,London Commissioning Region
2024-05/April-2024-System-Mapping.xls,2024-25,2024-04,2024-04-01,2024-05-08,2024-05-04,RAT,North East London NHS Foundation Trust,QMF,NHS North East London Integrated Care Board,LONDON,London Commissioning Region
2024-05/April-2024-System-Mapping.xls,2024-25,2024-04,2024-04-01,2024-05-08,2024-05-04,RAX,Kingston Hospital NHS Foundation Trust,QWE,NHS South West London Integrated Care Board,LONDON,London Commissioning Region
2024-05/April-2024-System-Mapping.xls,2024-25,2024-04,2024-04-01,2024-05-08,2024-05-04,RBD,Dorset County Hospital NHS Foundation Trust,QVV,NHS Dorset Integrated Care Board,SOUTH WEST,South West Commissioning Region
2024-05/April-2024-System-Mapping.xls,2024-25,2024-04,2024-04-01,2024-05-08,2024-05-04,RBK,Walsall Healthcare NHS Trust,QUA,NHS Black Country Integrated Care Board,MIDLANDS,Midlands Commissioning Region
2024-05/April-2024-System-Mapping.xls,2024-25,2024-04,2024-04-01,2024-05-08,2024-05-04,RBL,Wirral University Teaching Hospital NHS Foundation Trust,QYG,NHS Cheshire And Merseyside Integrated Care Board,NORTH WEST,North West Commissioning Region
2024-05/April-2024-System-Mapping.xls,2024-25,2024-04,2024-04-01,2024-05-08,2024-05-04,RBN,Mersey And West Lancashire Teaching Hospitals NHS Trust,QYG,NHS Cheshire And Merseyside Integrated Care Board,NORTH WEST,North West Commissioning Region
2024-05/April-2024-System-Mapping.xls,2024-25,2024-04,2024-04-01,2024-05-08,2024-05-04,RBQ,Liverpool Heart And Chest Hospital NHS Foundation Trust,QYG,NHS Cheshire And Merseyside Integrated Care Board,NORTH WEST,North West Commissioning Region
2024-05/April-2024-System-Mapping.xls,2024-25,2024-04,2024-04-01,2024-05-08,2024-05-04,RBS,Alder Hey Children's NHS Foundation Trust,QYG,NHS Cheshire And Merseyside Integrated Care Board,NORTH WEST,North West Commissioning Region
2024-05/April-2024-System-Mapping.xls,2024-25,2024-04,2024-04-01,2024-05-08,2024-05-04,RBT,Mid Cheshire Hospitals NHS Foundation Trust,QYG,NHS Cheshire And Merseyside Integrated Care Board,NORTH WEST,North West Commissioning Region
2024-05/April-2024-System-Mapping.xls,2024-25,2024-04,2024-04-01,2024-05-08,2024-05-04,RBV,The Christie NHS Foundation Trust,QOP,NHS Greater Manchester Integrated Care Board,NORTH WEST,North West Commissioning Region
2024-05/April-2024-System-Mapping.xls,2024-25,2024-04,2024-04-01,2024-05-08,2024-05-04,RC9,Bedfordshire Hospitals NHS Foundation Trust,QHG,"NHS Bedfordshire, Luton And Milton Keynes Integrated Care Board",EAST OF ENGLAND,East of England Commissioning Region
2024-05/April-2024-System-Mapping.xls,2024-25,2024-04,2024-04-01,2024-05-08,2024-05-04,RCB,York And Scarborough Teaching Hospitals NHS Foundation Trust,QOQ,NHS Humber And North Yorkshire Integrated Care Board,NORTH EAST AND YORKSHIRE,North East and Yorkshire Commissioning Region
2024-05/April-2024-System-Mapping.xls,2024-25,2024-04,2024-04-01,2024-05-08,2024-05-04,RCD,Harrogate And District NHS Foundation Trust,QOQ,NHS Humber And North Yorkshire Integrated Care Board,NORTH EAST AND YORKSHIRE,North East and Yorkshire Commissioning Region
2024-05/April-2024-System-Mapping.xls,2024-25,2024-04,2024-04-01,2024-05-08,2024-05-04,RCF,Airedale NHS Foundation Trust,QWO,NHS West Yorkshire Integrated Care Board,NORTH EAST AND YORKSHIRE,North East and Yorkshire Commissioning Region
2024-05/April-2024-System-Mapping.xls,2024-25,2024-04,2024-04-01,2024-05-08,2024-05-04,RCU,Sheffield Children's NHS Foundation Trust,QF7,NHS South Yorkshire Integrated Care Board,NORTH EAST AND YORKSHIRE,North East and Yorkshire Commissioning Region
2024-05/April-2024-System-Mapping.xls,2024-25,2024-04,2024-04-01,2024-05-08,2024-05-04,RCX,"The Queen Elizabeth Hospital, King's Lynn, NHS Foundation Trust",QMM,NHS Norfolk And Waveney Integrated Care Board,EAST OF ENGLAND,East of England Commissioning Region
2024-05/April-2024-System-Mapping.xls,2024-25,2024-04,2024-04-01,2024-05-08,2024-05-04,RD1,Royal United Hospitals Bath NHS Foundation Trust,QOX,"NHS Bath And North East Somerset, Swindon And Wiltshire Integrated Care Board",SOUTH WEST,South West Commissioning Region
2024-05/April-2024-System-Mapping.xls,2024-25,2024-04,2024-04-01,2024-05-08,2024-05-04,RD8,Milton Keynes University Hospital NHS Foundation Trust,QHG,"NHS Bedfordshire, Luton And Milton Keynes Integrated Care Board",EAST OF ENGLAND,East of England Commissioning Region
2024-05/April-2024-System-Mapping.xls,2024-25,2024-04,2024-04-01,2024-05-08,2024-05-04,RDE,East Suffolk And North Essex NHS Foundation Trust,QJG,NHS Suffolk And North East Essex Integrated Care Board,EAST OF ENGLAND,East of England Commissioning Region
2024-05/April-2024-System-Mapping.xls,2024-25,2024-04,2024-04-01,2024-05-08,2024-05-04,RDR,Sussex Community NHS Foundation Trust,QNX,NHS Sussex Integrated Care Board,SOUTH EAST,South East Commissioning Region
2024-05/April-2024-System-Mapping.xls,2024-25,2024-04,2024-04-01,2024-05-08,2024-05-04,RDU,Frimley Health NHS Foundation Trust,QNQ,NHS Frimley Integrated Care Board,SOUTH EAST,South East Commissioning Region
2024-05/April-2024-System-Mapping.xls,2024-25,2024-04,2024-04-01,2024-05-08,2024-05-04,RDY,Dorset Healthcare University NHS Foundation Trust,QVV,NHS Dorset Integrated Care Board,SOUTH WEST,South West Commissioning Region
2024-05/April-2024-System-Mapping.xls,2024-25,2024-04,2024-04-01,2024-05-08,2024-05-04,REF,Royal Cornwall Hospitals NHS Trust,QT6,NHS Cornwall And The Isles Of Scilly Integrated Care Board,SOUTH WEST,South West Commissioning Region
2024-05/April-2024-System-Mapping.xls,2024-25,2024-04,2024-04-01,2024-05-08,2024-05-04,REM,Liverpool University Hospitals NHS Foundation Trust,QYG,NHS Cheshire And Merseyside Integrated Care Board,NORTH WEST,North West Commissioning Region
2024-05/April-2024-System-Mapping.xls,2024-25,2024-04,2024-04-01,2024-05-08,2024-05-04,REP,Liverpool Women's NHS Foundation Trust,QYG,NHS Cheshire And Merseyside Integrated Care Board,NORTH WEST,North West Commissioning Region
2024-05/April-2024-System-Mapping.xls,2024-25,2024-04,2024-04-01,2024-05-08,2024-05-04,RET,The Walton Centre NHS Foundation Trust,QYG,NHS Cheshire And Merseyside Integrated Care Board,NORTH WEST,North West Commissioning Region
2024-05/April-2024-System-Mapping.xls,2024-25,2024-04,2024-04-01,2024-05-08,2024-05-04,RF4,"Barking, Havering And Redbridge University Hospitals NHS Trust",QMF,NHS North East London Integrated Care Board,LONDON,London Commissioning Region
2024-05/April-2024-System-Mapping.xls,2024-25,2024-04,2024-04-01,2024-05-08,2024-05-04,RFF,Barnsley Hospital NHS Foundation Trust,QF7,NHS South Yorkshire Integrated Care Board,NORTH EAST AND YORKSHIRE,North East and Yorkshire Commissioning Region
2024-05/April-2024-System-Mapping.xls,2024-25,2024-04,2024-04-01,2024-05-08,2024-05-04,RFR,The Rotherham NHS Foundation Trust,QF7,NHS South Yorkshire Integrated Care Board,NORTH EAST AND YORKSHIRE,North East and Yorkshire Commissioning Region
2024-05/April-2024-System-Mapping.xls,2024-25,2024-04,2024-04-01,2024-05-08,2024-05-04,RFS,Chesterfield Royal Hospital NHS Foundation Trust,QJ2,NHS Derby And Derbyshire Integrated Care Board,MIDLANDS,Midlands Commissioning Region
2024-05/April-2024-System-Mapping.xls,2024-25,2024-04,2024-04-01,2024-05-08,2024-05-04,RGN,North West Anglia NHS Foundation Trust,QUE,NHS Cambridgeshire And Peterborough Integrated Care Board,EAST OF ENGLAND,East of England Commissioning Region
2024-05/April-2024-System-Mapping.xls,2024-25,2024-04,2024-04-01,2024-05-08,2024-05-04,RGP,James Paget University Hospitals NHS Foundation Trust,QMM,NHS Norfolk And Waveney Integrated Care Board,EAST OF ENGLAND,East of England Commissioning Region
2024-05/April-2024-System-Mapping.xls,2024-25,2024-04,2024-04-01,2024-05-08,2024-05-04,RGR,West Suffolk NHS Foundation Trust,QJG,NHS Suffolk And North East Essex Integrated Care Board,EAST OF ENGLAND,East of England Commissioning Region
2024-05/April-2024-System-Mapping.xls,2024-25,2024-04,2024-04-01,2024-05-08,2024-05-04,RGT,Cambridge University Hospitals NHS Foundation Trust,QUE,NHS Cambridgeshire And Peterborough Integrated Care Board,EAST OF ENGLAND,East of England Commissioning Region
2024-05/April-2024-System-Mapping.xls,2024-25,2024-04,2024-04-01,2024-05-08,2024-05-04,RH5,Somerset NHS Foundation Trust,QSL,NHS Somerset Integrated Care Board,SOUTH WEST,South West Commissioning Region
2024-05/April-2024-System-Mapping.xls,2024-25,2024-04,2024-04-01,2024-05-08,2024-05-04,RH8,Royal Devon University Healthcare NHS Foundation Trust,QJK,NHS Devon Integrated Care Board,SOUTH WEST,South West Commissioning Region
2024-05/April-2024-System-Mapping.xls,2024-25,2024-04,2024-04-01,2024-05-08,2024-05-04,RHM,University Hospital Southampton NHS Foundation Trust,QRL,NHS Hampshire And Isle Of Wight Integrated Care Board,SOUTH EAST,South East Commissioning Region
2024-05/April-2024-System-Mapping.xls,2024-25,2024-04,2024-04-01,2024-05-08,2024-05-04,RHQ,Sheffield Teaching Hospitals NHS Foundation Trust,QF7,NHS South Yorkshire Integrated Care Board,NORTH EAST AND YORKSHIRE,North East and Yorkshire Commissioning Region
2024-05/April-2024-System-Mapping.xls,2024-25,2024-04,2024-04-01,2024-05-08,2024-05-04,RHU,Portsmouth Hospitals University National Health Service Trust,QRL,NHS Hampshire And Isle Of Wight Integrated Care Board,SOUTH EAST,South East Commissioning Region
2024-05/April-2024-System-Mapping.xls,2024-25,2024-04,2024-04-01,2024-05-08,2024-05-04,RHW,Royal Berkshire NHS Foundation Trust,QU9,"NHS Buckinghamshire, Oxfordshire And Berkshire West Integrated Care Board",SOUTH EAST,South East Commissioning Region
2024-05/April-2024-System-Mapping.xls,2024-25,2024-04,2024-04-01,2024-05-08,2024-05-04,RJ1,Guy's And St Thomas' NHS Foundation Trust,QKK,NHS South East London Integrated Care Board,LONDON,London Commissioning Region
2024-05/April-2024-System-Mapping.xls,2024-25,2024-04,2024-04-01,2024-05-08,2024-05-04,RJ2,Lewisham And Greenwich NHS Trust,QKK,NHS South East London Integrated Care Board,LONDON,London Commissioning Region
2024-05/April-2024-System-Mapping.xls,2024-25,2024-04,2024-04-01,2024-05-08,2024-05-04,RJ6,Croydon Health Services NHS Trust,QWE,NHS South West London Integrated Care Board,LONDON,London Commissioning Region
2024-05/April-2024-System-Mapping.xls,2024-25,2024-04,2024-04-01,2024-05-08,2024-05-04,RJ7,St George's University Hospitals NHS Foundation Trust,QWE,NHS South West London Integrated Care Board,LONDON,London Commissioning Region
2024-05/April-2024-System-Mapping.xls,2024-25,2024-04,2024-04-01,2024-05-08,2024-05-04,RJ8,Cornwall Partnership NHS Foundation Trust,QT6,NHS Cornwall And The Isles Of Scilly Integrated Care Board,SOUTH WEST,South West Commissioning Region
2024-05/April-2024-System-Mapping.xls,2024-25,2024-04,2024-04-01,2024-05-08,2024-05-04,RJC,South Warwickshire University NHS Foundation Trust,QWU,NHS Coventry And Warwickshire Integrated Care Board,MIDLANDS,Midlands Commissioning Region
2024-05/April-2024-System-Mapping.xls,2024-25,2024-04,2024-04-01,2024-05-08,2024-05-04,RJE,University Hospitals Of North Midlands NHS Trust,QNC,NHS Staffordshire And Stoke-On-Trent Integrated Care Board,MIDLANDS,Midlands Commissioning Region
2024-05/April-2024-System-Mapping.xls,2024-25,2024-04,2024-04-01,2024-05-08,2024-05-04,RJL,Northern Lincolnshire And Goole NHS Foundation Trust,QOQ,NHS Humber And North Yorkshire Integrated Care Board,NORTH EAST AND YORKSHIRE,North East and Yorkshire Commissioning Region
2024-05/April-2024-System-Mapping.xls,2024-25,2024-04,2024-04-01,2024-05-08,2024-05-04,RJN,East Cheshire NHS Trust,QYG,NHS Cheshire And Merseyside Integrated Care Board,NORTH WEST,North West Commissioning Region
2024-05/April-2024-System-Mapping.xls,2024-25,2024-04,2024-04-01,2024-05-08,2024-05-04,RJR,Countess Of Chester Hospital NHS Foundation Trust,QYG,NHS Cheshire And Merseyside Integrated Care Board,NORTH WEST,North West Commissioning Region
2024-05/April-2024-System-Mapping.xls,2024-25,2024-04,2024-04-01,2024-05-08,2024-05-04,RJZ,King's College Hospital NHS Foundation Trust,QKK,NHS South East London Integrated Care Board,LONDON,London Commissioning Region
2024-05/April-2024-System-Mapping.xls,2024-25,2024-04,2024-04-01,2024-05-08,2024-05-04,RK5,Sherwood Forest Hospitals NHS Foundation Trust,QT1,NHS Nottingham And Nottinghamshire Integrated Care Board,MIDLANDS,Midlands Commissioning Region
2024-05/April-2024-System-Mapping.xls,2024-25,2024-04,2024-04-01,2024-05-08,2024-05-04,RK9,University Hospitals Plymouth NHS Trust,QJK,NHS Devon Integrated Care Board,SOUTH WEST,South West Commissioning Region
2024-05/April-2024-System-Mapping.xls,2024-25,2024-04,2024-04-01,2024-05-08,2024-05-04,RKB,University Hospitals Coventry And Warwickshire NHS Trust,QWU,NHS Coventry And Warwickshire Integrated Care Board,MIDLANDS,Midlands Commissioning Region
2024-05/April-2024-System-Mapping.xls,2024-25,2024-04,2024-04-01,2024-05-08,2024-05-04,RKE,Whittington Health NHS Trust,QMJ,NHS North Central London Integrated Care Board,LONDON,London Commissioning Region
2024-05/April-2024-System-Mapping.xls,2024-25,2024-04,2024-04-01,2024-05-08,2024-05-04,RL1,The Robert Jones And Agnes Hunt Orthopaedic Hospital NHS Foundation Trust,QOC,"NHS Shropshire, Telford And Wrekin Integrated Care Board",MIDLANDS,Midlands Commissioning Region
2024-05/April-2024-System-Mapping.xls,2024-25,2024-04,2024-04-01,2024-05-08,2024-05-04,RL4,The Royal Wolverhampton NHS Trust,QUA,NHS Black Country Integrated Care Board,MIDLANDS,Midlands Commissioning Region
2024-05/April-2024-System-Mapping.xls,2024-25,2024-04,2024-04-01,2024-05-08,2024-05-04,RLQ,Wye Valley NHS Trust,QGH,NHS Herefordshire And Worcestershire Integrated Care Board,MIDLANDS,Midlands Commissioning Region
2024-05/April-2024-System-Mapping.xls,2024-25,2024-04,2024-04-01,2024-05-08,2024-05-04,RLT,George Eliot Hospital NHS Trust,QWU,NHS Coventry And Warwickshire Integrated Care Board,MIDLANDS,Midlands Commissioning Region
2024-05/April-2024-System-Mapping.xls,2024-25,2024-04,2024-04-01,2024-05-08,2024-05-04,RM1,Norfolk And Norwich University Hospitals NHS Foundation Trust,QMM,NHS Norfolk And Waveney Integrated Care Board,EAST OF ENGLAND,East of England Commissioning Region
2024-05/April-2024-System-Mapping.xls,2024-25,2024-04,2024-04-01,2024-05-08,2024-05-04,RM3,Northern Care Alliance NHS Foundation Trust,QOP,NHS Greater Manchester Integrated Care Board,NORTH WEST,North West Commissioning Region
2024-05/April-2024-System-Mapping.xls,2024-25,2024-04,2024-04-01,2024-05-08,2024-05-04,RMC,Bolton NHS Foundation Trust,QOP,NHS Greater Manchester Integrated Care Board,NORTH WEST,North West Commissioning Region
2024-05/April-2024-System-Mapping.xls,2024-25,2024-04,2024-04-01,2024-05-08,2024-05-04,RMP,Tameside And Glossop Integrated Care NHS Foundation Trust,QOP,NHS Greater Manchester Integrated Care Board,NORTH WEST,North West Commissioning Region
2024-05/April-2024-System-Mapping.xls,2024-25,2024-04,2024-04-01,2024-05-08,2024-05-04,RN3,Great Western Hospitals NHS Foundation Trust,QOX,"NHS Bath And North East Somerset, Swindon And Wiltshire Integrated Care Board",SOUTH WEST,South West Commissioning Region
2024-05/April-2024-System-Mapping.xls,2024-25,2024-04,2024-04-01,2024-05-08,2024-05-04,RN5,Hampshire Hospitals NHS Foundation Trust,QRL,NHS Hampshire And Isle Of Wight Integrated Care Board,SOUTH EAST,South East Commissioning Region
2024-05/April-2024-System-Mapping.xls,2024-25,2024-04,2024-04-01,2024-05-08,2024-05-04,RN7,Dartford And Gravesham NHS Trust,QKS,NHS Kent And Medway Integrated Care Board,SOUTH EAST,South East Commissioning Region
2024-05/April-2024-System-Mapping.xls,2024-25,2024-04,2024-04-01,2024-05-08,2024-05-04,RNA,The Dudley Group NHS Foundation Trust,QUA,NHS Black Country Integrated Care Board,MIDLANDS,Midlands Commissioning Region
2024-05/April-2024-System-Mapping.xls,2024-25,2024-04,2024-04-01,2024-05-08,2024-05-04,RNN,North Cumbria Integrated Care NHS Foundation Trust,QHM,NHS North East And North Cumbria Integrated Care Board,NORTH EAST AND YORKSHIRE,North East and Yorkshire Commissioning Region
2024-05/April-2024-System-Mapping.xls,2024-25,2024-04,2024-04-01,2024-05-08,2024-05-04,RNQ,Kettering General Hospital NHS Foundation Trust,QPM,NHS Northamptonshire Integrated Care Board,MIDLANDS,Midlands Commissioning Region
2024-05/April-2024-System-Mapping.xls,2024-25,2024-04,2024-04-01,2024-05-08,2024-05-04,RNS,Northampton General Hospital NHS Trust,QPM,NHS Northamptonshire Integrated Care Board,MIDLANDS,Midlands Commissioning Region
2024-05/April-2024-System-Mapping.xls,2024-25,2024-04,2024-04-01,2024-05-08,2024-05-04,RNU,Oxford Health NHS Foundation Trust,QU9,"NHS Buckinghamshire, Oxfordshire And Berkshire West Integrated Care Board",SOUTH EAST,South East Commissioning Region
2024-05/April-2024-System-Mapping.xls,2024-25,2024-04,2024-04-01,2024-05-08,2024-05-04,RNZ,Salisbury NHS Foundation Trust,QOX,"NHS Bath And North East Somerset, Swindon And Wiltshire Integrated Care Board",SOUTH WEST,South West Commissioning Region
2024-05/April-2024-System-Mapping.xls,2024-25,2024-04,2024-04-01,2024-05-08,2024-05-04,RP5,Doncaster And Bassetlaw Teaching Hospitals NHS Foundation Trust,QF7,NHS South Yorkshire Integrated Care Board,NORTH EAST AND YORKSHIRE,North East and Yorkshire Commissioning Region
2024-05/April-2024-System-Mapping.xls,2024-25,2024-04,2024-04-01,2024-05-08,2024-05-04,RP6,Moorfields Eye Hospital NHS Foundation Trust,QMJ,NHS North Central London Integrated Care Board,LONDON,London Commissioning Region
2024-05/April-2024-System-Mapping.xls,2024-25,2024-04,2024-04-01,2024-05-08,2024-05-04,RPA,Medway NHS Foundation Trust,QKS,NHS Kent And Medway Integrated Care Board,SOUTH EAST,South East Commissioning Region
2024-05/April-2024-System-Mapping.xls,2024-25,2024-04,2024-04-01,2024-05-08,2024-05-04,RPC,Queen Victoria Hospital NHS Foundation Trust,QNX,NHS Sussex Integrated Care Board,SOUTH EAST,South East Commissioning Region
2024-05/April-2024-System-Mapping.xls,2024-25,2024-04,2024-04-01,2024-05-08,2024-05-04,RQ3,Birmingham Women's And Children's NHS Foundation Trust,QHL,NHS Birmingham And Solihull Integrated Care Board,MIDLANDS,Midlands Commissioning Region
2024-05/April-2024-System-Mapping.xls,2024-25,2024-04,2024-04-01,2024-05-08,2024-05-04,RQM,Chelsea And Westminster Hospital NHS Foundation Trust,QRV,NHS North West London Integrated Care Board,LONDON,London Commissioning Region
2024-05/April-2024-System-Mapping.xls,2024-25,2024-04,2024-04-01,2024-05-08,2024-05-04,RQW,The Princess Alexandra Hospital NHS Trust,QM7,NHS Hertfordshire And West Essex Integrated Care Board,EAST OF ENGLAND,East of England Commissioning Region
2024-05/April-2024-System-Mapping.xls,2024-25,2024-04,2024-04-01,2024-05-08,2024-05-04,RQX,Homerton Healthcare NHS Foundation Trust,QMF,NHS North East London Integrated Care Board,LONDON,London Commissioning Region
2024-05/April-2024-System-Mapping.xls,2024-25,2024-04,2024-04-01,2024-05-08,2024-05-04,RR7,Gateshead Health NHS Foundation Trust,QHM,NHS North East And North Cumbria Integrated Care Board,NORTH EAST AND YORKSHIRE,North East and Yorkshire Commissioning Region
2024-05/April-2024-System-Mapping.xls,2024-25,2024-04,2024-04-01,2024-05-08,2024-05-04,RR8,Leeds Teaching Hospitals NHS Trust,QWO,NHS West Yorkshire Integrated Care Board,NORTH EAST AND YORKSHIRE,North East and Yorkshire Commissioning Region
2024-05/April-2024-System-Mapping.xls,2024-25,2024-04,2024-04-01,2024-05-08,2024-05-04,RRF,"Wrightington, Wigan And Leigh NHS Foundation Trust",QOP,NHS Greater Manchester Integrated Care Board,NORTH WEST,North West Commissioning Region
2024-05/April-2024-System-Mapping.xls,2024-25,2024-04,2024-04-01,2024-05-08,2024-05-04,RRK,University Hospitals Birmingham NHS Foundation Trust,QHL,NHS Birmingham And Solihull Integrated Care Board,MIDLANDS,Midlands Commissioning Region
2024-05/April-2024-System-Mapping.xls,2024-25,2024-04,2024-04-01,2024-05-08,2024-05-04,RRV,University College London Hospitals NHS Foundation Trust,QMJ,NHS North Central London Integrated Care Board,LONDON,London Commissioning Region
2024-05/April-2024-System-Mapping.xls,2024-25,2024-04,2024-04-01,2024-05-08,2024-05-04,RTD,The Newcastle Upon Tyne Hospitals NHS Foundation Trust,QHM,NHS North East And North Cumbria Integrated Care Board,NORTH EAST AND YORKSHIRE,North East and Yorkshire Commissioning Region
2024-05/April-2024-System-Mapping.xls,2024-25,2024-04,2024-04-01,2024-05-08,2024-05-04,RTE,Gloucestershire Hospitals NHS Foundation Trust,QR1,NHS Gloucestershire Integrated Care Board,SOUTH WEST,South West Commissioning Region
2024-05/April-2024-System-Mapping.xls,2024-25,2024-04,2024-04-01,2024-05-08,2024-05-04,RTF,Northumbria Healthcare NHS Foundation Trust,QHM,NHS North East And North Cumbria Integrated Care Board,NORTH EAST AND YORKSHIRE,North East and Yorkshire Commissioning Region
2024-05/April-2024-System-Mapping.xls,2024-25,2024-04,2024-04-01,2024-05-08,2024-05-04,RTG,University Hospitals Of Derby And Burton NHS Foundation Trust,QJ2,NHS Derby And Derbyshire Integrated Care Board,MIDLANDS,Midlands Commissioning Region
2024-05/April-2024-System-Mapping.xls,2024-25,2024-04,2024-04-01,2024-05-08,2024-05-04,RTH,Oxford University Hospitals NHS Foundation Trust,QU9,"NHS Buckinghamshire, Oxfordshire And Berkshire West Integrated Care Board",SOUTH EAST,South East Commissioning Region
2024-05/April-2024-System-Mapping.xls,2024-25,2024-04,2024-04-01,2024-05-08,2024-05-04,RTK,Ashford And St Peter's Hospitals NHS Foundation Trust,QXU,NHS Surrey Heartlands Integrated Care Board,SOUTH EAST,South East Commissioning Region
2024-05/April-2024-System-Mapping.xls,2024-25,2024-04,2024-04-01,2024-05-08,2024-05-04,RTP,Surrey And Sussex Healthcare NHS Trust,QXU,NHS Surrey Heartlands Integrated Care Board,SOUTH EAST,South East Commissioning Region
2024-05/April-2024-System-Mapping.xls,2024-25,2024-04,2024-04-01,2024-05-08,2024-05-04,RTQ,Gloucestershire Health And Care NHS Foundation Trust,QR1,NHS Gloucestershire Integrated Care Board,SOUTH WEST,South West Commissioning Region
2024-05/April-2024-System-Mapping.xls,2024-25,2024-04,2024-04-01,2024-05-08,2024-05-04,RTR,South Tees Hospitals NHS Foundation Trust,QHM,NHS North East And North Cumbria Integrated Care Board,NORTH EAST AND YORKSHIRE,North East and Yorkshire Commissioning Region
2024-05/April-2024-System-Mapping.xls,2024-25,2024-04,2024-04-01,2024-05-08,2024-05-04,RTX,University Hospitals Of Morecambe Bay NHS Foundation Trust,QE1,NHS Lancashire And South Cumbria Integrated Care Board,NORTH WEST,North West Commissioning Region
2024-05/April-2024-System-Mapping.xls,2024-25,2024-04,2024-04-01,2024-05-08,2024-05-04,RV9,Humber Teaching NHS Foundation Trust,QOQ,NHS Humber And North Yorkshire Integrated Care Board,NORTH EAST AND YORKSHIRE,North East and Yorkshire Commissioning Region
2024-05/April-2024-System-Mapping.xls,2024-25,2024-04,2024-04-01,2024-05-08,2024-05-04,RVJ,North Bristol NHS Trust,QUY,"NHS Bristol, North Somerset And South Gloucestershire Integrated Care Board",SOUTH WEST,South West Commissioning Region
2024-05/April-2024-System-Mapping.xls,2024-25,2024-04,2024-04-01,2024-05-08,2024-05-04,RVR,Epsom And St Helier University Hospitals NHS Trust,QWE,NHS South West London Integrated Care Board,LONDON,London Commissioning Region
2024-05/April-2024-System-Mapping.xls,2024-25,2024-04,2024-04-01,2024-05-08,2024-05-04,RVV,East Kent Hospitals University NHS Foundation Trust,QKS,NHS Kent And Medway Integrated Care Board,SOUTH EAST,South East Commissioning Region
2024-05/April-2024-System-Mapping.xls,2024-25,2024-04,2024-04-01,2024-05-08,2024-05-04,RVW,North Tees And Hartlepool NHS Foundation Trust,QHM,NHS North East And North Cumbria Integrated Care Board,NORTH EAST AND YORKSHIRE,North East and Yorkshire Commissioning Region
2024-05/April-2024-System-Mapping.xls,2024-25,2024-04,2024-04-01,2024-05-08,2024-05-04,RW1,Southern Health NHS Foundation Trust,QRL,NHS Hampshire And Isle Of Wight Integrated Care Board,SOUTH EAST,South East Commissioning Region
2024-05/April-2024-System-Mapping.xls,2024-25,2024-04,2024-04-01,2024-05-08,2024-05-04,RW4,Mersey Care NHS Foundation Trust,QYG,NHS Cheshire And Merseyside Integrated Care Board,NORTH WEST,North West Commissioning Region
2024-05/April-2024-System-Mapping.xls,2024-25,2024-04,2024-04-01,2024-05-08,2024-05-04,RWA,Hull University Teaching Hospitals NHS Trust,QOQ,NHS Humber And North Yorkshire Integrated Care Board,NORTH EAST AND YORKSHIRE,North East and Yorkshire Commissioning Region
2024-05/April-2024-System-Mapping.xls,2024-25,2024-04,2024-04-01,2024-05-08,2024-05-04,RWD,United Lincolnshire Hospitals NHS Trust,QJM,NHS Lincolnshire Integrated Care Board,MIDLANDS,Midlands Commissioning Region
2024-05/April-2024-System-Mapping.xls,2024-25,2024-04,2024-04-01,2024-05-08,2024-05-04,RWE,University Hospitals Of Leicester NHS Trust,QK1,"NHS Leicester, Leicestershire And Rutland Integrated Care Board",MIDLANDS,Midlands Commissioning Region
2024-05/April-2024-System-Mapping.xls,2024-25,2024-04,2024-04-01,2024-05-08,2024-05-04,RWF,Maidstone And Tunbridge Wells NHS Trust,QKS,NHS Kent And Medway Integrated Care Board,SOUTH EAST,South East Commissioning Region
2024-05/April-2024-System-Mapping.xls,2024-25,2024-04,2024-04-01,2024-05-08,2024-05-04,RWG,West Hertfordshire Teaching Hospitals NHS Trust,QM7,NHS Hertfordshire And West Essex Integrated Care Board,EAST OF ENGLAND,East of England Commissioning Region
2024-05/April-2024-System-Mapping.xls,2024-25,2024-04,2024-04-01,2024-05-08,2024-05-04,RWH,East And North Hertfordshire NHS Trust,QM7,NHS Hertfordshire And West Essex Integrated Care Board,EAST OF ENGLAND,East of England Commissioning Region
2024-05/April-2024-System-Mapping.xls,2024-25,2024-04,2024-04-01,2024-05-08,2024-05-04,RWJ,Stockport NHS Foundation Trust,QOP,NHS Greater Manchester Integrated Care Board,NORTH WEST,North West Commissioning Region
2024-05/April-2024-System-Mapping.xls,2024-25,2024-04,2024-04-01,2024-05-08,2024-05-04,RWP,Worcestershire Acute Hospitals NHS Trust,QGH,NHS Herefordshire And Worcestershire Integrated Care Board,MIDLANDS,Midlands Commissioning Region
2024-05/April-2024-System-Mapping.xls,2024-25,2024-04,2024-04-01,2024-05-08,2024-05-04,RWW,Warrington And Halton Teaching Hospitals NHS Foundation Trust,QYG,NHS Cheshire And Merseyside Integrated Care Board,NORTH WEST,North West Commissioning Region
2024-05/April-2024-System-Mapping.xls,2024-25,2024-04,2024-04-01,2024-05-08,2024-05-04,RWX,Berkshire Healthcare NHS Foundation Trust,QU9,"NHS Buckinghamshire, Oxfordshire And Berkshire West Integrated Care Board",SOUTH EAST,South East Commissioning Region
2024-05/April-2024-System-Mapping.xls,2024-25,2024-04,2024-04-01,2024-05-08,2024-05-04,RWY,Calderdale And Huddersfield NHS Foundation Trust,QWO,NHS West Yorkshire Integrated Care Board,NORTH EAST AND YORKSHIRE,North East and Yorkshire Commissioning Region
2024-05/April-2024-System-Mapping.xls,2024-25,2024-04,2024-04-01,2024-05-08,2024-05-04,RX1,Nottingham University Hospitals NHS Trust,QT1,NHS Nottingham And Nottinghamshire Integrated Care Board,MIDLANDS,Midlands Commissioning Region
2024-05/April-2024-System-Mapping.xls,2024-25,2024-04,2024-04-01,2024-05-08,2024-05-04,RXC,East Sussex Healthcare NHS Trust,QNX,NHS Sussex Integrated Care Board,SOUTH EAST,South East Commissioning Region
2024-05/April-2024-System-Mapping.xls,2024-25,2024-04,2024-04-01,2024-05-08,2024-05-04,RXF,Mid Yorkshire Hospitals NHS Trust,QWO,NHS West Yorkshire Integrated Care Board,NORTH EAST AND YORKSHIRE,North East and Yorkshire Commissioning Region
2024-05/April-2024-System-Mapping.xls,2024-25,2024-04,2024-04-01,2024-05-08,2024-05-04,RXG,South West Yorkshire Partnership NHS Foundation Trust,QWO,NHS West Yorkshire Integrated Care Board,NORTH EAST AND YORKSHIRE,North East and Yorkshire Commissioning Region
2024-05/April-2024-System-Mapping.xls,2024-25,2024-04,2024-04-01,2024-05-08,2024-05-04,RXK,Sandwell And West Birmingham Hospitals NHS Trust,QUA,NHS Black Country Integrated Care Board,MIDLANDS,Midlands Commissioning Region
2024-05/April-2024-System-Mapping.xls,2024-25,2024-04,2024-04-01,2024-05-08,2024-05-04,RXL,Blackpool Teaching Hospitals NHS Foundation Trust,QE1,NHS Lancashire And South Cumbria Integrated Care Board,NORTH WEST,North West Commissioning Region
2024-05/April-2024-System-Mapping.xls,2024-25,2024-04,2024-04-01,2024-05-08,2024-05-04,RXN,Lancashire Teaching Hospitals NHS Foundation Trust,QE1,NHS Lancashire And South Cumbria Integrated Care Board,NORTH WEST,North West Commissioning Region
2024-05/April-2024-System-Mapping.xls,2024-25,2024-04,2024-04-01,2024-05-08,2024-05-04,RXP,County Durham And Darlington NHS Foundation Trust,QHM,NHS North East And North Cumbria Integrated Care Board,NORTH EAST AND YORKSHIRE,North East and Yorkshire Commissioning Region
2024-05/April-2024-System-Mapping.xls,2024-25,2024-04,2024-04-01,2024-05-08,2024-05-04,RXQ,Buckinghamshire Healthcare NHS Trust,QU9,"NHS Buckinghamshire, Oxfordshire And Berkshire West Integrated Care Board",SOUTH EAST,South East Commissioning Region
2024-05/April-2024-System-Mapping.xls,2024-25,2024-04,2024-04-01,2024-05-08,2024-05-04,RXR,East Lancashire Hospitals NHS Trust,QE1,NHS Lancashire And South Cumbria Integrated Care Board,NORTH WEST,North West Commissioning Region
2024-05/April-2024-System-Mapping.xls,2024-25,2024-04,2024-04-01,2024-05-08,2024-05-04,RXW,The Shrewsbury And Telford Hospital NHS Trust,QOC,"NHS Shropshire, Telford And Wrekin Integrated Care Board",MIDLANDS,Midlands Commissioning Region
2024-05/April-2024-System-Mapping.xls,2024-25,2024-04,2024-04-01,2024-05-08,2024-05-04,RY2,Bridgewater Community Healthcare NHS Foundation Trust,QYG,NHS Cheshire And Merseyside Integrated Care Board,NORTH WEST,North West Commissioning Region
2024-05/April-2024-System-Mapping.xls,2024-25,2024-04,2024-04-01,2024-05-08,2024-05-04,RY4,Hertfordshire Community NHS Trust,QM7,NHS Hertfordshire And West Essex Integrated Care Board,EAST OF ENGLAND,East of England Commissioning Region
2024-05/April-2024-System-Mapping.xls,2024-25,2024-04,2024-04-01,2024-05-08,2024-05-04,RY5,Lincolnshire Community Health Services NHS Trust,QJM,NHS Lincolnshire Integrated Care Board,MIDLANDS,Midlands Commissioning Region
2024-05/April-2024-System-Mapping.xls,2024-25,2024-04,2024-04-01,2024-05-08,2024-05-04,RY7,Wirral Community Health And Care NHS Foundation Trust,QYG,NHS Cheshire And Merseyside Integrated Care Board,NORTH WEST,North West Commissioning Region
2024-05/April-2024-System-Mapping.xls,2024-25,2024-04,2024-04-01,2024-05-08,2024-05-04,RY8,Derbyshire Community Health Services NHS Foundation Trust,QJ2,NHS Derby And Derbyshire Integrated Care Board,MIDLANDS,Midlands Commissioning Region
2024-05/April-2024-System-Mapping.xls,2024-25,2024-04,2024-04-01,2024-05-08,2024-05-04,RY9,Hounslow And Richmond Community Healthcare NHS Trust,QWE,NHS South West London Integrated Care Board,LONDON,London Commissioning Region
2024-05/April-2024-System-Mapping.xls,2024-25,2024-04,2024-04-01,2024-05-08,2024-05-04,RYF,South Western Ambulance Service NHS Foundation Trust,QJK,NHS Devon Integrated Care Board,SOUTH WEST,South West Commissioning Region
2024-05/April-2024-System-Mapping.xls,2024-25,2024-04,2024-04-01,2024-05-08,2024-05-04,RYG,Coventry and Warwickshire Partnership NHS Trust,QWU,NHS Coventry And Warwickshire Integrated Care Board,MIDLANDS,Midlands Commissioning Region
2024-05/April-2024-System-Mapping.xls,2024-25,2024-04,2024-04-01,2024-05-08,2024-05-04,RYJ,Imperial College Healthcare NHS Trust,QRV,NHS North West London Integrated Care Board,LONDON,London Commissioning Region
2024-05/April-2024-System-Mapping.xls,2024-25,2024-04,2024-04-01,2024-05-08,2024-05-04,RYR,University Hospitals Sussex NHS Foundation Trust,QNX,NHS Sussex Integrated Care Board,SOUTH EAST,South East Commissioning Region
2024-05/April-2024-System-Mapping.xls,2024-25,2024-04,2024-04-01,2024-05-08,2024-05-04,RYX,Central London Community Healthcare NHS Trust,QRV,NHS North West London Integrated Care Board,LONDON,London Commissioning Region
2024-05/April-2024-System-Mapping.xls,2024-25,2024-04,2024-04-01,2024-05-08,2024-05-04,RYY,Kent Community Health NHS Foundation Trust,QKS,NHS Kent And Medway Integrated Care Board,SOUTH EAST,South East Commissioning Region
2024-05/April-2024-System-Mapping.xls,2024-25,2024-04,2024-04-01,2024-05-08,2024-05-04,Y00751,East Berks Primary Care Ooh(Wam),QNQ,NHS Frimley Integrated Care Board,SOUTH EAST,South East Commissioning Region
2024-05/April-2024-System-Mapping.xls,2024-25,2024-04,2024-04-01,2024-05-08,2024-05-04,Y02147,Urgent Care Centre (Qms),QKK,NHS South East London Integrated Care Board,LONDON,London Commissioning Region
2024-05/April-2024-System-Mapping.xls,2024-25,2024-04,2024-04-01,2024-05-08,2024-05-04,Y02428,Putnoe Medical Centre Walk In Centre,QHG,"NHS Bedfordshire, Luton And Milton Keynes Integrated Care Board",EAST OF ENGLAND,East of England Commissioning Region
2024-05/April-2024-System-Mapping.xls,2024-25,2024-04,2024-04-01,2024-05-08,2024-05-04,Y02532,Miriam Minor Emergency,QYG,NHS Cheshire And Merseyside Integrated Care Board,NORTH WEST,North West Commissioning Region
2024-05/April-2024-System-Mapping.xls,2024-25,2024-04,2024-04-01,2024-05-08,2024-05-04,Y02615,South Birmingham GP Walk In Centre,QHL,NHS Birmingham And Solihull Integrated Care Board,MIDLANDS,Midlands Commissioning Region
2024-05/April-2024-System-Mapping.xls,2024-25,2024-04,2024-04-01,2024-05-08,2024-05-04,Y02676,Brighton Station Health Centre,QNX,NHS Sussex Integrated Care Board,SOUTH EAST,South East Commissioning Region
2024-05/April-2024-System-Mapping.xls,2024-25,2024-04,2024-04-01,2024-05-08,2024-05-04,Y03007,Erdington GP Health & Wellbeing Wic,QHL,NHS Birmingham And Solihull Integrated Care Board,MIDLANDS,Midlands Commissioning Region
2024-05/April-2024-System-Mapping.xls,2024-25,2024-04,2024-04-01,2024-05-08,2024-05-04,Y03218,The Pinn Unregistered Wic,QRV,NHS North West London Integrated Care Board,LONDON,London Commissioning Region
2024-05/April-2024-System-Mapping.xls,2024-25,2024-04,2024-04-01,2024-05-08,2024-05-04,Y03571,Corby Urgent Care Centre,QPM,NHS Northamptonshire Integrated Care Board,MIDLANDS,Midlands Commissioning Region
2024-05/April-2024-System-Mapping.xls,2024-25,2024-04,2024-04-01,2024-05-08,2024-05-04,Y04538,Bracknell Urgent Care Centre Wic,QNQ,NHS Frimley Integrated Care Board,SOUTH EAST,South East Commissioning Region
2024-05/April-2024-System-Mapping.xls,2024-25,2024-04,2024-04-01,2024-05-08,2024-05-04,Y07709,Reading Urgent Care Centre,QU9,"NHS Buckinghamshire, Oxfordshire And Berkshire West Integrated Care Board",SOUTH EAST,South East Commissioning Region
2024-07/System-Mapping.xls,2024-25,2024-06,2024-04-01,2024-07-11,2024-05-04,8J094,Badger Ltd,QHL,NHS Birmingham And Solihull Integrated Care Board,MIDLANDS,Midlands Commissioning Region
2024-07/System-Mapping.xls,2024-25,2024-06,2024-04-01,2024-07-11,2024-05-04,AAH,Tetbury Hospital Trust Ltd,QR1,NHS Gloucestershire Integrated Care Board,SOUTH WEST,South West Commissioning Region
2024-07/System-Mapping.xls,2024-25,2024-06,2024-04-01,2024-07-11,2024-05-04,ACH01,Whitstable Medical Practice,QKS,NHS Kent And Medway Integrated Care Board,SOUTH EAST,South East Commissioning Region
2024-07/System-Mapping.xls,2024-25,2024-06,2024-04-01,2024-07-11,2024-05-04,AD913,Beckenham Beacon Ucc,QKK,NHS South East London Integrated Care Board,LONDON,London Commissioning Region
2024-07/System-Mapping.xls,2024-25,2024-06,2024-04-01,2024-07-11,2024-05-04,AJN,Workington Health Limited,QHM,NHS North East And North Cumbria Integrated Care Board,NORTH EAST AND YORKSHIRE,North East and Yorkshire Commissioning Region
2024-07/System-Mapping.xls,2024-25,2024-06,2024-04-01,2024-07-11,2024-05-04,AQN04,Phl Lymington Utc,QRL,NHS Hampshire And Isle Of Wight Integrated Care Board,SOUTH EAST,South East Commissioning Region
2024-07/System-Mapping.xls,2024-25,2024-06,2024-04-01,2024-07-11,2024-05-04,ARN03,Local Care Direct,QWO,NHS West Yorkshire Integrated Care Board,NORTH EAST AND YORKSHIRE,North East and Yorkshire Commissioning Region
2024-07/System-Mapping.xls,2024-25,2024-06,2024-04-01,2024-07-11,2024-05-04,AXG,Wiltshire Health & Care,QOX,"NHS Bath And North East Somerset, Swindon And Wiltshire Integrated Care Board",SOUTH WEST,South West Commissioning Region
2024-07/System-Mapping.xls,2024-25,2024-06,2024-04-01,2024-07-11,2024-05-04,C82009,Market Harborough Med.Ctr,QK1,"NHS Leicester, Leicestershire And Rutland Integrated Care Board",MIDLANDS,Midlands Commissioning Region
2024-07/System-Mapping.xls,2024-25,2024-06,2024-04-01,2024-07-11,2024-05-04,C82038,Latham House Medical Practice,QK1,"NHS Leicester, Leicestershire And Rutland Integrated Care Board",MIDLANDS,Midlands Commissioning Region
2024-07/System-Mapping.xls,2024-25,2024-06,2024-04-01,2024-07-11,2024-05-04,C83023,Sleaford Medical Group,QJM,NHS Lincolnshire Integrated Care Board,MIDLANDS,Midlands Commissioning Region
2024-07/System-Mapping.xls,2024-25,2024-06,2024-04-01,2024-07-11,2024-05-04,DD401,Exmouth Minor Injury Unit,QJK,NHS Devon Integrated Care Board,SOUTH WEST,South West Commissioning Region
2024-07/System-Mapping.xls,2024-25,2024-06,2024-04-01,2024-07-11,2024-05-04,DT301,Herts Urgent Care (Ascots Lane),QM7,NHS Hertfordshire And West Essex Integrated Care Board,EAST OF ENGLAND,East of England Commissioning Region
2024-07/System-Mapping.xls,2024-25,2024-06,2024-04-01,2024-07-11,2024-05-04,G0Q0L,Barking Hospital UTC,QMF,NHS North East London Integrated Care Board,LONDON,London Commissioning Region
2024-07/System-Mapping.xls,2024-25,2024-06,2024-04-01,2024-07-11,2024-05-04,K6K0R,Harold Wood Polyclinic UTC,QMF,NHS North East London Integrated Care Board,LONDON,London Commissioning Region
2024-07/System-Mapping.xls,2024-25,2024-06,2024-04-01,2024-07-11,2024-05-04,L83087,Okehampton Medical Centre,QJK,NHS Devon Integrated Care Board,SOUTH WEST,South West Commissioning Region
2024-07/System-Mapping.xls,2024-25,2024-06,2024-04-01,2024-07-11,2024-05-04,NDA57,Haslemere Minor Injuries Unit,QXU,NHS Surrey Heartlands Integrated Care Board,SOUTH EAST,South East Commissioning Region
2024-07/System-Mapping.xls,2024-25,2024-06,2024-04-01,2024-07-11,2024-05-04,NDJ,First Community Health And Care Cic,QNX,NHS Sussex Integrated Care Board,SOUTH EAST,South East Commissioning Region
2024-07/System-Mapping.xls,2024-25,2024-06,2024-04-01,2024-07-11,2024-05-04,NL7,Assura Vertis Urgent Care Centres (Birmingham),QHL,NHS Birmingham And Solihull Integrated Care Board,MIDLANDS,Midlands Commissioning Region
2024-07/System-Mapping.xls,2024-25,2024-06,2024-04-01,2024-07-11,2024-05-04,NLX,Sirona Care & Health,QUY,"NHS Bristol, North Somerset And South Gloucestershire Integrated Care Board",SOUTH WEST,South West Commissioning Region
2024-07/System-Mapping.xls,2024-25,2024-06,2024-04-01,2024-07-11,2024-05-04,NNF09,Bransholme Health Centre,QOQ,NHS Humber And North Yorkshire Integrated Care Board,NORTH EAST AND YORKSHIRE,North East and Yorkshire Commissioning Region
2024-07/System-Mapping.xls,2024-25,2024-06,2024-04-01,2024-07-11,2024-05-04,NNF76,The Wilberforce Health Centre,QOQ,NHS Humber And North Yorkshire Integrated Care Board,NORTH EAST AND YORKSHIRE,North East and Yorkshire Commissioning Region
2024-07/System-Mapping.xls,2024-25,2024-06,2024-04-01,2024-07-11,2024-05-04,NNF94,East Riding Community Hospital,QOQ,NHS Humber And North Yorkshire Integrated Care Board,NORTH EAST AND YORKSHIRE,North East and Yorkshire Commissioning Region
2024-07/System-Mapping.xls,2024-25,2024-06,2024-04-01,2024-07-11,2024-05-04,NNFA7,Goole & District Hospital,QOQ,NHS Humber And North Yorkshire Integrated Care Board,NORTH EAST AND YORKSHIRE,North East and Yorkshire Commissioning Region
2024-07/System-Mapping.xls,2024-25,2024-06,2024-04-01,2024-07-11,2024-05-04,NNJ,Dhu Health Care C.I.C,QJ2,NHS Derby And Derbyshire Integrated Care Board,MIDLANDS,Midlands Commissioning Region
2024-07/System-Mapping.xls,2024-25,2024-06,2024-04-01,2024-07-11,2024-05-04,NNJ07,Loughborough Urgent Care Centre,QK1,"NHS Leicester, Leicestershire And Rutland Integrated Care Board",MIDLANDS,Midlands Commissioning Region
2024-07/System-Mapping.xls,2024-25,2024-06,2024-04-01,2024-07-11,2024-05-04,NNJ0H,Llr Ea - The Merlyn Vaz Health & Social Care Centre,QK1,"NHS Leicester, Leicestershire And Rutland Integrated Care Board",MIDLANDS,Midlands Commissioning Region
2024-07/System-Mapping.xls,2024-25,2024-06,2024-04-01,2024-07-11,2024-05-04,NNJ12,Market Harborough,QK1,"NHS Leicester, Leicestershire And Rutland Integrated Care Board",MIDLANDS,Midlands Commissioning Region
2024-07/System-Mapping.xls,2024-25,2024-06,2024-04-01,2024-07-11,2024-05-04,NNJ13,Melton Mowbray,QK1,"NHS Leicester, Leicestershire And Rutland Integrated Care Board",MIDLANDS,Midlands Commissioning Region
2024-07/System-Mapping.xls,2024-25,2024-06,2024-04-01,2024-07-11,2024-05-04,NNJ14,Oadby,QK1,"NHS Leicester, Leicestershire And Rutland Integrated Care Board",MIDLANDS,Midlands Commissioning Region
2024-07/System-Mapping.xls,2024-25,2024-06,2024-04-01,2024-07-11,2024-05-04,NNJ15,Oakham,QK1,"NHS Leicester, Leicestershire And Rutland Integrated Care Board",MIDLANDS,Midlands Commissioning Region
2024-07/System-Mapping.xls,2024-25,2024-06,2024-04-01,2024-07-11,2024-05-04,NQT51,Station Plaza Health Centre,QNX,NHS Sussex Integrated Care Board,SOUTH EAST,South East Commissioning Region
2024-07/System-Mapping.xls,2024-25,2024-06,2024-04-01,2024-07-11,2024-05-04,NQT5F,Skelmersdale Walk In Centre,QE1,NHS Lancashire And South Cumbria Integrated Care Board,NORTH WEST,North West Commissioning Region
2024-07/System-Mapping.xls,2024-25,2024-06,2024-04-01,2024-07-11,2024-05-04,NQT5H,Paulton Memorial Hospital,QOX,"NHS Bath And North East Somerset, Swindon And Wiltshire Integrated Care Board",SOUTH WEST,South West Commissioning Region
2024-07/System-Mapping.xls,2024-25,2024-06,2024-04-01,2024-07-11,2024-05-04,NQTE4,Summerfield Urgent Care Centre,QUA,NHS Black Country Integrated Care Board,MIDLANDS,Midlands Commissioning Region
2024-07/System-Mapping.xls,2024-25,2024-06,2024-04-01,2024-07-11,2024-05-04,NR3,Nottingham Citycare Partnership,QT1,NHS Nottingham And Nottinghamshire Integrated Care Board,MIDLANDS,Midlands Commissioning Region
2024-07/System-Mapping.xls,2024-25,2024-06,2024-04-01,2024-07-11,2024-05-04,NTP11,Practice Plus Group Hospital - Southampton,QRL,NHS Hampshire And Isle Of Wight Integrated Care Board,SOUTH EAST,South East Commissioning Region
2024-07/System-Mapping.xls,2024-25,2024-06,2024-04-01,2024-07-11,2024-05-04,NTPAD,Practice Plus Group Surgical Centre - St Marys Portsmouth,QRL,NHS Hampshire And Isle Of Wight Integrated Care Board,SOUTH EAST,South East Commissioning Region
2024-07/System-Mapping.xls,2024-25,2024-06,2024-04-01,2024-07-11,2024-05-04,NTV0B,Ashford Walk-In-Centre,QXU,NHS Surrey Heartlands Integrated Care Board,SOUTH EAST,South East Commissioning Region
2024-07/System-Mapping.xls,2024-25,2024-06,2024-04-01,2024-07-11,2024-05-04,NTV0W,Woking Walk In Centre,QXU,NHS Surrey Heartlands Integrated Care Board,SOUTH EAST,South East Commissioning Region
2024-07/System-Mapping.xls,2024-25,2024-06,2024-04-01,2024-07-11,2024-05-04,NV693,Rossendale Miu & Ooh,QE1,NHS Lancashire And South Cumbria Integrated Care Board,NORTH WEST,North West Commissioning Region
2024-07/System-Mapping.xls,2024-25,2024-06,2024-04-01,2024-07-11,2024-05-04,R0A,Manchester University NHS Foundation Trust,QOP,NHS Greater Manchester Integrated Care Board,NORTH WEST,North West Commissioning Region
2024-07/System-Mapping.xls,2024-25,2024-06,2024-04-01,2024-07-11,2024-05-04,R0B,South Tyneside And Sunderland NHS Foundation Trust,QHM,NHS North East And North Cumbria Integrated Care Board,NORTH EAST AND YORKSHIRE,North East and Yorkshire Commissioning Region
2024-07/System-Mapping.xls,2024-25,2024-06,2024-04-01,2024-07-11,2024-05-04,R0D,University Hospitals Dorset NHS Foundation Trust,QVV,NHS Dorset Integrated Care Board,SOUTH WEST,South West Commissioning Region
2024-07/System-Mapping.xls,2024-25,2024-06,2024-04-01,2024-07-11,2024-05-04,R1D,Shropshire Community Health NHS Trust,QOC,"NHS Shropshire, Telford And Wrekin Integrated Care Board",MIDLANDS,Midlands Commissioning Region
2024-07/System-Mapping.xls,2024-25,2024-06,2024-04-01,2024-07-11,2024-05-04,R1F,Isle Of Wight NHS Trust,QRL,NHS Hampshire And Isle Of Wight Integrated Care Board,SOUTH EAST,South East Commissioning Region
2024-07/System-Mapping.xls,2024-25,2024-06,2024-04-01,2024-07-11,2024-05-04,R1H,Barts Health NHS Trust,QMF,NHS North East London Integrated Care Board,LONDON,London Commissioning Region
2024-07/System-Mapping.xls,2024-25,2024-06,2024-04-01,2024-07-11,2024-05-04,R1K,London North West University Healthcare NHS Trust,QRV,NHS North West London Integrated Care Board,LONDON,London Commissioning Region
2024-07/System-Mapping.xls,2024-25,2024-06,2024-04-01,2024-07-11,2024-05-04,RA2,Royal Surrey County Hospital NHS Foundation Trust,QXU,NHS Surrey Heartlands Integrated Care Board,SOUTH EAST,South East Commissioning Region
2024-07/System-Mapping.xls,2024-25,2024-06,2024-04-01,2024-07-11,2024-05-04,RA7,University Hospitals Bristol And Weston NHS Foundation Trust,QUY,"NHS Bristol, North Somerset And South Gloucestershire Integrated Care Board",SOUTH WEST,South West Commissioning Region
2024-07/System-Mapping.xls,2024-25,2024-06,2024-04-01,2024-07-11,2024-05-04,RA9,Torbay And South Devon NHS Foundation Trust,QJK,NHS Devon Integrated Care Board,SOUTH WEST,South West Commissioning Region
2024-07/System-Mapping.xls,2024-25,2024-06,2024-04-01,2024-07-11,2024-05-04,RAE,Bradford Teaching Hospitals NHS Foundation Trust,QWO,NHS West Yorkshire Integrated Care Board,NORTH EAST AND YORKSHIRE,North East and Yorkshire Commissioning Region
2024-07/System-Mapping.xls,2024-25,2024-06,2024-04-01,2024-07-11,2024-05-04,RAJ,Mid And South Essex NHS Foundation Trust,QH8,NHS Mid And South Essex Integrated Care Board,EAST OF ENGLAND,East of England Commissioning Region
2024-07/System-Mapping.xls,2024-25,2024-06,2024-04-01,2024-07-11,2024-05-04,RAL,Royal Free London NHS Foundation Trust,QMJ,NHS North Central London Integrated Care Board,LONDON,London Commissioning Region
2024-07/System-Mapping.xls,2024-25,2024-06,2024-04-01,2024-07-11,2024-05-04,RAN,Royal National Orthopaedic Hospital NHS Trust,QMJ,NHS North Central London Integrated Care Board,LONDON,London Commissioning Region
2024-07/System-Mapping.xls,2024-25,2024-06,2024-04-01,2024-07-11,2024-05-04,RAP,North Middlesex University Hospital NHS Trust,QMJ,NHS North Central London Integrated Care Board,LONDON,London Commissioning Region
2024-07/System-Mapping.xls,2024-25,2024-06,2024-04-01,2024-07-11,2024-05-04,RAS,The Hillingdon Hospitals NHS Foundation Trust,QRV,NHS North West London Integrated Care Board,LONDON,London Commissioning Region
2024-07/System-Mapping.xls,2024-25,2024-06,2024-04-01,2024-07-11,2024-05-04,RAT,North East London NHS Foundation Trust,QMF,NHS North East London Integrated Care Board,LONDON,London Commissioning Region
2024-07/System-Mapping.xls,2024-25,2024-06,2024-04-01,2024-07-11,2024-05-04,RAX,Kingston Hospital NHS Foundation Trust,QWE,NHS South West London Integrated Care Board,LONDON,London Commissioning Region
2024-07/System-Mapping.xls,2024-25,2024-06,2024-04-01,2024-07-11,2024-05-04,RBD,Dorset County Hospital NHS Foundation Trust,QVV,NHS Dorset Integrated Care Board,SOUTH WEST,South West Commissioning Region
2024-07/System-Mapping.xls,2024-25,2024-06,2024-04-01,2024-07-11,2024-05-04,RBK,Walsall Healthcare NHS Trust,QUA,NHS Black Country Integrated Care Board,MIDLANDS,Midlands Commissioning Region
2024-07/System-Mapping.xls,2024-25,2024-06,2024-04-01,2024-07-11,2024-05-04,RBL,Wirral University Teaching Hospital NHS Foundation Trust,QYG,NHS Cheshire And Merseyside Integrated Care Board,NORTH WEST,North West Commissioning Region
2024-07/System-Mapping.xls,2024-25,2024-06,2024-04-01,2024-07-11,2024-05-04,RBN,Mersey And West Lancashire Teaching Hospitals NHS Trust,QYG,NHS Cheshire And Merseyside Integrated Care Board,NORTH WEST,North West Commissioning Region
2024-07/System-Mapping.xls,2024-25,2024-06,2024-04-01,2024-07-11,2024-05-04,RBQ,Liverpool Heart And Chest Hospital NHS Foundation Trust,QYG,NHS Cheshire And Merseyside Integrated Care Board,NORTH WEST,North West Commissioning Region
2024-07/System-Mapping.xls,2024-25,2024-06,2024-04-01,2024-07-11,2024-05-04,RBS,Alder Hey Children's NHS Foundation Trust,QYG,NHS Cheshire And Merseyside Integrated Care Board,NORTH WEST,North West Commissioning Region
2024-07/System-Mapping.xls,2024-25,2024-06,2024-04-01,2024-07-11,2024-05-04,RBT,Mid Cheshire Hospitals NHS Foundation Trust,QYG,NHS Cheshire And Merseyside Integrated Care Board,NORTH WEST,North West Commissioning Region
2024-07/System-Mapping.xls,2024-25,2024-06,2024-04-01,2024-07-11,2024-05-04,RBV,The Christie NHS Foundation Trust,QOP,NHS Greater Manchester Integrated Care Board,NORTH WEST,North West Commissioning Region
2024-07/System-Mapping.xls,2024-25,2024-06,2024-04-01,2024-07-11,2024-05-04,RC9,Bedfordshire Hospitals NHS Foundation Trust,QHG,"NHS Bedfordshire, Luton And Milton Keynes Integrated Care Board",EAST OF ENGLAND,East of England Commissioning Region
2024-07/System-Mapping.xls,2024-25,2024-06,2024-04-01,2024-07-11,2024-05-04,RCB,York And Scarborough Teaching Hospitals NHS Foundation Trust,QOQ,NHS Humber And North Yorkshire Integrated Care Board,NORTH EAST AND YORKSHIRE,North East and Yorkshire Commissioning Region
2024-07/System-Mapping.xls,2024-25,2024-06,2024-04-01,2024-07-11,2024-05-04,RCD,Harrogate And District NHS Foundation Trust,QOQ,NHS Humber And North Yorkshire Integrated Care Board,NORTH EAST AND YORKSHIRE,North East and Yorkshire Commissioning Region
2024-07/System-Mapping.xls,2024-25,2024-06,2024-04-01,2024-07-11,2024-05-04,RCF,Airedale NHS Foundation Trust,QWO,NHS West Yorkshire Integrated Care Board,NORTH EAST AND YORKSHIRE,North East and Yorkshire Commissioning Region
2024-07/System-Mapping.xls,2024-25,2024-06,2024-04-01,2024-07-11,2024-05-04,RCU,Sheffield Children's NHS Foundation Trust,QF7,NHS South Yorkshire Integrated Care Board,NORTH EAST AND YORKSHIRE,North East and Yorkshire Commissioning Region
2024-07/System-Mapping.xls,2024-25,2024-06,2024-04-01,2024-07-11,2024-05-04,RCX,"The Queen Elizabeth Hospital, King's Lynn, NHS Foundation Trust",QMM,NHS Norfolk And Waveney Integrated Care Board,EAST OF ENGLAND,East of England Commissioning Region
2024-07/System-Mapping.xls,2024-25,2024-06,2024-04-01,2024-07-11,2024-05-04,RD1,Royal United Hospitals Bath NHS Foundation Trust,QOX,"NHS Bath And North East Somerset, Swindon And Wiltshire Integrated Care Board",SOUTH WEST,South West Commissioning Region
2024-07/System-Mapping.xls,2024-25,2024-06,2024-04-01,2024-07-11,2024-05-04,RD8,Milton Keynes University Hospital NHS Foundation Trust,QHG,"NHS Bedfordshire, Luton And Milton Keynes Integrated Care Board",EAST OF ENGLAND,East of England Commissioning Region
2024-07/System-Mapping.xls,2024-25,2024-06,2024-04-01,2024-07-11,2024-05-04,RDE,East Suffolk And North Essex NHS Foundation Trust,QJG,NHS Suffolk And North East Essex Integrated Care Board,EAST OF ENGLAND,East of England Commissioning Region
2024-07/System-Mapping.xls,2024-25,2024-06,2024-04-01,2024-07-11,2024-05-04,RDR,Sussex Community NHS Foundation Trust,QNX,NHS Sussex Integrated Care Board,SOUTH EAST,South East Commissioning Region
2024-07/System-Mapping.xls,2024-25,2024-06,2024-04-01,2024-07-11,2024-05-04,RDU,Frimley Health NHS Foundation Trust,QNQ,NHS Frimley Integrated Care Board,SOUTH EAST,South East Commissioning Region
2024-07/System-Mapping.xls,2024-25,2024-06,2024-04-01,2024-07-11,2024-05-04,RDY,Dorset Healthcare University NHS Foundation Trust,QVV,NHS Dorset Integrated Care Board,SOUTH WEST,South West Commissioning Region
2024-07/System-Mapping.xls,2024-25,2024-06,2024-04-01,2024-07-11,2024-05-04,REF,Royal Cornwall Hospitals NHS Trust,QT6,NHS Cornwall And The Isles Of Scilly Integrated Care Board,SOUTH WEST,South West Commissioning Region
2024-07/System-Mapping.xls,2024-25,2024-06,2024-04-01,2024-07-11,2024-05-04,REM,Liverpool University Hospitals NHS Foundation Trust,QYG,NHS Cheshire And Merseyside Integrated Care Board,NORTH WEST,North West Commissioning Region
2024-07/System-Mapping.xls,2024-25,2024-06,2024-04-01,2024-07-11,2024-05-04,REP,Liverpool Women's NHS Foundation Trust,QYG,NHS Cheshire And Merseyside Integrated Care Board,NORTH WEST,North West Commissioning Region
2024-07/System-Mapping.xls,2024-25,2024-06,2024-04-01,2024-07-11,2024-05-04,RET,The Walton Centre NHS Foundation Trust,QYG,NHS Cheshire And Merseyside Integrated Care Board,NORTH WEST,North West Commissioning Region
2024-07/System-Mapping.xls,2024-25,2024-06,2024-04-01,2024-07-11,2024-05-04,RF4,"Barking, Havering And Redbridge University Hospitals NHS Trust",QMF,NHS North East London Integrated Care Board,LONDON,London Commissioning Region
2024-07/System-Mapping.xls,2024-25,2024-06,2024-04-01,2024-07-11,2024-05-04,RFF,Barnsley Hospital NHS Foundation Trust,QF7,NHS South Yorkshire Integrated Care Board,NORTH EAST AND YORKSHIRE,North East and Yorkshire Commissioning Region
2024-07/System-Mapping.xls,2024-25,2024-06,2024-04-01,2024-07-11,2024-05-04,RFR,The Rotherham NHS Foundation Trust,QF7,NHS South Yorkshire Integrated Care Board,NORTH EAST AND YORKSHIRE,North East and Yorkshire Commissioning Region
2024-07/System-Mapping.xls,2024-25,2024-06,2024-04-01,2024-07-11,2024-05-04,RFS,Chesterfield Royal Hospital NHS Foundation Trust,QJ2,NHS Derby And Derbyshire Integrated Care Board,MIDLANDS,Midlands Commissioning Region
2024-07/System-Mapping.xls,2024-25,2024-06,2024-04-01,2024-07-11,2024-05-04,RGN,North West Anglia NHS Foundation Trust,QUE,NHS Cambridgeshire And Peterborough Integrated Care Board,EAST OF ENGLAND,East of England Commissioning Region
2024-07/System-Mapping.xls,2024-25,2024-06,2024-04-01,2024-07-11,2024-05-04,RGP,James Paget University Hospitals NHS Foundation Trust,QMM,NHS Norfolk And Waveney Integrated Care Board,EAST OF ENGLAND,East of England Commissioning Region
2024-07/System-Mapping.xls,2024-25,2024-06,2024-04-01,2024-07-11,2024-05-04,RGR,West Suffolk NHS Foundation Trust,QJG,NHS Suffolk And North East Essex Integrated Care Board,EAST OF ENGLAND,East of England Commissioning Region
2024-07/System-Mapping.xls,2024-25,2024-06,2024-04-01,2024-07-11,2024-05-04,RGT,Cambridge University Hospitals NHS Foundation Trust,QUE,NHS Cambridgeshire And Peterborough Integrated Care Board,EAST OF ENGLAND,East of England Commissioning Region
2024-07/System-Mapping.xls,2024-25,2024-06,2024-04-01,2024-07-11,2024-05-04,RH5,Somerset NHS Foundation Trust,QSL,NHS Somerset Integrated Care Board,SOUTH WEST,South West Commissioning Region
2024-07/System-Mapping.xls,2024-25,2024-06,2024-04-01,2024-07-11,2024-05-04,RH8,Royal Devon University Healthcare NHS Foundation Trust,QJK,NHS Devon Integrated Care Board,SOUTH WEST,South West Commissioning Region
2024-07/System-Mapping.xls,2024-25,2024-06,2024-04-01,2024-07-11,2024-05-04,RHM,University Hospital Southampton NHS Foundation Trust,QRL,NHS Hampshire And Isle Of Wight Integrated Care Board,SOUTH EAST,South East Commissioning Region
2024-07/System-Mapping.xls,2024-25,2024-06,2024-04-01,2024-07-11,2024-05-04,RHQ,Sheffield Teaching Hospitals NHS Foundation Trust,QF7,NHS South Yorkshire Integrated Care Board,NORTH EAST AND YORKSHIRE,North East and Yorkshire Commissioning Region
2024-07/System-Mapping.xls,2024-25,2024-06,2024-04-01,2024-07-11,2024-05-04,RHU,Portsmouth Hospitals University National Health Service Trust,QRL,NHS Hampshire And Isle Of Wight Integrated Care Board,SOUTH EAST,South East Commissioning Region
2024-07/System-Mapping.xls,2024-25,2024-06,2024-04-01,2024-07-11,2024-05-04,RHW,Royal Berkshire NHS Foundation Trust,QU9,"NHS Buckinghamshire, Oxfordshire And Berkshire West Integrated Care Board",SOUTH EAST,South East Commissioning Region
2024-07/System-Mapping.xls,2024-25,2024-06,2024-04-01,2024-07-11,2024-05-04,RJ1,Guy's And St Thomas' NHS Foundation Trust,QKK,NHS South East London Integrated Care Board,LONDON,London Commissioning Region
2024-07/System-Mapping.xls,2024-25,2024-06,2024-04-01,2024-07-11,2024-05-04,RJ2,Lewisham And Greenwich NHS Trust,QKK,NHS South East London Integrated Care Board,LONDON,London Commissioning Region
2024-07/System-Mapping.xls,2024-25,2024-06,2024-04-01,2024-07-11,2024-05-04,RJ6,Croydon Health Services NHS Trust,QWE,NHS South West London Integrated Care Board,LONDON,London Commissioning Region
2024-07/System-Mapping.xls,2024-25,2024-06,2024-04-01,2024-07-11,2024-05-04,RJ7,St George's University Hospitals NHS Foundation Trust,QWE,NHS South West London Integrated Care Board,LONDON,London Commissioning Region
2024-07/System-Mapping.xls,2024-25,2024-06,2024-04-01,2024-07-11,2024-05-04,RJ8,Cornwall Partnership NHS Foundation Trust,QT6,NHS Cornwall And The Isles Of Scilly Integrated Care Board,SOUTH WEST,South West Commissioning Region
2024-07/System-Mapping.xls,2024-25,2024-06,2024-04-01,2024-07-11,2024-05-04,RJC,South Warwickshire University NHS Foundation Trust,QWU,NHS Coventry And Warwickshire Integrated Care Board,MIDLANDS,Midlands Commissioning Region
2024-07/System-Mapping.xls,2024-25,2024-06,2024-04-01,2024-07-11,2024-05-04,RJE,University Hospitals Of North Midlands NHS Trust,QNC,NHS Staffordshire And Stoke-On-Trent Integrated Care Board,MIDLANDS,Midlands Commissioning Region
2024-07/System-Mapping.xls,2024-25,2024-06,2024-04-01,2024-07-11,2024-05-04,RJL,Northern Lincolnshire And Goole NHS Foundation Trust,QOQ,NHS Humber And North Yorkshire Integrated Care Board,NORTH EAST AND YORKSHIRE,North East and Yorkshire Commissioning Region
2024-07/System-Mapping.xls,2024-25,2024-06,2024-04-01,2024-07-11,2024-05-04,RJN,East Cheshire NHS Trust,QYG,NHS Cheshire And Merseyside Integrated Care Board,NORTH WEST,North West Commissioning Region
2024-07/System-Mapping.xls,2024-25,2024-06,2024-04-01,2024-07-11,2024-05-04,RJR,Countess Of Chester Hospital NHS Foundation Trust,QYG,NHS Cheshire And Merseyside Integrated Care Board,NORTH WEST,North West Commissioning Region
2024-07/System-Mapping.xls,2024-25,2024-06,2024-04-01,2024-07-11,2024-05-04,RJZ,King's College Hospital NHS Foundation Trust,QKK,NHS South East London Integrated Care Board,LONDON,London Commissioning Region
2024-07/System-Mapping.xls,2024-25,2024-06,2024-04-01,2024-07-11,2024-05-04,RK5,Sherwood Forest Hospitals NHS Foundation Trust,QT1,NHS Nottingham And Nottinghamshire Integrated Care Board,MIDLANDS,Midlands Commissioning Region
2024-07/System-Mapping.xls,2024-25,2024-06,2024-04-01,2024-07-11,2024-05-04,RK9,University Hospitals Plymouth NHS Trust,QJK,NHS Devon Integrated Care Board,SOUTH WEST,South West Commissioning Region
2024-07/System-Mapping.xls,2024-25,2024-06,2024-04-01,2024-07-11,2024-05-04,RKB,University Hospitals Coventry And Warwickshire NHS Trust,QWU,NHS Coventry And Warwickshire Integrated Care Board,MIDLANDS,Midlands Commissioning Region
2024-07/System-Mapping.xls,2024-25,2024-06,2024-04-01,2024-07-11,2024-05-04,RKE,Whittington Health NHS Trust,QMJ,NHS North Central London Integrated Care Board,LONDON,London Commissioning Region
2024-07/System-Mapping.xls,2024-25,2024-06,2024-04-01,2024-07-11,2024-05-04,RL1,The Robert Jones And Agnes Hunt Orthopaedic Hospital NHS Foundation Trust,QOC,"NHS Shropshire, Telford And Wrekin Integrated Care Board",MIDLANDS,Midlands Commissioning Region
2024-07/System-Mapping.xls,2024-25,2024-06,2024-04-01,2024-07-11,2024-05-04,RL4,The Royal Wolverhampton NHS Trust,QUA,NHS Black Country Integrated Care Board,MIDLANDS,Midlands Commissioning Region
2024-07/System-Mapping.xls,2024-25,2024-06,2024-04-01,2024-07-11,2024-05-04,RLQ,Wye Valley NHS Trust,QGH,NHS Herefordshire And Worcestershire Integrated Care Board,MIDLANDS,Midlands Commissioning Region
2024-07/System-Mapping.xls,2024-25,2024-06,2024-04-01,2024-07-11,2024-05-04,RLT,George Eliot Hospital NHS Trust,QWU,NHS Coventry And Warwickshire Integrated Care Board,MIDLANDS,Midlands Commissioning Region
2024-07/System-Mapping.xls,2024-25,2024-06,2024-04-01,2024-07-11,2024-05-04,RM1,Norfolk And Norwich University Hospitals NHS Foundation Trust,QMM,NHS Norfolk And Waveney Integrated Care Board,EAST OF ENGLAND,East of England Commissioning Region
2024-07/System-Mapping.xls,2024-25,2024-06,2024-04-01,2024-07-11,2024-05-04,RM3,Northern Care Alliance NHS Foundation Trust,QOP,NHS Greater Manchester Integrated Care Board,NORTH WEST,North West Commissioning Region
2024-07/System-Mapping.xls,2024-25,2024-06,2024-04-01,2024-07-11,2024-05-04,RMC,Bolton NHS Foundation Trust,QOP,NHS Greater Manchester Integrated Care Board,NORTH WEST,North West Commissioning Region
2024-07/System-Mapping.xls,2024-25,2024-06,2024-04-01,2024-07-11,2024-05-04,RMP,Tameside And Glossop Integrated Care NHS Foundation Trust,QOP,NHS Greater Manchester Integrated Care Board,NORTH WEST,North West Commissioning Region
2024-07/System-Mapping.xls,2024-25,2024-06,2024-04-01,2024-07-11,2024-05-04,RN3,Great Western Hospitals NHS Foundation Trust,QOX,"NHS Bath And North East Somerset, Swindon And Wiltshire Integrated Care Board",SOUTH WEST,South West Commissioning Region
2024-07/System-Mapping.xls,2024-25,2024-06,2024-04-01,2024-07-11,2024-05-04,RN5,Hampshire Hospitals NHS Foundation Trust,QRL,NHS Hampshire And Isle Of Wight Integrated Care Board,SOUTH EAST,South East Commissioning Region
2024-07/System-Mapping.xls,2024-25,2024-06,2024-04-01,2024-07-11,2024-05-04,RN7,Dartford And Gravesham NHS Trust,QKS,NHS Kent And Medway Integrated Care Board,SOUTH EAST,South East Commissioning Region
2024-07/System-Mapping.xls,2024-25,2024-06,2024-04-01,2024-07-11,2024-05-04,RNA,The Dudley Group NHS Foundation Trust,QUA,NHS Black Country Integrated Care Board,MIDLANDS,Midlands Commissioning Region
2024-07/System-Mapping.xls,2024-25,2024-06,2024-04-01,2024-07-11,2024-05-04,RNN,North Cumbria Integrated Care NHS Foundation Trust,QHM,NHS North East And North Cumbria Integrated Care Board,NORTH EAST AND YORKSHIRE,North East and Yorkshire Commissioning Region
2024-07/System-Mapping.xls,2024-25,2024-06,2024-04-01,2024-07-11,2024-05-04,RNQ,Kettering General Hospital NHS Foundation Trust,QPM,NHS Northamptonshire Integrated Care Board,MIDLANDS,Midlands Commissioning Region
2024-07/System-Mapping.xls,2024-25,2024-06,2024-04-01,2024-07-11,2024-05-04,RNS,Northampton General Hospital NHS Trust,QPM,NHS Northamptonshire Integrated Care Board,MIDLANDS,Midlands Commissioning Region
2024-07/System-Mapping.xls,2024-25,2024-06,2024-04-01,2024-07-11,2024-05-04,RNU,Oxford Health NHS Foundation Trust,QU9,"NHS Buckinghamshire, Oxfordshire And Berkshire West Integrated Care Board",SOUTH EAST,South East Commissioning Region
2024-07/System-Mapping.xls,2024-25,2024-06,2024-04-01,2024-07-11,2024-05-04,RNZ,Salisbury NHS Foundation Trust,QOX,"NHS Bath And North East Somerset, Swindon And Wiltshire Integrated Care Board",SOUTH WEST,South West Commissioning Region
2024-07/System-Mapping.xls,2024-25,2024-06,2024-04-01,2024-07-11,2024-05-04,RP5,Doncaster And Bassetlaw Teaching Hospitals NHS Foundation Trust,QF7,NHS South Yorkshire Integrated Care Board,NORTH EAST AND YORKSHIRE,North East and Yorkshire Commissioning Region
2024-07/System-Mapping.xls,2024-25,2024-06,2024-04-01,2024-07-11,2024-05-04,RP6,Moorfields Eye Hospital NHS Foundation Trust,QMJ,NHS North Central London Integrated Care Board,LONDON,London Commissioning Region
2024-07/System-Mapping.xls,2024-25,2024-06,2024-04-01,2024-07-11,2024-05-04,RPA,Medway NHS Foundation Trust,QKS,NHS Kent And Medway Integrated Care Board,SOUTH EAST,South East Commissioning Region
2024-07/System-Mapping.xls,2024-25,2024-06,2024-04-01,2024-07-11,2024-05-04,RPC,Queen Victoria Hospital NHS Foundation Trust,QNX,NHS Sussex Integrated Care Board,SOUTH EAST,South East Commissioning Region
2024-07/System-Mapping.xls,2024-25,2024-06,2024-04-01,2024-07-11,2024-05-04,RQ3,Birmingham Women's And Children's NHS Foundation Trust,QHL,NHS Birmingham And Solihull Integrated Care Board,MIDLANDS,Midlands Commissioning Region
2024-07/System-Mapping.xls,2024-25,2024-06,2024-04-01,2024-07-11,2024-05-04,RQM,Chelsea And Westminster Hospital NHS Foundation Trust,QRV,NHS North West London Integrated Care Board,LONDON,London Commissioning Region
2024-07/System-Mapping.xls,2024-25,2024-06,2024-04-01,2024-07-11,2024-05-04,RQW,The Princess Alexandra Hospital NHS Trust,QM7,NHS Hertfordshire And West Essex Integrated Care Board,EAST OF ENGLAND,East of England Commissioning Region
2024-07/System-Mapping.xls,2024-25,2024-06,2024-04-01,2024-07-11,2024-05-04,RQX,Homerton Healthcare NHS Foundation Trust,QMF,NHS North East London Integrated Care Board,LONDON,London Commissioning Region
2024-07/System-Mapping.xls,2024-25,2024-06,2024-04-01,2024-07-11,2024-05-04,RR7,Gateshead Health NHS Foundation Trust,QHM,NHS North East And North Cumbria Integrated Care Board,NORTH EAST AND YORKSHIRE,North East and Yorkshire Commissioning Region
2024-07/System-Mapping.xls,2024-25,2024-06,2024-04-01,2024-07-11,2024-05-04,RR8,Leeds Teaching Hospitals NHS Trust,QWO,NHS West Yorkshire Integrated Care Board,NORTH EAST AND YORKSHIRE,North East and Yorkshire Commissioning Region
2024-07/System-Mapping.xls,2024-25,2024-06,2024-04-01,2024-07-11,2024-05-04,RRF,"Wrightington, Wigan And Leigh NHS Foundation Trust",QOP,NHS Greater Manchester Integrated Care Board,NORTH WEST,North West Commissioning Region
2024-07/System-Mapping.xls,2024-25,2024-06,2024-04-01,2024-07-11,2024-05-04,RRK,University Hospitals Birmingham NHS Foundation Trust,QHL,NHS Birmingham And Solihull Integrated Care Board,MIDLANDS,Midlands Commissioning Region
2024-07/System-Mapping.xls,2024-25,2024-06,2024-04-01,2024-07-11,2024-05-04,RRV,University College London Hospitals NHS Foundation Trust,QMJ,NHS North Central London Integrated Care Board,LONDON,London Commissioning Region
2024-07/System-Mapping.xls,2024-25,2024-06,2024-04-01,2024-07-11,2024-05-04,RTD,The Newcastle Upon Tyne Hospitals NHS Foundation Trust,QHM,NHS North East And North Cumbria Integrated Care Board,NORTH EAST AND YORKSHIRE,North East and Yorkshire Commissioning Region
2024-07/System-Mapping.xls,2024-25,2024-06,2024-04-01,2024-07-11,2024-05-04,RTE,Gloucestershire Hospitals NHS Foundation Trust,QR1,NHS Gloucestershire Integrated Care Board,SOUTH WEST,South West Commissioning Region
2024-07/System-Mapping.xls,2024-25,2024-06,2024-04-01,2024-07-11,2024-05-04,RTF,Northumbria Healthcare NHS Foundation Trust,QHM,NHS North East And North Cumbria Integrated Care Board,NORTH EAST AND YORKSHIRE,North East and Yorkshire Commissioning Region
2024-07/System-Mapping.xls,2024-25,2024-06,2024-04-01,2024-07-11,2024-05-04,RTG,University Hospitals Of Derby And Burton NHS Foundation Trust,QJ2,NHS Derby And Derbyshire Integrated Care Board,MIDLANDS,Midlands Commissioning Region
2024-07/System-Mapping.xls,2024-25,2024-06,2024-04-01,2024-07-11,2024-05-04,RTH,Oxford University Hospitals NHS Foundation Trust,QU9,"NHS Buckinghamshire, Oxfordshire And Berkshire West Integrated Care Board",SOUTH EAST,South East Commissioning Region
2024-07/System-Mapping.xls,2024-25,2024-06,2024-04-01,2024-07-11,2024-05-04,RTK,Ashford And St Peter's Hospitals NHS Foundation Trust,QXU,NHS Surrey Heartlands Integrated Care Board,SOUTH EAST,South East Commissioning Region
2024-07/System-Mapping.xls,2024-25,2024-06,2024-04-01,2024-07-11,2024-05-04,RTP,Surrey And Sussex Healthcare NHS Trust,QXU,NHS Surrey Heartlands Integrated Care Board,SOUTH EAST,South East Commissioning Region
2024-07/System-Mapping.xls,2024-25,2024-06,2024-04-01,2024-07-11,2024-05-04,RTQ,Gloucestershire Health And Care NHS Foundation Trust,QR1,NHS Gloucestershire Integrated Care Board,SOUTH WEST,South West Commissioning Region
2024-07/System-Mapping.xls,2024-25,2024-06,2024-04-01,2024-07-11,2024-05-04,RTR,South Tees Hospitals NHS Foundation Trust,QHM,NHS North East And North Cumbria Integrated Care Board,NORTH EAST AND YORKSHIRE,North East and Yorkshire Commissioning Region
2024-07/System-Mapping.xls,2024-25,2024-06,2024-04-01,2024-07-11,2024-05-04,RTX,University Hospitals Of Morecambe Bay NHS Foundation Trust,QE1,NHS Lancashire And South Cumbria Integrated Care Board,NORTH WEST,North West Commissioning Region
2024-07/System-Mapping.xls,2024-25,2024-06,2024-04-01,2024-07-11,2024-05-04,RV9,Humber Teaching NHS Foundation Trust,QOQ,NHS Humber And North Yorkshire Integrated Care Board,NORTH EAST AND YORKSHIRE,North East and Yorkshire Commissioning Region
2024-07/System-Mapping.xls,2024-25,2024-06,2024-04-01,2024-07-11,2024-05-04,RVJ,North Bristol NHS Trust,QUY,"NHS Bristol, North Somerset And South Gloucestershire Integrated Care Board",SOUTH WEST,South West Commissioning Region
2024-07/System-Mapping.xls,2024-25,2024-06,2024-04-01,2024-07-11,2024-05-04,RVR,Epsom And St Helier University Hospitals NHS Trust,QWE,NHS South West London Integrated Care Board,LONDON,London Commissioning Region
2024-07/System-Mapping.xls,2024-25,2024-06,2024-04-01,2024-07-11,2024-05-04,RVV,East Kent Hospitals University NHS Foundation Trust,QKS,NHS Kent And Medway Integrated Care Board,SOUTH EAST,South East Commissioning Region
2024-07/System-Mapping.xls,2024-25,2024-06,2024-04-01,2024-07-11,2024-05-04,RVW,North Tees And Hartlepool NHS Foundation Trust,QHM,NHS North East And North Cumbria Integrated Care Board,NORTH EAST AND YORKSHIRE,North East and Yorkshire Commissioning Region
2024-07/System-Mapping.xls,2024-25,2024-06,2024-04-01,2024-07-11,2024-05-04,RW1,Southern Health NHS Foundation Trust,QRL,NHS Hampshire And Isle Of Wight Integrated Care Board,SOUTH EAST,South East Commissioning Region
2024-07/System-Mapping.xls,2024-25,2024-06,2024-04-01,2024-07-11,2024-05-04,RW4,Mersey Care NHS Foundation Trust,QYG,NHS Cheshire And Merseyside Integrated Care Board,NORTH WEST,North West Commissioning Region
2024-07/System-Mapping.xls,2024-25,2024-06,2024-04-01,2024-07-11,2024-05-04,RWA,Hull University Teaching Hospitals NHS Trust,QOQ,NHS Humber And North Yorkshire Integrated Care Board,NORTH EAST AND YORKSHIRE,North East and Yorkshire Commissioning Region
2024-07/System-Mapping.xls,2024-25,2024-06,2024-04-01,2024-07-11,2024-05-04,RWD,United Lincolnshire Hospitals NHS Trust,QJM,NHS Lincolnshire Integrated Care Board,MIDLANDS,Midlands Commissioning Region
2024-07/System-Mapping.xls,2024-25,2024-06,2024-04-01,2024-07-11,2024-05-04,RWE,University Hospitals Of Leicester NHS Trust,QK1,"NHS Leicester, Leicestershire And Rutland Integrated Care Board",MIDLANDS,Midlands Commissioning Region
2024-07/System-Mapping.xls,2024-25,2024-06,2024-04-01,2024-07-11,2024-05-04,RWF,Maidstone And Tunbridge Wells NHS Trust,QKS,NHS Kent And Medway Integrated Care Board,SOUTH EAST,South East Commissioning Region
2024-07/System-Mapping.xls,2024-25,2024-06,2024-04-01,2024-07-11,2024-05-04,RWG,West Hertfordshire Teaching Hospitals NHS Trust,QM7,NHS Hertfordshire And West Essex Integrated Care Board,EAST OF ENGLAND,East of England Commissioning Region
2024-07/System-Mapping.xls,2024-25,2024-06,2024-04-01,2024-07-11,2024-05-04,RWH,East And North Hertfordshire NHS Trust,QM7,NHS Hertfordshire And West Essex Integrated Care Board,EAST OF ENGLAND,East of England Commissioning Region
2024-07/System-Mapping.xls,2024-25,2024-06,2024-04-01,2024-07-11,2024-05-04,RWJ,Stockport NHS Foundation Trust,QOP,NHS Greater Manchester Integrated Care Board,NORTH WEST,North West Commissioning Region
2024-07/System-Mapping.xls,2024-25,2024-06,2024-04-01,2024-07-11,2024-05-04,RWP,Worcestershire Acute Hospitals NHS Trust,QGH,NHS Herefordshire And Worcestershire Integrated Care Board,MIDLANDS,Midlands Commissioning Region
2024-07/System-Mapping.xls,2024-25,2024-06,2024-04-01,2024-07-11,2024-05-04,RWW,Warrington And Halton Teaching Hospitals NHS Foundation Trust,QYG,NHS Cheshire And Merseyside Integrated Care Board,NORTH WEST,North West Commissioning Region
2024-07/System-Mapping.xls,2024-25,2024-06,2024-04-01,2024-07-11,2024-05-04,RWX,Berkshire Healthcare NHS Foundation Trust,QU9,"NHS Buckinghamshire, Oxfordshire And Berkshire West Integrated Care Board",SOUTH EAST,South East Commissioning Region
2024-07/System-Mapping.xls,2024-25,2024-06,2024-04-01,2024-07-11,2024-05-04,RWY,Calderdale And Huddersfield NHS Foundation Trust,QWO,NHS West Yorkshire Integrated Care Board,NORTH EAST AND YORKSHIRE,North East and Yorkshire Commissioning Region
2024-07/System-Mapping.xls,2024-25,2024-06,2024-04-01,2024-07-11,2024-05-04,RX1,Nottingham University Hospitals NHS Trust,QT1,NHS Nottingham And Nottinghamshire Integrated Care Board,MIDLANDS,Midlands Commissioning Region
2024-07/System-Mapping.xls,2024-25,2024-06,2024-04-01,2024-07-11,2024-05-04,RXC,East Sussex Healthcare NHS Trust,QNX,NHS Sussex Integrated Care Board,SOUTH EAST,South East Commissioning Region
2024-07/System-Mapping.xls,2024-25,2024-06,2024-04-01,2024-07-11,2024-05-04,RXF,Mid Yorkshire Hospitals NHS Trust,QWO,NHS West Yorkshire Integrated Care Board,NORTH EAST AND YORKSHIRE,North East and Yorkshire Commissioning Region
2024-07/System-Mapping.xls,2024-25,2024-06,2024-04-01,2024-07-11,2024-05-04,RXG,South West Yorkshire Partnership NHS Foundation Trust,QWO,NHS West Yorkshire Integrated Care Board,NORTH EAST AND YORKSHIRE,North East and Yorkshire Commissioning Region
2024-07/System-Mapping.xls,2024-25,2024-06,2024-04-01,2024-07-11,2024-05-04,RXK,Sandwell And West Birmingham Hospitals NHS Trust,QUA,NHS Black Country Integrated Care Board,MIDLANDS,Midlands Commissioning Region
2024-07/System-Mapping.xls,2024-25,2024-06,2024-04-01,2024-07-11,2024-05-04,RXL,Blackpool Teaching Hospitals NHS Foundation Trust,QE1,NHS Lancashire And South Cumbria Integrated Care Board,NORTH WEST,North West Commissioning Region
2024-07/System-Mapping.xls,2024-25,2024-06,2024-04-01,2024-07-11,2024-05-04,RXN,Lancashire Teaching Hospitals NHS Foundation Trust,QE1,NHS Lancashire And South Cumbria Integrated Care Board,NORTH WEST,North West Commissioning Region
2024-07/System-Mapping.xls,2024-25,2024-06,2024-04-01,2024-07-11,2024-05-04,RXP,County Durham And Darlington NHS Foundation Trust,QHM,NHS North East And North Cumbria Integrated Care Board,NORTH EAST AND YORKSHIRE,North East and Yorkshire Commissioning Region
2024-07/System-Mapping.xls,2024-25,2024-06,2024-04-01,2024-07-11,2024-05-04,RXQ,Buckinghamshire Healthcare NHS Trust,QU9,"NHS Buckinghamshire, Oxfordshire And Berkshire West Integrated Care Board",SOUTH EAST,South East Commissioning Region
2024-07/System-Mapping.xls,2024-25,2024-06,2024-04-01,2024-07-11,2024-05-04,RXR,East Lancashire Hospitals NHS Trust,QE1,NHS Lancashire And South Cumbria Integrated Care Board,NORTH WEST,North West Commissioning Region
2024-07/System-Mapping.xls,2024-25,2024-06,2024-04-01,2024-07-11,2024-05-04,RXW,The Shrewsbury And Telford Hospital NHS Trust,QOC,"NHS Shropshire, Telford And Wrekin Integrated Care Board",MIDLANDS,Midlands Commissioning Region
2024-07/System-Mapping.xls,2024-25,2024-06,2024-04-01,2024-07-11,2024-05-04,RY2,Bridgewater Community Healthcare NHS Foundation Trust,QYG,NHS Cheshire And Merseyside Integrated Care Board,NORTH WEST,North West Commissioning Region
2024-07/System-Mapping.xls,2024-25,2024-06,2024-04-01,2024-07-11,2024-05-04,RY4,Hertfordshire Community NHS Trust,QM7,NHS Hertfordshire And West Essex Integrated Care Board,EAST OF ENGLAND,East of England Commissioning Region
2024-07/System-Mapping.xls,2024-25,2024-06,2024-04-01,2024-07-11,2024-05-04,RY5,Lincolnshire Community Health Services NHS Trust,QJM,NHS Lincolnshire Integrated Care Board,MIDLANDS,Midlands Commissioning Region
2024-07/System-Mapping.xls,2024-25,2024-06,2024-04-01,2024-07-11,2024-05-04,RY7,Wirral Community Health And Care NHS Foundation Trust,QYG,NHS Cheshire And Merseyside Integrated Care Board,NORTH WEST,North West Commissioning Region
2024-07/System-Mapping.xls,2024-25,2024-06,2024-04-01,2024-07-11,2024-05-04,RY8,Derbyshire Community Health Services NHS Foundation Trust,QJ2,NHS Derby And Derbyshire Integrated Care Board,MIDLANDS,Midlands Commissioning Region
2024-07/System-Mapping.xls,2024-25,2024-06,2024-04-01,2024-07-11,2024-05-04,RY9,Hounslow And Richmond Community Healthcare NHS Trust,QWE,NHS South West London Integrated Care Board,LONDON,London Commissioning Region
2024-07/System-Mapping.xls,2024-25,2024-06,2024-04-01,2024-07-11,2024-05-04,RYF,South Western Ambulance Service NHS Foundation Trust,QJK,NHS Devon Integrated Care Board,SOUTH WEST,South West Commissioning Region
2024-07/System-Mapping.xls,2024-25,2024-06,2024-04-01,2024-07-11,2024-05-04,RYG,Coventry and Warwickshire Partnership NHS Trust,QWU,NHS Coventry And Warwickshire Integrated Care Board,MIDLANDS,Midlands Commissioning Region
2024-07/System-Mapping.xls,2024-25,2024-06,2024-04-01,2024-07-11,2024-05-04,RYJ,Imperial College Healthcare NHS Trust,QRV,NHS North West London Integrated Care Board,LONDON,London Commissioning Region
2024-07/System-Mapping.xls,2024-25,2024-06,2024-04-01,2024-07-11,2024-05-04,RYR,University Hospitals Sussex NHS Foundation Trust,QNX,NHS Sussex Integrated Care Board,SOUTH EAST,South East Commissioning Region
2024-07/System-Mapping.xls,2024-25,2024-06,2024-04-01,2024-07-11,2024-05-04,RYX,Central London Community Healthcare NHS Trust,QRV,NHS North West London Integrated Care Board,LONDON,London Commissioning Region
2024-07/System-Mapping.xls,2024-25,2024-06,2024-04-01,2024-07-11,2024-05-04,RYY,Kent Community Health NHS Foundation Trust,QKS,NHS Kent And Medway Integrated Care Board,SOUTH EAST,South East Commissioning Region
2024-07/System-Mapping.xls,2024-25,2024-06,2024-04-01,2024-07-11,2024-05-04,Y00751,East Berks Primary Care Ooh(Wam),QNQ,NHS Frimley Integrated Care Board,SOUTH EAST,South East Commissioning Region
2024-07/System-Mapping.xls,2024-25,2024-06,2024-04-01,2024-07-11,2024-05-04,Y02147,Urgent Care Centre (Qms),QKK,NHS South East London Integrated Care Board,LONDON,London Commissioning Region
2024-07/System-Mapping.xls,2024-25,2024-06,2024-04-01,2024-07-11,2024-05-04,Y02428,Putnoe Medical Centre Walk In Centre,QHG,"NHS Bedfordshire, Luton And Milton Keynes Integrated Care Board",EAST OF ENGLAND,East of England Commissioning Region
2024-07/System-Mapping.xls,2024-25,2024-06,2024-04-01,2024-07-11,2024-05-04,Y02532,Miriam Minor Emergency,QYG,NHS Cheshire And Merseyside Integrated Care Board,NORTH WEST,North West Commissioning Region
2024-07/System-Mapping.xls,2024-25,2024-06,2024-04-01,2024-07-11,2024-05-04,Y02615,South Birmingham GP Walk In Centre,QHL,NHS Birmingham And Solihull Integrated Care Board,MIDLANDS,Midlands Commissioning Region
2024-07/System-Mapping.xls,2024-25,2024-06,2024-04-01,2024-07-11,2024-05-04,Y02676,Brighton Station Health Centre,QNX,NHS Sussex Integrated Care Board,SOUTH EAST,South East Commissioning Region
2024-07/System-Mapping.xls,2024-25,2024-06,2024-04-01,2024-07-11,2024-05-04,Y03007,Erdington GP Health & Wellbeing Wic,QHL,NHS Birmingham And Solihull Integrated Care Board,MIDLANDS,Midlands Commissioning Region
2024-07/System-Mapping.xls,2024-25,2024-06,2024-04-01,2024-07-11,2024-05-04,Y03218,The Pinn Unregistered Wic,QRV,NHS North West London Integrated Care Board,LONDON,London Commissioning Region
2024-07/System-Mapping.xls,2024-25,2024-06,2024-04-01,2024-07-11,2024-05-04,Y03571,Corby Urgent Care Centre,QPM,NHS Northamptonshire Integrated Care Board,MIDLANDS,Midlands Commissioning Region
2024-07/System-Mapping.xls,2024-25,2024-06,2024-04-01,2024-07-11,2024-05-04,Y04538,Bracknell Urgent Care Centre Wic,QNQ,NHS Frimley Integrated Care Board,SOUTH EAST,South East Commissioning Region
2024-07/System-Mapping.xls,2024-25,2024-06,2024-04-01,2024-07-11,2024-05-04,Y07709,Reading Urgent Care Centre,QU9,"NHS Buckinghamshire, Oxfordshire And Berkshire West Integrated Care Board",SOUTH EAST,South East Commissioning Region
2024-08/System-Mapping.xls,2024-25,2024-07,2024-04-01,2024-08-08,2024-08-01,8J094,Badger Ltd,QHL,NHS Birmingham And Solihull Integrated Care Board,MIDLANDS,Midlands Commissioning Region
2024-08/System-Mapping.xls,2024-25,2024-07,2024-04-01,2024-08-08,2024-08-01,AAH,Tetbury Hospital Trust Ltd,QR1,NHS Gloucestershire Integrated Care Board,SOUTH WEST,South West Commissioning Region
2024-08/System-Mapping.xls,2024-25,2024-07,2024-04-01,2024-08-08,2024-08-01,ACH01,Whitstable Medical Practice,QKS,NHS Kent And Medway Integrated Care Board,SOUTH EAST,South East Commissioning Region
2024-08/System-Mapping.xls,2024-25,2024-07,2024-04-01,2024-08-08,2024-08-01,AD913,Beckenham Beacon Ucc,QKK,NHS South East London Integrated Care Board,LONDON,London Commissioning Region
2024-08/System-Mapping.xls,2024-25,2024-07,2024-04-01,2024-08-08,2024-08-01,AJN,Workington Health Limited,QHM,NHS North East And North Cumbria Integrated Care Board,NORTH EAST AND YORKSHIRE,North East and Yorkshire Commissioning Region
2024-08/System-Mapping.xls,2024-25,2024-07,2024-04-01,2024-08-08,2024-08-01,AQN04,Phl Lymington Utc,QRL,NHS Hampshire And Isle Of Wight Integrated Care Board,SOUTH EAST,South East Commissioning Region
2024-08/System-Mapping.xls,2024-25,2024-07,2024-04-01,2024-08-08,2024-08-01,ARN03,Local Care Direct,QWO,NHS West Yorkshire Integrated Care Board,NORTH EAST AND YORKSHIRE,North East and Yorkshire Commissioning Region
2024-08/System-Mapping.xls,2024-25,2024-07,2024-04-01,2024-08-08,2024-08-01,AXG,Wiltshire Health & Care,QOX,"NHS Bath And North East Somerset, Swindon And Wiltshire Integrated Care Board",SOUTH WEST,South West Commissioning Region
2024-08/System-Mapping.xls,2024-25,2024-07,2024-04-01,2024-08-08,2024-08-01,C82009,Market Harborough Med.Ctr,QK1,"NHS Leicester, Leicestershire And Rutland Integrated Care Board",MIDLANDS,Midlands Commissioning Region
2024-08/System-Mapping.xls,2024-25,2024-07,2024-04-01,2024-08-08,2024-08-01,C82038,Latham House Medical Practice,QK1,"NHS Leicester, Leicestershire And Rutland Integrated Care Board",MIDLANDS,Midlands Commissioning Region
2024-08/System-Mapping.xls,2024-25,2024-07,2024-04-01,2024-08-08,2024-08-01,C83023,Sleaford Medical Group,QJM,NHS Lincolnshire Integrated Care Board,MIDLANDS,Midlands Commissioning Region
2024-08/System-Mapping.xls,2024-25,2024-07,2024-04-01,2024-08-08,2024-08-01,DD401,Exmouth Minor Injury Unit,QJK,NHS Devon Integrated Care Board,SOUTH WEST,South West Commissioning Region
2024-08/System-Mapping.xls,2024-25,2024-07,2024-04-01,2024-08-08,2024-08-01,DT301,Herts Urgent Care (Ascots Lane),QM7,NHS Hertfordshire And West Essex Integrated Care Board,EAST OF ENGLAND,East of England Commissioning Region
2024-08/System-Mapping.xls,2024-25,2024-07,2024-04-01,2024-08-08,2024-08-01,G0Q0L,Barking Hospital UTC,QMF,NHS North East London Integrated Care Board,LONDON,London Commissioning Region
2024-08/System-Mapping.xls,2024-25,2024-07,2024-04-01,2024-08-08,2024-08-01,K6K0R,Harold Wood Polyclinic UTC,QMF,NHS North East London Integrated Care Board,LONDON,London Commissioning Region
2024-08/System-Mapping.xls,2024-25,2024-07,2024-04-01,2024-08-08,2024-08-01,L83087,Okehampton Medical Centre,QJK,NHS Devon Integrated Care Board,SOUTH WEST,South West Commissioning Region
2024-08/System-Mapping.xls,2024-25,2024-07,2024-04-01,2024-08-08,2024-08-01,NDA57,Haslemere Minor Injuries Unit,QXU,NHS Surrey Heartlands Integrated Care Board,SOUTH EAST,South East Commissioning Region
2024-08/System-Mapping.xls,2024-25,2024-07,2024-04-01,2024-08-08,2024-08-01,NDJ,First Community Health And Care Cic,QNX,NHS Sussex Integrated Care Board,SOUTH EAST,South East Commissioning Region
2024-08/System-Mapping.xls,2024-25,2024-07,2024-04-01,2024-08-08,2024-08-01,NL7,Assura Vertis Urgent Care Centres (Birmingham),QHL,NHS Birmingham And Solihull Integrated Care Board,MIDLANDS,Midlands Commissioning Region
2024-08/System-Mapping.xls,2024-25,2024-07,2024-04-01,2024-08-08,2024-08-01,NLX,Sirona Care & Health,QUY,"NHS Bristol, North Somerset And South Gloucestershire Integrated Care Board",SOUTH WEST,South West Commissioning Region
2024-08/System-Mapping.xls,2024-25,2024-07,2024-04-01,2024-08-08,2024-08-01,NNF09,Bransholme Health Centre,QOQ,NHS Humber And North Yorkshire Integrated Care Board,NORTH EAST AND YORKSHIRE,North East and Yorkshire Commissioning Region
2024-08/System-Mapping.xls,2024-25,2024-07,2024-04-01,2024-08-08,2024-08-01,NNF16,Bridlington Hospital,QOQ,NHS Humber And North Yorkshire Integrated Care Board,NORTH EAST AND YORKSHIRE,North East and Yorkshire Commissioning Region
2024-08/System-Mapping.xls,2024-25,2024-07,2024-04-01,2024-08-08,2024-08-01,NNF76,The Wilberforce Health Centre,QOQ,NHS Humber And North Yorkshire Integrated Care Board,NORTH EAST AND YORKSHIRE,North East and Yorkshire Commissioning Region
2024-08/System-Mapping.xls,2024-25,2024-07,2024-04-01,2024-08-08,2024-08-01,NNF94,East Riding Community Hospital,QOQ,NHS Humber And North Yorkshire Integrated Care Board,NORTH EAST AND YORKSHIRE,North East and Yorkshire Commissioning Region
2024-08/System-Mapping.xls,2024-25,2024-07,2024-04-01,2024-08-08,2024-08-01,NNFA7,Goole & District Hospital,QOQ,NHS Humber And North Yorkshire Integrated Care Board,NORTH EAST AND YORKSHIRE,North East and Yorkshire Commissioning Region
2024-08/System-Mapping.xls,2024-25,2024-07,2024-04-01,2024-08-08,2024-08-01,NNJ,Dhu Health Care C.I.C,QJ2,NHS Derby And Derbyshire Integrated Care Board,MIDLANDS,Midlands Commissioning Region
2024-08/System-Mapping.xls,2024-25,2024-07,2024-04-01,2024-08-08,2024-08-01,NNJ07,Loughborough Urgent Care Centre,QK1,"NHS Leicester, Leicestershire And Rutland Integrated Care Board",MIDLANDS,Midlands Commissioning Region
2024-08/System-Mapping.xls,2024-25,2024-07,2024-04-01,2024-08-08,2024-08-01,NNJ0H,Llr Ea - The Merlyn Vaz Health & Social Care Centre,QK1,"NHS Leicester, Leicestershire And Rutland Integrated Care Board",MIDLANDS,Midlands Commissioning Region
2024-08/System-Mapping.xls,2024-25,2024-07,2024-04-01,2024-08-08,2024-08-01,NNJ12,Market Harborough,QK1,"NHS Leicester, Leicestershire And Rutland Integrated Care Board",MIDLANDS,Midlands Commissioning Region
2024-08/System-Mapping.xls,2024-25,2024-07,2024-04-01,2024-08-08,2024-08-01,NNJ13,Melton Mowbray,QK1,"NHS Leicester, Leicestershire And Rutland Integrated Care Board",MIDLANDS,Midlands Commissioning Region
2024-08/System-Mapping.xls,2024-25,2024-07,2024-04-01,2024-08-08,2024-08-01,NNJ14,Oadby,QK1,"NHS Leicester, Leicestershire And Rutland Integrated Care Board",MIDLANDS,Midlands Commissioning Region
2024-08/System-Mapping.xls,2024-25,2024-07,2024-04-01,2024-08-08,2024-08-01,NNJ15,Oakham,QK1,"NHS Leicester, Leicestershire And Rutland Integrated Care Board",MIDLANDS,Midlands Commissioning Region
2024-08/System-Mapping.xls,2024-25,2024-07,2024-04-01,2024-08-08,2024-08-01,NQT51,Station Plaza Health Centre,QNX,NHS Sussex Integrated Care Board,SOUTH EAST,South East Commissioning Region
2024-08/System-Mapping.xls,2024-25,2024-07,2024-04-01,2024-08-08,2024-08-01,NQT5F,Skelmersdale Walk In Centre,QE1,NHS Lancashire And South Cumbria Integrated Care Board,NORTH WEST,North West Commissioning Region
2024-08/System-Mapping.xls,2024-25,2024-07,2024-04-01,2024-08-08,2024-08-01,NQT5H,Paulton Memorial Hospital,QOX,"NHS Bath And North East Somerset, Swindon And Wiltshire Integrated Care Board",SOUTH WEST,South West Commissioning Region
2024-08/System-Mapping.xls,2024-25,2024-07,2024-04-01,2024-08-08,2024-08-01,NQTE4,Summerfield Urgent Care Centre,QUA,NHS Black Country Integrated Care Board,MIDLANDS,Midlands Commissioning Region
2024-08/System-Mapping.xls,2024-25,2024-07,2024-04-01,2024-08-08,2024-08-01,NR3,Nottingham Citycare Partnership,QT1,NHS Nottingham And Nottinghamshire Integrated Care Board,MIDLANDS,Midlands Commissioning Region
2024-08/System-Mapping.xls,2024-25,2024-07,2024-04-01,2024-08-08,2024-08-01,NTP11,Practice Plus Group Hospital - Southampton,QRL,NHS Hampshire And Isle Of Wight Integrated Care Board,SOUTH EAST,South East Commissioning Region
2024-08/System-Mapping.xls,2024-25,2024-07,2024-04-01,2024-08-08,2024-08-01,NTPAD,Practice Plus Group Surgical Centre - St Marys Portsmouth,QRL,NHS Hampshire And Isle Of Wight Integrated Care Board,SOUTH EAST,South East Commissioning Region
2024-08/System-Mapping.xls,2024-25,2024-07,2024-04-01,2024-08-08,2024-08-01,NTV0B,Ashford Walk-In-Centre,QXU,NHS Surrey Heartlands Integrated Care Board,SOUTH EAST,South East Commissioning Region
2024-08/System-Mapping.xls,2024-25,2024-07,2024-04-01,2024-08-08,2024-08-01,NTV0W,Woking Walk In Centre,QXU,NHS Surrey Heartlands Integrated Care Board,SOUTH EAST,South East Commissioning Region
2024-08/System-Mapping.xls,2024-25,2024-07,2024-04-01,2024-08-08,2024-08-01,NV693,Rossendale Miu & Ooh,QE1,NHS Lancashire And South Cumbria Integrated Care Board,NORTH WEST,North West Commissioning Region
2024-08/System-Mapping.xls,2024-25,2024-07,2024-04-01,2024-08-08,2024-08-01,R0A,Manchester University NHS Foundation Trust,QOP,NHS Greater Manchester Integrated Care Board,NORTH WEST,North West Commissioning Region
2024-08/System-Mapping.xls,2024-25,2024-07,2024-04-01,2024-08-08,2024-08-01,R0B,South Tyneside And Sunderland NHS Foundation Trust,QHM,NHS North East And North Cumbria Integrated Care Board,NORTH EAST AND YORKSHIRE,North East and Yorkshire Commissioning Region
2024-08/System-Mapping.xls,2024-25,2024-07,2024-04-01,2024-08-08,2024-08-01,R0D,University Hospitals Dorset NHS Foundation Trust,QVV,NHS Dorset Integrated Care Board,SOUTH WEST,South West Commissioning Region
2024-08/System-Mapping.xls,2024-25,2024-07,2024-04-01,2024-08-08,2024-08-01,R1D,Shropshire Community Health NHS Trust,QOC,"NHS Shropshire, Telford And Wrekin Integrated Care Board",MIDLANDS,Midlands Commissioning Region
2024-08/System-Mapping.xls,2024-25,2024-07,2024-04-01,2024-08-08,2024-08-01,R1F,Isle Of Wight NHS Trust,QRL,NHS Hampshire And Isle Of Wight Integrated Care Board,SOUTH EAST,South East Commissioning Region
2024-08/System-Mapping.xls,2024-25,2024-07,2024-04-01,2024-08-08,2024-08-01,R1H,Barts Health NHS Trust,QMF,NHS North East London Integrated Care Board,LONDON,London Commissioning Region
2024-08/System-Mapping.xls,2024-25,2024-07,2024-04-01,2024-08-08,2024-08-01,R1K,London North West University Healthcare NHS Trust,QRV,NHS North West London Integrated Care Board,LONDON,London Commissioning Region
2024-08/System-Mapping.xls,2024-25,2024-07,2024-04-01,2024-08-08,2024-08-01,RA2,Royal Surrey County Hospital NHS Foundation Trust,QXU,NHS Surrey Heartlands Integrated Care Board,SOUTH EAST,South East Commissioning Region
2024-08/System-Mapping.xls,2024-25,2024-07,2024-04-01,2024-08-08,2024-08-01,RA7,University Hospitals Bristol And Weston NHS Foundation Trust,QUY,"NHS Bristol, North Somerset And South Gloucestershire Integrated Care Board",SOUTH WEST,South West Commissioning Region
2024-08/System-Mapping.xls,2024-25,2024-07,2024-04-01,2024-08-08,2024-08-01,RA9,Torbay And South Devon NHS Foundation Trust,QJK,NHS Devon Integrated Care Board,SOUTH WEST,South West Commissioning Region
2024-08/System-Mapping.xls,2024-25,2024-07,2024-04-01,2024-08-08,2024-08-01,RAE,Bradford Teaching Hospitals NHS Foundation Trust,QWO,NHS West Yorkshire Integrated Care Board,NORTH EAST AND YORKSHIRE,North East and Yorkshire Commissioning Region
2024-08/System-Mapping.xls,2024-25,2024-07,2024-04-01,2024-08-08,2024-08-01,RAJ,Mid And South Essex NHS Foundation Trust,QH8,NHS Mid And South Essex Integrated Care Board,EAST OF ENGLAND,East of England Commissioning Region
2024-08/System-Mapping.xls,2024-25,2024-07,2024-04-01,2024-08-08,2024-08-01,RAL,Royal Free London NHS Foundation Trust,QMJ,NHS North Central London Integrated Care Board,LONDON,London Commissioning Region
2024-08/System-Mapping.xls,2024-25,2024-07,2024-04-01,2024-08-08,2024-08-01,RAN,Royal National Orthopaedic Hospital NHS Trust,QMJ,NHS North Central London Integrated Care Board,LONDON,London Commissioning Region
2024-08/System-Mapping.xls,2024-25,2024-07,2024-04-01,2024-08-08,2024-08-01,RAP,North Middlesex University Hospital NHS Trust,QMJ,NHS North Central London Integrated Care Board,LONDON,London Commissioning Region
2024-08/System-Mapping.xls,2024-25,2024-07,2024-04-01,2024-08-08,2024-08-01,RAS,The Hillingdon Hospitals NHS Foundation Trust,QRV,NHS North West London Integrated Care Board,LONDON,London Commissioning Region
2024-08/System-Mapping.xls,2024-25,2024-07,2024-04-01,2024-08-08,2024-08-01,RAT,North East London NHS Foundation Trust,QMF,NHS North East London Integrated Care Board,LONDON,London Commissioning Region
2024-08/System-Mapping.xls,2024-25,2024-07,2024-04-01,2024-08-08,2024-08-01,RAX,Kingston Hospital NHS Foundation Trust,QWE,NHS South West London Integrated Care Board,LONDON,London Commissioning Region
2024-08/System-Mapping.xls,2024-25,2024-07,2024-04-01,2024-08-08,2024-08-01,RBD,Dorset County Hospital NHS Foundation Trust,QVV,NHS Dorset Integrated Care Board,SOUTH WEST,South West Commissioning Region
2024-08/System-Mapping.xls,2024-25,2024-07,2024-04-01,2024-08-08,2024-08-01,RBK,Walsall Healthcare NHS Trust,QUA,NHS Black Country Integrated Care Board,MIDLANDS,Midlands Commissioning Region
2024-08/System-Mapping.xls,2024-25,2024-07,2024-04-01,2024-08-08,2024-08-01,RBL,Wirral University Teaching Hospital NHS Foundation Trust,QYG,NHS Cheshire And Merseyside Integrated Care Board,NORTH WEST,North West Commissioning Region
2024-08/System-Mapping.xls,2024-25,2024-07,2024-04-01,2024-08-08,2024-08-01,RBN,Mersey And West Lancashire Teaching Hospitals NHS Trust,QYG,NHS Cheshire And Merseyside Integrated Care Board,NORTH WEST,North West Commissioning Region
2024-08/System-Mapping.xls,2024-25,2024-07,2024-04-01,2024-08-08,2024-08-01,RBQ,Liverpool Heart And Chest Hospital NHS Foundation Trust,QYG,NHS Cheshire And Merseyside Integrated Care Board,NORTH WEST,North West Commissioning Region
2024-08/System-Mapping.xls,2024-25,2024-07,2024-04-01,2024-08-08,2024-08-01,RBS,Alder Hey Children's NHS Foundation Trust,QYG,NHS Cheshire And Merseyside Integrated Care Board,NORTH WEST,North West Commissioning Region
2024-08/System-Mapping.xls,2024-25,2024-07,2024-04-01,2024-08-08,2024-08-01,RBT,Mid Cheshire Hospitals NHS Foundation Trust,QYG,NHS Cheshire And Merseyside Integrated Care Board,NORTH WEST,North West Commissioning Region
2024-08/System-Mapping.xls,2024-25,2024-07,2024-04-01,2024-08-08,2024-08-01,RBV,The Christie NHS Foundation Trust,QOP,NHS Greater Manchester Integrated Care Board,NORTH WEST,North West Commissioning Region
2024-08/System-Mapping.xls,2024-25,2024-07,2024-04-01,2024-08-08,2024-08-01,RC9,Bedfordshire Hospitals NHS Foundation Trust,QHG,"NHS Bedfordshire, Luton And Milton Keynes Integrated Care Board",EAST OF ENGLAND,East of England Commissioning Region
2024-08/System-Mapping.xls,2024-25,2024-07,2024-04-01,2024-08-08,2024-08-01,RCB,York And Scarborough Teaching Hospitals NHS Foundation Trust,QOQ,NHS Humber And North Yorkshire Integrated Care Board,NORTH EAST AND YORKSHIRE,North East and Yorkshire Commissioning Region
2024-08/System-Mapping.xls,2024-25,2024-07,2024-04-01,2024-08-08,2024-08-01,RCD,Harrogate And District NHS Foundation Trust,QOQ,NHS Humber And North Yorkshire Integrated Care Board,NORTH EAST AND YORKSHIRE,North East and Yorkshire Commissioning Region
2024-08/System-Mapping.xls,2024-25,2024-07,2024-04-01,2024-08-08,2024-08-01,RCF,Airedale NHS Foundation Trust,QWO,NHS West Yorkshire Integrated Care Board,NORTH EAST AND YORKSHIRE,North East and Yorkshire Commissioning Region
2024-08/System-Mapping.xls,2024-25,2024-07,2024-04-01,2024-08-08,2024-08-01,RCU,Sheffield Children's NHS Foundation Trust,QF7,NHS South Yorkshire Integrated Care Board,NORTH EAST AND YORKSHIRE,North East and Yorkshire Commissioning Region
2024-08/System-Mapping.xls,2024-25,2024-07,2024-04-01,2024-08-08,2024-08-01,RCX,"The Queen Elizabeth Hospital, King's Lynn, NHS Foundation Trust",QMM,NHS Norfolk And Waveney Integrated Care Board,EAST OF ENGLAND,East of England Commissioning Region
2024-08/System-Mapping.xls,2024-25,2024-07,2024-04-01,2024-08-08,2024-08-01,RD1,Royal United Hospitals Bath NHS Foundation Trust,QOX,"NHS Bath And North East Somerset, Swindon And Wiltshire Integrated Care Board",SOUTH WEST,South West Commissioning Region
2024-08/System-Mapping.xls,2024-25,2024-07,2024-04-01,2024-08-08,2024-08-01,RD8,Milton Keynes University Hospital NHS Foundation Trust,QHG,"NHS Bedfordshire, Luton And Milton Keynes Integrated Care Board",EAST OF ENGLAND,East of England Commissioning Region
2024-08/System-Mapping.xls,2024-25,2024-07,2024-04-01,2024-08-08,2024-08-01,RDE,East Suffolk And North Essex NHS Foundation Trust,QJG,NHS Suffolk And North East Essex Integrated Care Board,EAST OF ENGLAND,East of England Commissioning Region
2024-08/System-Mapping.xls,2024-25,2024-07,2024-04-01,2024-08-08,2024-08-01,RDR,Sussex Community NHS Foundation Trust,QNX,NHS Sussex Integrated Care Board,SOUTH EAST,South East Commissioning Region
2024-08/System-Mapping.xls,2024-25,2024-07,2024-04-01,2024-08-08,2024-08-01,RDU,Frimley Health NHS Foundation Trust,QNQ,NHS Frimley Integrated Care Board,SOUTH EAST,South East Commissioning Region
2024-08/System-Mapping.xls,2024-25,2024-07,2024-04-01,2024-08-08,2024-08-01,RDY,Dorset Healthcare University NHS Foundation Trust,QVV,NHS Dorset Integrated Care Board,SOUTH WEST,South West Commissioning Region
2024-08/System-Mapping.xls,2024-25,2024-07,2024-04-01,2024-08-08,2024-08-01,REF,Royal Cornwall Hospitals NHS Trust,QT6,NHS Cornwall And The Isles Of Scilly Integrated Care Board,SOUTH WEST,South West Commissioning Region
2024-08/System-Mapping.xls,2024-25,2024-07,2024-04-01,2024-08-08,2024-08-01,REM,Liverpool University Hospitals NHS Foundation Trust,QYG,NHS Cheshire And Merseyside Integrated Care Board,NORTH WEST,North West Commissioning Region
2024-08/System-Mapping.xls,2024-25,2024-07,2024-04-01,2024-08-08,2024-08-01,REP,Liverpool Women's NHS Foundation Trust,QYG,NHS Cheshire And Merseyside Integrated Care Board,NORTH WEST,North West Commissioning Region
2024-08/System-Mapping.xls,2024-25,2024-07,2024-04-01,2024-08-08,2024-08-01,RET,The Walton Centre NHS Foundation Trust,QYG,NHS Cheshire And Merseyside Integrated Care Board,NORTH WEST,North West Commissioning Region
2024-08/System-Mapping.xls,2024-25,2024-07,2024-04-01,2024-08-08,2024-08-01,RF4,"Barking, Havering And Redbridge University Hospitals NHS Trust",QMF,NHS North East London Integrated Care Board,LONDON,London Commissioning Region
2024-08/System-Mapping.xls,2024-25,2024-07,2024-04-01,2024-08-08,2024-08-01,RFF,Barnsley Hospital NHS Foundation Trust,QF7,NHS South Yorkshire Integrated Care Board,NORTH EAST AND YORKSHIRE,North East and Yorkshire Commissioning Region
2024-08/System-Mapping.xls,2024-25,2024-07,2024-04-01,2024-08-08,2024-08-01,RFR,The Rotherham NHS Foundation Trust,QF7,NHS South Yorkshire Integrated Care Board,NORTH EAST AND YORKSHIRE,North East and Yorkshire Commissioning Region
2024-08/System-Mapping.xls,2024-25,2024-07,2024-04-01,2024-08-08,2024-08-01,RFS,Chesterfield Royal Hospital NHS Foundation Trust,QJ2,NHS Derby And Derbyshire Integrated Care Board,MIDLANDS,Midlands Commissioning Region
2024-08/System-Mapping.xls,2024-25,2024-07,2024-04-01,2024-08-08,2024-08-01,RGN,North West Anglia NHS Foundation Trust,QUE,NHS Cambridgeshire And Peterborough Integrated Care Board,EAST OF ENGLAND,East of England Commissioning Region
2024-08/System-Mapping.xls,2024-25,2024-07,2024-04-01,2024-08-08,2024-08-01,RGP,James Paget University Hospitals NHS Foundation Trust,QMM,NHS Norfolk And Waveney Integrated Care Board,EAST OF ENGLAND,East of England Commissioning Region
2024-08/System-Mapping.xls,2024-25,2024-07,2024-04-01,2024-08-08,2024-08-01,RGR,West Suffolk NHS Foundation Trust,QJG,NHS Suffolk And North East Essex Integrated Care Board,EAST OF ENGLAND,East of England Commissioning Region
2024-08/System-Mapping.xls,2024-25,2024-07,2024-04-01,2024-08-08,2024-08-01,RGT,Cambridge University Hospitals NHS Foundation Trust,QUE,NHS Cambridgeshire And Peterborough Integrated Care Board,EAST OF ENGLAND,East of England Commissioning Region
2024-08/System-Mapping.xls,2024-25,2024-07,2024-04-01,2024-08-08,2024-08-01,RH5,Somerset NHS Foundation Trust,QSL,NHS Somerset Integrated Care Board,SOUTH WEST,South West Commissioning Region
2024-08/System-Mapping.xls,2024-25,2024-07,2024-04-01,2024-08-08,2024-08-01,RH8,Royal Devon University Healthcare NHS Foundation Trust,QJK,NHS Devon Integrated Care Board,SOUTH WEST,South West Commissioning Region
2024-08/System-Mapping.xls,2024-25,2024-07,2024-04-01,2024-08-08,2024-08-01,RHM,University Hospital Southampton NHS Foundation Trust,QRL,NHS Hampshire And Isle Of Wight Integrated Care Board,SOUTH EAST,South East Commissioning Region
2024-08/System-Mapping.xls,2024-25,2024-07,2024-04-01,2024-08-08,2024-08-01,RHQ,Sheffield Teaching Hospitals NHS Foundation Trust,QF7,NHS South Yorkshire Integrated Care Board,NORTH EAST AND YORKSHIRE,North East and Yorkshire Commissioning Region
2024-08/System-Mapping.xls,2024-25,2024-07,2024-04-01,2024-08-08,2024-08-01,RHU,Portsmouth Hospitals University National Health Service Trust,QRL,NHS Hampshire And Isle Of Wight Integrated Care Board,SOUTH EAST,South East Commissioning Region
2024-08/System-Mapping.xls,2024-25,2024-07,2024-04-01,2024-08-08,2024-08-01,RHW,Royal Berkshire NHS Foundation Trust,QU9,"NHS Buckinghamshire, Oxfordshire And Berkshire West Integrated Care Board",SOUTH EAST,South East Commissioning Region
2024-08/System-Mapping.xls,2024-25,2024-07,2024-04-01,2024-08-08,2024-08-01,RJ1,Guy's And St Thomas' NHS Foundation Trust,QKK,NHS South East London Integrated Care Board,LONDON,London Commissioning Region
2024-08/System-Mapping.xls,2024-25,2024-07,2024-04-01,2024-08-08,2024-08-01,RJ2,Lewisham And Greenwich NHS Trust,QKK,NHS South East London Integrated Care Board,LONDON,London Commissioning Region
2024-08/System-Mapping.xls,2024-25,2024-07,2024-04-01,2024-08-08,2024-08-01,RJ6,Croydon Health Services NHS Trust,QWE,NHS South West London Integrated Care Board,LONDON,London Commissioning Region
2024-08/System-Mapping.xls,2024-25,2024-07,2024-04-01,2024-08-08,2024-08-01,RJ7,St George's University Hospitals NHS Foundation Trust,QWE,NHS South West London Integrated Care Board,LONDON,London Commissioning Region
2024-08/System-Mapping.xls,2024-25,2024-07,2024-04-01,2024-08-08,2024-08-01,RJ8,Cornwall Partnership NHS Foundation Trust,QT6,NHS Cornwall And The Isles Of Scilly Integrated Care Board,SOUTH WEST,South West Commissioning Region
2024-08/System-Mapping.xls,2024-25,2024-07,2024-04-01,2024-08-08,2024-08-01,RJC,South Warwickshire University NHS Foundation Trust,QWU,NHS Coventry And Warwickshire Integrated Care Board,MIDLANDS,Midlands Commissioning Region
2024-08/System-Mapping.xls,2024-25,2024-07,2024-04-01,2024-08-08,2024-08-01,RJE,University Hospitals Of North Midlands NHS Trust,QNC,NHS Staffordshire And Stoke-On-Trent Integrated Care Board,MIDLANDS,Midlands Commissioning Region
2024-08/System-Mapping.xls,2024-25,2024-07,2024-04-01,2024-08-08,2024-08-01,RJL,Northern Lincolnshire And Goole NHS Foundation Trust,QOQ,NHS Humber And North Yorkshire Integrated Care Board,NORTH EAST AND YORKSHIRE,North East and Yorkshire Commissioning Region
2024-08/System-Mapping.xls,2024-25,2024-07,2024-04-01,2024-08-08,2024-08-01,RJN,East Cheshire NHS Trust,QYG,NHS Cheshire And Merseyside Integrated Care Board,NORTH WEST,North West Commissioning Region
2024-08/System-Mapping.xls,2024-25,2024-07,2024-04-01,2024-08-08,2024-08-01,RJR,Countess Of Chester Hospital NHS Foundation Trust,QYG,NHS Cheshire And Merseyside Integrated Care Board,NORTH WEST,North West Commissioning Region
2024-08/System-Mapping.xls,2024-25,2024-07,2024-04-01,2024-08-08,2024-08-01,RJZ,King's College Hospital NHS Foundation Trust,QKK,NHS South East London Integrated Care Board,LONDON,London Commissioning Region
2024-08/System-Mapping.xls,2024-25,2024-07,2024-04-01,2024-08-08,2024-08-01,RK5,Sherwood Forest Hospitals NHS Foundation Trust,QT1,NHS Nottingham And Nottinghamshire Integrated Care Board,MIDLANDS,Midlands Commissioning Region
2024-08/System-Mapping.xls,2024-25,2024-07,2024-04-01,2024-08-08,2024-08-01,RK9,University Hospitals Plymouth NHS Trust,QJK,NHS Devon Integrated Care Board,SOUTH WEST,South West Commissioning Region
2024-08/System-Mapping.xls,2024-25,2024-07,2024-04-01,2024-08-08,2024-08-01,RKB,University Hospitals Coventry And Warwickshire NHS Trust,QWU,NHS Coventry And Warwickshire Integrated Care Board,MIDLANDS,Midlands Commissioning Region
2024-08/System-Mapping.xls,2024-25,2024-07,2024-04-01,2024-08-08,2024-08-01,RKE,Whittington Health NHS Trust,QMJ,NHS North Central London Integrated Care Board,LONDON,London Commissioning Region
2024-08/System-Mapping.xls,2024-25,2024-07,2024-04-01,2024-08-08,2024-08-01,RL1,The Robert Jones And Agnes Hunt Orthopaedic Hospital NHS Foundation Trust,QOC,"NHS Shropshire, Telford And Wrekin Integrated Care Board",MIDLANDS,Midlands Commissioning Region
2024-08/System-Mapping.xls,2024-25,2024-07,2024-04-01,2024-08-08,2024-08-01,RL4,The Royal Wolverhampton NHS Trust,QUA,NHS Black Country Integrated Care Board,MIDLANDS,Midlands Commissioning Region
2024-08/System-Mapping.xls,2024-25,2024-07,2024-04-01,2024-08-08,2024-08-01,RLQ,Wye Valley NHS Trust,QGH,NHS Herefordshire And Worcestershire Integrated Care Board,MIDLANDS,Midlands Commissioning Region
2024-08/System-Mapping.xls,2024-25,2024-07,2024-04-01,2024-08-08,2024-08-01,RLT,George Eliot Hospital NHS Trust,QWU,NHS Coventry And Warwickshire Integrated Care Board,MIDLANDS,Midlands Commissioning Region
2024-08/System-Mapping.xls,2024-25,2024-07,2024-04-01,2024-08-08,2024-08-01,RM1,Norfolk And Norwich University Hospitals NHS Foundation Trust,QMM,NHS Norfolk And Waveney Integrated Care Board,EAST OF ENGLAND,East of England Commissioning Region
2024-08/System-Mapping.xls,2024-25,2024-07,2024-04-01,2024-08-08,2024-08-01,RM3,Northern Care Alliance NHS Foundation Trust,QOP,NHS Greater Manchester Integrated Care Board,NORTH WEST,North West Commissioning Region
2024-08/System-Mapping.xls,2024-25,2024-07,2024-04-01,2024-08-08,2024-08-01,RMC,Bolton NHS Foundation Trust,QOP,NHS Greater Manchester Integrated Care Board,NORTH WEST,North West Commissioning Region
2024-08/System-Mapping.xls,2024-25,2024-07,2024-04-01,2024-08-08,2024-08-01,RMP,Tameside And Glossop Integrated Care NHS Foundation Trust,QOP,NHS Greater Manchester Integrated Care Board,NORTH WEST,North West Commissioning Region
2024-08/System-Mapping.xls,2024-25,2024-07,2024-04-01,2024-08-08,2024-08-01,RN3,Great Western Hospitals NHS Foundation Trust,QOX,"NHS Bath And North East Somerset, Swindon And Wiltshire Integrated Care Board",SOUTH WEST,South West Commissioning Region
2024-08/System-Mapping.xls,2024-25,2024-07,2024-04-01,2024-08-08,2024-08-01,RN5,Hampshire Hospitals NHS Foundation Trust,QRL,NHS Hampshire And Isle Of Wight Integrated Care Board,SOUTH EAST,South East Commissioning Region
2024-08/System-Mapping.xls,2024-25,2024-07,2024-04-01,2024-08-08,2024-08-01,RN7,Dartford And Gravesham NHS Trust,QKS,NHS Kent And Medway Integrated Care Board,SOUTH EAST,South East Commissioning Region
2024-08/System-Mapping.xls,2024-25,2024-07,2024-04-01,2024-08-08,2024-08-01,RNA,The Dudley Group NHS Foundation Trust,QUA,NHS Black Country Integrated Care Board,MIDLANDS,Midlands Commissioning Region
2024-08/System-Mapping.xls,2024-25,2024-07,2024-04-01,2024-08-08,2024-08-01,RNN,North Cumbria Integrated Care NHS Foundation Trust,QHM,NHS North East And North Cumbria Integrated Care Board,NORTH EAST AND YORKSHIRE,North East and Yorkshire Commissioning Region
2024-08/System-Mapping.xls,2024-25,2024-07,2024-04-01,2024-08-08,2024-08-01,RNQ,Kettering General Hospital NHS Foundation Trust,QPM,NHS Northamptonshire Integrated Care Board,MIDLANDS,Midlands Commissioning Region
2024-08/System-Mapping.xls,2024-25,2024-07,2024-04-01,2024-08-08,2024-08-01,RNS,Northampton General Hospital NHS Trust,QPM,NHS Northamptonshire Integrated Care Board,MIDLANDS,Midlands Commissioning Region
2024-08/System-Mapping.xls,2024-25,2024-07,2024-04-01,2024-08-08,2024-08-01,RNU,Oxford Health NHS Foundation Trust,QU9,"NHS Buckinghamshire, Oxfordshire And Berkshire West Integrated Care Board",SOUTH EAST,South East Commissioning Region
2024-08/System-Mapping.xls,2024-25,2024-07,2024-04-01,2024-08-08,2024-08-01,RNZ,Salisbury NHS Foundation Trust,QOX,"NHS Bath And North East Somerset, Swindon And Wiltshire Integrated Care Board",SOUTH WEST,South West Commissioning Region
2024-08/System-Mapping.xls,2024-25,2024-07,2024-04-01,2024-08-08,2024-08-01,RP5,Doncaster And Bassetlaw Teaching Hospitals NHS Foundation Trust,QF7,NHS South Yorkshire Integrated Care Board,NORTH EAST AND YORKSHIRE,North East and Yorkshire Commissioning Region
2024-08/System-Mapping.xls,2024-25,2024-07,2024-04-01,2024-08-08,2024-08-01,RP6,Moorfields Eye Hospital NHS Foundation Trust,QMJ,NHS North Central London Integrated Care Board,LONDON,London Commissioning Region
2024-08/System-Mapping.xls,2024-25,2024-07,2024-04-01,2024-08-08,2024-08-01,RPA,Medway NHS Foundation Trust,QKS,NHS Kent And Medway Integrated Care Board,SOUTH EAST,South East Commissioning Region
2024-08/System-Mapping.xls,2024-25,2024-07,2024-04-01,2024-08-08,2024-08-01,RPC,Queen Victoria Hospital NHS Foundation Trust,QNX,NHS Sussex Integrated Care Board,SOUTH EAST,South East Commissioning Region
2024-08/System-Mapping.xls,2024-25,2024-07,2024-04-01,2024-08-08,2024-08-01,RQ3,Birmingham Women's And Children's NHS Foundation Trust,QHL,NHS Birmingham And Solihull Integrated Care Board,MIDLANDS,Midlands Commissioning Region
2024-08/System-Mapping.xls,2024-25,2024-07,2024-04-01,2024-08-08,2024-08-01,RQM,Chelsea And Westminster Hospital NHS Foundation Trust,QRV,NHS North West London Integrated Care Board,LONDON,London Commissioning Region
2024-08/System-Mapping.xls,2024-25,2024-07,2024-04-01,2024-08-08,2024-08-01,RQW,The Princess Alexandra Hospital NHS Trust,QM7,NHS Hertfordshire And West Essex Integrated Care Board,EAST OF ENGLAND,East of England Commissioning Region
2024-08/System-Mapping.xls,2024-25,2024-07,2024-04-01,2024-08-08,2024-08-01,RQX,Homerton Healthcare NHS Foundation Trust,QMF,NHS North East London Integrated Care Board,LONDON,London Commissioning Region
2024-08/System-Mapping.xls,2024-25,2024-07,2024-04-01,2024-08-08,2024-08-01,RR7,Gateshead Health NHS Foundation Trust,QHM,NHS North East And North Cumbria Integrated Care Board,NORTH EAST AND YORKSHIRE,North East and Yorkshire Commissioning Region
2024-08/System-Mapping.xls,2024-25,2024-07,2024-04-01,2024-08-08,2024-08-01,RR8,Leeds Teaching Hospitals NHS Trust,QWO,NHS West Yorkshire Integrated Care Board,NORTH EAST AND YORKSHIRE,North East and Yorkshire Commissioning Region
2024-08/System-Mapping.xls,2024-25,2024-07,2024-04-01,2024-08-08,2024-08-01,RRF,"Wrightington, Wigan And Leigh NHS Foundation Trust",QOP,NHS Greater Manchester Integrated Care Board,NORTH WEST,North West Commissioning Region
2024-08/System-Mapping.xls,2024-25,2024-07,2024-04-01,2024-08-08,2024-08-01,RRK,University Hospitals Birmingham NHS Foundation Trust,QHL,NHS Birmingham And Solihull Integrated Care Board,MIDLANDS,Midlands Commissioning Region
2024-08/System-Mapping.xls,2024-25,2024-07,2024-04-01,2024-08-08,2024-08-01,RRV,University College London Hospitals NHS Foundation Trust,QMJ,NHS North Central London Integrated Care Board,LONDON,London Commissioning Region
2024-08/System-Mapping.xls,2024-25,2024-07,2024-04-01,2024-08-08,2024-08-01,RTD,The Newcastle Upon Tyne Hospitals NHS Foundation Trust,QHM,NHS North East And North Cumbria Integrated Care Board,NORTH EAST AND YORKSHIRE,North East and Yorkshire Commissioning Region
2024-08/System-Mapping.xls,2024-25,2024-07,2024-04-01,2024-08-08,2024-08-01,RTE,Gloucestershire Hospitals NHS Foundation Trust,QR1,NHS Gloucestershire Integrated Care Board,SOUTH WEST,South West Commissioning Region
2024-08/System-Mapping.xls,2024-25,2024-07,2024-04-01,2024-08-08,2024-08-01,RTF,Northumbria Healthcare NHS Foundation Trust,QHM,NHS North East And North Cumbria Integrated Care Board,NORTH EAST AND YORKSHIRE,North East and Yorkshire Commissioning Region
2024-08/System-Mapping.xls,2024-25,2024-07,2024-04-01,2024-08-08,2024-08-01,RTG,University Hospitals Of Derby And Burton NHS Foundation Trust,QJ2,NHS Derby And Derbyshire Integrated Care Board,MIDLANDS,Midlands Commissioning Region
2024-08/System-Mapping.xls,2024-25,2024-07,2024-04-01,2024-08-08,2024-08-01,RTH,Oxford University Hospitals NHS Foundation Trust,QU9,"NHS Buckinghamshire, Oxfordshire And Berkshire West Integrated Care Board",SOUTH EAST,South East Commissioning Region
2024-08/System-Mapping.xls,2024-25,2024-07,2024-04-01,2024-08-08,2024-08-01,RTK,Ashford And St Peter's Hospitals NHS Foundation Trust,QXU,NHS Surrey Heartlands Integrated Care Board,SOUTH EAST,South East Commissioning Region
2024-08/System-Mapping.xls,2024-25,2024-07,2024-04-01,2024-08-08,2024-08-01,RTP,Surrey And Sussex Healthcare NHS Trust,QXU,NHS Surrey Heartlands Integrated Care Board,SOUTH EAST,South East Commissioning Region
2024-08/System-Mapping.xls,2024-25,2024-07,2024-04-01,2024-08-08,2024-08-01,RTQ,Gloucestershire Health And Care NHS Foundation Trust,QR1,NHS Gloucestershire Integrated Care Board,SOUTH WEST,South West Commissioning Region
2024-08/System-Mapping.xls,2024-25,2024-07,2024-04-01,2024-08-08,2024-08-01,RTR,South Tees Hospitals NHS Foundation Trust,QHM,NHS North East And North Cumbria Integrated Care Board,NORTH EAST AND YORKSHIRE,North East and Yorkshire Commissioning Region
2024-08/System-Mapping.xls,2024-25,2024-07,2024-04-01,2024-08-08,2024-08-01,RTX,University Hospitals Of Morecambe Bay NHS Foundation Trust,QE1,NHS Lancashire And South Cumbria Integrated Care Board,NORTH WEST,North West Commissioning Region
2024-08/System-Mapping.xls,2024-25,2024-07,2024-04-01,2024-08-08,2024-08-01,RV9,Humber Teaching NHS Foundation Trust,QOQ,NHS Humber And North Yorkshire Integrated Care Board,NORTH EAST AND YORKSHIRE,North East and Yorkshire Commissioning Region
2024-08/System-Mapping.xls,2024-25,2024-07,2024-04-01,2024-08-08,2024-08-01,RVJ,North Bristol NHS Trust,QUY,"NHS Bristol, North Somerset And South Gloucestershire Integrated Care Board",SOUTH WEST,South West Commissioning Region
2024-08/System-Mapping.xls,2024-25,2024-07,2024-04-01,2024-08-08,2024-08-01,RVR,Epsom And St Helier University Hospitals NHS Trust,QWE,NHS South West London Integrated Care Board,LONDON,London Commissioning Region
2024-08/System-Mapping.xls,2024-25,2024-07,2024-04-01,2024-08-08,2024-08-01,RVV,East Kent Hospitals University NHS Foundation Trust,QKS,NHS Kent And Medway Integrated Care Board,SOUTH EAST,South East Commissioning Region
2024-08/System-Mapping.xls,2024-25,2024-07,2024-04-01,2024-08-08,2024-08-01,RVW,North Tees And Hartlepool NHS Foundation Trust,QHM,NHS North East And North Cumbria Integrated Care Board,NORTH EAST AND YORKSHIRE,North East and Yorkshire Commissioning Region
2024-08/System-Mapping.xls,2024-25,2024-07,2024-04-01,2024-08-08,2024-08-01,RW1,Southern Health NHS Foundation Trust,QRL,NHS Hampshire And Isle Of Wight Integrated Care Board,SOUTH EAST,South East Commissioning Region
2024-08/System-Mapping.xls,2024-25,2024-07,2024-04-01,2024-08-08,2024-08-01,RW4,Mersey Care NHS Foundation Trust,QYG,NHS Cheshire And Merseyside Integrated Care Board,NORTH WEST,North West Commissioning Region
2024-08/System-Mapping.xls,2024-25,2024-07,2024-04-01,2024-08-08,2024-08-01,RWA,Hull University Teaching Hospitals NHS Trust,QOQ,NHS Humber And North Yorkshire Integrated Care Board,NORTH EAST AND YORKSHIRE,North East and Yorkshire Commissioning Region
2024-08/System-Mapping.xls,2024-25,2024-07,2024-04-01,2024-08-08,2024-08-01,RWD,United Lincolnshire Hospitals NHS Trust,QJM,NHS Lincolnshire Integrated Care Board,MIDLANDS,Midlands Commissioning Region
2024-08/System-Mapping.xls,2024-25,2024-07,2024-04-01,2024-08-08,2024-08-01,RWE,University Hospitals Of Leicester NHS Trust,QK1,"NHS Leicester, Leicestershire And Rutland Integrated Care Board",MIDLANDS,Midlands Commissioning Region
2024-08/System-Mapping.xls,2024-25,2024-07,2024-04-01,2024-08-08,2024-08-01,RWF,Maidstone And Tunbridge Wells NHS Trust,QKS,NHS Kent And Medway Integrated Care Board,SOUTH EAST,South East Commissioning Region
2024-08/System-Mapping.xls,2024-25,2024-07,2024-04-01,2024-08-08,2024-08-01,RWG,West Hertfordshire Teaching Hospitals NHS Trust,QM7,NHS Hertfordshire And West Essex Integrated Care Board,EAST OF ENGLAND,East of England Commissioning Region
2024-08/System-Mapping.xls,2024-25,2024-07,2024-04-01,2024-08-08,2024-08-01,RWH,East And North Hertfordshire NHS Trust,QM7,NHS Hertfordshire And West Essex Integrated Care Board,EAST OF ENGLAND,East of England Commissioning Region
2024-08/System-Mapping.xls,2024-25,2024-07,2024-04-01,2024-08-08,2024-08-01,RWJ,Stockport NHS Foundation Trust,QOP,NHS Greater Manchester Integrated Care Board,NORTH WEST,North West Commissioning Region
2024-08/System-Mapping.xls,2024-25,2024-07,2024-04-01,2024-08-08,2024-08-01,RWP,Worcestershire Acute Hospitals NHS Trust,QGH,NHS Herefordshire And Worcestershire Integrated Care Board,MIDLANDS,Midlands Commissioning Region
2024-08/System-Mapping.xls,2024-25,2024-07,2024-04-01,2024-08-08,2024-08-01,RWW,Warrington And Halton Teaching Hospitals NHS Foundation Trust,QYG,NHS Cheshire And Merseyside Integrated Care Board,NORTH WEST,North West Commissioning Region
2024-08/System-Mapping.xls,2024-25,2024-07,2024-04-01,2024-08-08,2024-08-01,RWX,Berkshire Healthcare NHS Foundation Trust,QU9,"NHS Buckinghamshire, Oxfordshire And Berkshire West Integrated Care Board",SOUTH EAST,South East Commissioning Region
2024-08/System-Mapping.xls,2024-25,2024-07,2024-04-01,2024-08-08,2024-08-01,RWY,Calderdale And Huddersfield NHS Foundation Trust,QWO,NHS West Yorkshire Integrated Care Board,NORTH EAST AND YORKSHIRE,North East and Yorkshire Commissioning Region
2024-08/System-Mapping.xls,2024-25,2024-07,2024-04-01,2024-08-08,2024-08-01,RX1,Nottingham University Hospitals NHS Trust,QT1,NHS Nottingham And Nottinghamshire Integrated Care Board,MIDLANDS,Midlands Commissioning Region
2024-08/System-Mapping.xls,2024-25,2024-07,2024-04-01,2024-08-08,2024-08-01,RXC,East Sussex Healthcare NHS Trust,QNX,NHS Sussex Integrated Care Board,SOUTH EAST,South East Commissioning Region
2024-08/System-Mapping.xls,2024-25,2024-07,2024-04-01,2024-08-08,2024-08-01,RXF,Mid Yorkshire Hospitals NHS Trust,QWO,NHS West Yorkshire Integrated Care Board,NORTH EAST AND YORKSHIRE,North East and Yorkshire Commissioning Region
2024-08/System-Mapping.xls,2024-25,2024-07,2024-04-01,2024-08-08,2024-08-01,RXG,South West Yorkshire Partnership NHS Foundation Trust,QWO,NHS West Yorkshire Integrated Care Board,NORTH EAST AND YORKSHIRE,North East and Yorkshire Commissioning Region
2024-08/System-Mapping.xls,2024-25,2024-07,2024-04-01,2024-08-08,2024-08-01,RXK,Sandwell And West Birmingham Hospitals NHS Trust,QUA,NHS Black Country Integrated Care Board,MIDLANDS,Midlands Commissioning Region
2024-08/System-Mapping.xls,2024-25,2024-07,2024-04-01,2024-08-08,2024-08-01,RXL,Blackpool Teaching Hospitals NHS Foundation Trust,QE1,NHS Lancashire And South Cumbria Integrated Care Board,NORTH WEST,North West Commissioning Region
2024-08/System-Mapping.xls,2024-25,2024-07,2024-04-01,2024-08-08,2024-08-01,RXN,Lancashire Teaching Hospitals NHS Foundation Trust,QE1,NHS Lancashire And South Cumbria Integrated Care Board,NORTH WEST,North West Commissioning Region
2024-08/System-Mapping.xls,2024-25,2024-07,2024-04-01,2024-08-08,2024-08-01,RXP,County Durham And Darlington NHS Foundation Trust,QHM,NHS North East And North Cumbria Integrated Care Board,NORTH EAST AND YORKSHIRE,North East and Yorkshire Commissioning Region
2024-08/System-Mapping.xls,2024-25,2024-07,2024-04-01,2024-08-08,2024-08-01,RXQ,Buckinghamshire Healthcare NHS Trust,QU9,"NHS Buckinghamshire, Oxfordshire And Berkshire West Integrated Care Board",SOUTH EAST,South East Commissioning Region
2024-08/System-Mapping.xls,2024-25,2024-07,2024-04-01,2024-08-08,2024-08-01,RXR,East Lancashire Hospitals NHS Trust,QE1,NHS Lancashire And South Cumbria Integrated Care Board,NORTH WEST,North West Commissioning Region
2024-08/System-Mapping.xls,2024-25,2024-07,2024-04-01,2024-08-08,2024-08-01,RXW,The Shrewsbury And Telford Hospital NHS Trust,QOC,"NHS Shropshire, Telford And Wrekin Integrated Care Board",MIDLANDS,Midlands Commissioning Region
2024-08/System-Mapping.xls,2024-25,2024-07,2024-04-01,2024-08-08,2024-08-01,RY2,Bridgewater Community Healthcare NHS Foundation Trust,QYG,NHS Cheshire And Merseyside Integrated Care Board,NORTH WEST,North West Commissioning Region
2024-08/System-Mapping.xls,2024-25,2024-07,2024-04-01,2024-08-08,2024-08-01,RY4,Hertfordshire Community NHS Trust,QM7,NHS Hertfordshire And West Essex Integrated Care Board,EAST OF ENGLAND,East of England Commissioning Region
2024-08/System-Mapping.xls,2024-25,2024-07,2024-04-01,2024-08-08,2024-08-01,RY5,Lincolnshire Community Health Services NHS Trust,QJM,NHS Lincolnshire Integrated Care Board,MIDLANDS,Midlands Commissioning Region
2024-08/System-Mapping.xls,2024-25,2024-07,2024-04-01,2024-08-08,2024-08-01,RY7,Wirral Community Health And Care NHS Foundation Trust,QYG,NHS Cheshire And Merseyside Integrated Care Board,NORTH WEST,North West Commissioning Region
2024-08/System-Mapping.xls,2024-25,2024-07,2024-04-01,2024-08-08,2024-08-01,RY8,Derbyshire Community Health Services NHS Foundation Trust,QJ2,NHS Derby And Derbyshire Integrated Care Board,MIDLANDS,Midlands Commissioning Region
2024-08/System-Mapping.xls,2024-25,2024-07,2024-04-01,2024-08-08,2024-08-01,RY9,Hounslow And Richmond Community Healthcare NHS Trust,QWE,NHS South West London Integrated Care Board,LONDON,London Commissioning Region
2024-08/System-Mapping.xls,2024-25,2024-07,2024-04-01,2024-08-08,2024-08-01,RYF,South Western Ambulance Service NHS Foundation Trust,QJK,NHS Devon Integrated Care Board,SOUTH WEST,South West Commissioning Region
2024-08/System-Mapping.xls,2024-25,2024-07,2024-04-01,2024-08-08,2024-08-01,RYG,Coventry and Warwickshire Partnership NHS Trust,QWU,NHS Coventry And Warwickshire Integrated Care Board,MIDLANDS,Midlands Commissioning Region
2024-08/System-Mapping.xls,2024-25,2024-07,2024-04-01,2024-08-08,2024-08-01,RYJ,Imperial College Healthcare NHS Trust,QRV,NHS North West London Integrated Care Board,LONDON,London Commissioning Region
2024-08/System-Mapping.xls,2024-25,2024-07,2024-04-01,2024-08-08,2024-08-01,RYR,University Hospitals Sussex NHS Foundation Trust,QNX,NHS Sussex Integrated Care Board,SOUTH EAST,South East Commissioning Region
2024-08/System-Mapping.xls,2024-25,2024-07,2024-04-01,2024-08-08,2024-08-01,RYX,Central London Community Healthcare NHS Trust,QRV,NHS North West London Integrated Care Board,LONDON,London Commissioning Region
2024-08/System-Mapping.xls,2024-25,2024-07,2024-04-01,2024-08-08,2024-08-01,RYY,Kent Community Health NHS Foundation Trust,QKS,NHS Kent And Medway Integrated Care Board,SOUTH EAST,South East Commissioning Region
2024-08/System-Mapping.xls,2024-25,2024-07,2024-04-01,2024-08-08,2024-08-01,Y00751,East Berks Primary Care Ooh(Wam),QNQ,NHS Frimley Integrated Care Board,SOUTH EAST,South East Commissioning Region
2024-08/System-Mapping.xls,2024-25,2024-07,2024-04-01,2024-08-08,2024-08-01,Y02147,Urgent Care Centre (Qms),QKK,NHS South East London Integrated Care Board,LONDON,London Commissioning Region
2024-08/System-Mapping.xls,2024-25,2024-07,2024-04-01,2024-08-08,2024-08-01,Y02428,Putnoe Medical Centre Walk In Centre,QHG,"NHS Bedfordshire, Luton And Milton Keynes Integrated Care Board",EAST OF ENGLAND,East of England Commissioning Region
2024-08/System-Mapping.xls,2024-25,2024-07,2024-04-01,2024-08-08,2024-08-01,Y02532,Miriam Minor Emergency,QYG,NHS Cheshire And Merseyside Integrated Care Board,NORTH WEST,North West Commissioning Region
2024-08/System-Mapping.xls,2024-25,2024-07,2024-04-01,2024-08-08,2024-08-01,Y02615,South Birmingham GP Walk In Centre,QHL,NHS Birmingham And Solihull Integrated Care Board,MIDLANDS,Midlands Commissioning Region
2024-08/System-Mapping.xls,2024-25,2024-07,2024-04-01,2024-08-08,2024-08-01,Y02676,Brighton Station Health Centre,QNX,NHS Sussex Integrated Care Board,SOUTH EAST,South East Commissioning Region
2024-08/System-Mapping.xls,2024-25,2024-07,2024-04-01,2024-08-08,2024-08-01,Y03007,Erdington GP Health & Wellbeing Wic,QHL,NHS Birmingham And Solihull Integrated Care Board,MIDLANDS,Midlands Commissioning Region
2024-08/System-Mapping.xls,2024-25,2024-07,2024-04-01,2024-08-08,2024-08-01,Y03218,The Pinn Unregistered Wic,QRV,NHS North West London Integrated Care Board,LONDON,London Commissioning Region
2024-08/System-Mapping.xls,2024-25,2024-07,2024-04-01,2024-08-08,2024-08-01,Y03571,Corby Urgent Care Centre,QPM,NHS Northamptonshire Integrated Care Board,MIDLANDS,Midlands Commissioning Region
2024-08/System-Mapping.xls,2024-25,2024-07,2024-04-01,2024-08-08,2024-08-01,Y04538,Bracknell Urgent Care Centre Wic,QNQ,NHS Frimley Integrated Care Board,SOUTH EAST,South East Commissioning Region
2024-08/System-Mapping.xls,2024-25,2024-07,2024-04-01,2024-08-08,2024-08-01,Y07709,Reading Urgent Care Centre,QU9,"NHS Buckinghamshire, Oxfordshire And Berkshire West Integrated Care Board",SOUTH EAST,South East Commissioning Region
2025-02/System-Mapping.xls,2024-25,2025-01,2024-04-01,2025-02-13,2025-02-13,8J094,Badger Ltd,QHL,NHS Birmingham And Solihull Integrated Care Board,MIDLANDS,Midlands Commissioning Region
2025-02/System-Mapping.xls,2024-25,2025-01,2024-04-01,2025-02-13,2025-02-13,AAH,Tetbury Hospital Trust Ltd,QR1,NHS Gloucestershire Integrated Care Board,SOUTH WEST,South West Commissioning Region
2025-02/System-Mapping.xls,2024-25,2025-01,2024-04-01,2025-02-13,2025-02-13,ACH01,Whitstable Medical Practice,QKS,NHS Kent And Medway Integrated Care Board,SOUTH EAST,South East Commissioning Region
2025-02/System-Mapping.xls,2024-25,2025-01,2024-04-01,2025-02-13,2025-02-13,AD913,Beckenham Beacon Ucc,QKK,NHS South East London Integrated Care Board,LONDON,London Commissioning Region
2025-02/System-Mapping.xls,2024-25,2025-01,2024-04-01,2025-02-13,2025-02-13,AJN,Workington Health Limited,QHM,NHS North East And North Cumbria Integrated Care Board,NORTH EAST AND YORKSHIRE,North East and Yorkshire Commissioning Region
2025-02/System-Mapping.xls,2024-25,2025-01,2024-04-01,2025-02-13,2025-02-13,AQN04,Phl Lymington Utc,QRL,NHS Hampshire And Isle Of Wight Integrated Care Board,SOUTH EAST,South East Commissioning Region
2025-02/System-Mapping.xls,2024-25,2025-01,2024-04-01,2025-02-13,2025-02-13,ARN03,Local Care Direct,QWO,NHS West Yorkshire Integrated Care Board,NORTH EAST AND YORKSHIRE,North East and Yorkshire Commissioning Region
2025-02/System-Mapping.xls,2024-25,2025-01,2024-04-01,2025-02-13,2025-02-13,AXG,Wiltshire Health & Care,QOX,"NHS Bath And North East Somerset, Swindon And Wiltshire Integrated Care Board",SOUTH WEST,South West Commissioning Region
2025-02/System-Mapping.xls,2024-25,2025-01,2024-04-01,2025-02-13,2025-02-13,C82009,Market Harborough Med.Ctr,QK1,"NHS Leicester, Leicestershire And Rutland Integrated Care Board",MIDLANDS,Midlands Commissioning Region
2025-02/System-Mapping.xls,2024-25,2025-01,2024-04-01,2025-02-13,2025-02-13,C82038,Latham House Medical Practice,QK1,"NHS Leicester, Leicestershire And Rutland Integrated Care Board",MIDLANDS,Midlands Commissioning Region
2025-02/System-Mapping.xls,2024-25,2025-01,2024-04-01,2025-02-13,2025-02-13,C83023,Sleaford Medical Group,QJM,NHS Lincolnshire Integrated Care Board,MIDLANDS,Midlands Commissioning Region
2025-02/System-Mapping.xls,2024-25,2025-01,2024-04-01,2025-02-13,2025-02-13,DD401,Exmouth Minor Injury Unit,QJK,NHS Devon Integrated Care Board,SOUTH WEST,South West Commissioning Region
2025-02/System-Mapping.xls,2024-25,2025-01,2024-04-01,2025-02-13,2025-02-13,DT301,Herts Urgent Care (Ascots Lane),QM7,NHS Hertfordshire And West Essex Integrated Care Board,EAST OF ENGLAND,East of England Commissioning Region
2025-02/System-Mapping.xls,2024-25,2025-01,2024-04-01,2025-02-13,2025-02-13,G0Q0L,Barking Hospital UTC,QMF,NHS North East London Integrated Care Board,LONDON,London Commissioning Region
2025-02/System-Mapping.xls,2024-25,2025-01,2024-04-01,2025-02-13,2025-02-13,K6K0R,Harold Wood Polyclinic UTC,QMF,NHS North East London Integrated Care Board,LONDON,London Commissioning Region
2025-02/System-Mapping.xls,2024-25,2025-01,2024-04-01,2025-02-13,2025-02-13,L83087,Okehampton Medical Centre,QJK,NHS Devon Integrated Care Board,SOUTH WEST,South West Commissioning Region
2025-02/System-Mapping.xls,2024-25,2025-01,2024-04-01,2025-02-13,2025-02-13,NDA57,Haslemere Minor Injuries Unit,QXU,NHS Surrey Heartlands Integrated Care Board,SOUTH EAST,South East Commissioning Region
2025-02/System-Mapping.xls,2024-25,2025-01,2024-04-01,2025-02-13,2025-02-13,NDJ,First Community Health And Care Cic,QNX,NHS Sussex Integrated Care Board,SOUTH EAST,South East Commissioning Region
2025-02/System-Mapping.xls,2024-25,2025-01,2024-04-01,2025-02-13,2025-02-13,NL7,Assura Vertis Urgent Care Centres (Birmingham),QHL,NHS Birmingham And Solihull Integrated Care Board,MIDLANDS,Midlands Commissioning Region
2025-02/System-Mapping.xls,2024-25,2025-01,2024-04-01,2025-02-13,2025-02-13,NLX,Sirona Care & Health,QUY,"NHS Bristol, North Somerset And South Gloucestershire Integrated Care Board",SOUTH WEST,South West Commissioning Region
2025-02/System-Mapping.xls,2024-25,2025-01,2024-04-01,2025-02-13,2025-02-13,NNF09,Bransholme Health Centre,QOQ,NHS Humber And North Yorkshire Integrated Care Board,NORTH EAST AND YORKSHIRE,North East and Yorkshire Commissioning Region
2025-02/System-Mapping.xls,2024-25,2025-01,2024-04-01,2025-02-13,2025-02-13,NNF16,Bridlington Hospital,QOQ,NHS Humber And North Yorkshire Integrated Care Board,NORTH EAST AND YORKSHIRE,North East and Yorkshire Commissioning Region
2025-02/System-Mapping.xls,2024-25,2025-01,2024-04-01,2025-02-13,2025-02-13,NNF76,The Wilberforce Health Centre,QOQ,NHS Humber And North Yorkshire Integrated Care Board,NORTH EAST AND YORKSHIRE,North East and Yorkshire Commissioning Region
2025-02/System-Mapping.xls,2024-25,2025-01,2024-04-01,2025-02-13,2025-02-13,NNF94,East Riding Community Hospital,QOQ,NHS Humber And North Yorkshire Integrated Care Board,NORTH EAST AND YORKSHIRE,North East and Yorkshire Commissioning Region
2025-02/System-Mapping.xls,2024-25,2025-01,2024-04-01,2025-02-13,2025-02-13,NNFA7,Goole & District Hospital,QOQ,NHS Humber And North Yorkshire Integrated Care Board,NORTH EAST AND YORKSHIRE,North East and Yorkshire Commissioning Region
2025-02/System-Mapping.xls,2024-25,2025-01,2024-04-01,2025-02-13,2025-02-13,NNJ,Dhu Health Care C.I.C,QJ2,NHS Derby And Derbyshire Integrated Care Board,MIDLANDS,Midlands Commissioning Region
2025-02/System-Mapping.xls,2024-25,2025-01,2024-04-01,2025-02-13,2025-02-13,NNJ07,Loughborough Urgent Care Centre,QK1,"NHS Leicester, Leicestershire And Rutland Integrated Care Board",MIDLANDS,Midlands Commissioning Region
2025-02/System-Mapping.xls,2024-25,2025-01,2024-04-01,2025-02-13,2025-02-13,NNJ0H,Llr Ea - The Merlyn Vaz Health & Social Care Centre,QK1,"NHS Leicester, Leicestershire And Rutland Integrated Care Board",MIDLANDS,Midlands Commissioning Region
2025-02/System-Mapping.xls,2024-25,2025-01,2024-04-01,2025-02-13,2025-02-13,NNJ12,Market Harborough,QK1,"NHS Leicester, Leicestershire And Rutland Integrated Care Board",MIDLANDS,Midlands Commissioning Region
2025-02/System-Mapping.xls,2024-25,2025-01,2024-04-01,2025-02-13,2025-02-13,NNJ13,Melton Mowbray,QK1,"NHS Leicester, Leicestershire And Rutland Integrated Care Board",MIDLANDS,Midlands Commissioning Region
2025-02/System-Mapping.xls,2024-25,2025-01,2024-04-01,2025-02-13,2025-02-13,NNJ14,Oadby,QK1,"NHS Leicester, Leicestershire And Rutland Integrated Care Board",MIDLANDS,Midlands Commissioning Region
2025-02/System-Mapping.xls,2024-25,2025-01,2024-04-01,2025-02-13,2025-02-13,NNJ15,Oakham,QK1,"NHS Leicester, Leicestershire And Rutland Integrated Care Board",MIDLANDS,Midlands Commissioning Region
2025-02/System-Mapping.xls,2024-25,2025-01,2024-04-01,2025-02-13,2025-02-13,NQT51,Station Plaza Health Centre,QNX,NHS Sussex Integrated Care Board,SOUTH EAST,South East Commissioning Region
2025-02/System-Mapping.xls,2024-25,2025-01,2024-04-01,2025-02-13,2025-02-13,NQT5F,Skelmersdale Walk In Centre,QE1,NHS Lancashire And South Cumbria Integrated Care Board,NORTH WEST,North West Commissioning Region
2025-02/System-Mapping.xls,2024-25,2025-01,2024-04-01,2025-02-13,2025-02-13,NQT5H,Paulton Memorial Hospital,QOX,"NHS Bath And North East Somerset, Swindon And Wiltshire Integrated Care Board",SOUTH WEST,South West Commissioning Region
2025-02/System-Mapping.xls,2024-25,2025-01,2024-04-01,2025-02-13,2025-02-13,NQTE4,Summerfield Urgent Care Centre,QUA,NHS Black Country Integrated Care Board,MIDLANDS,Midlands Commissioning Region
2025-02/System-Mapping.xls,2024-25,2025-01,2024-04-01,2025-02-13,2025-02-13,NR3,Nottingham Citycare Partnership,QT1,NHS Nottingham And Nottinghamshire Integrated Care Board,MIDLANDS,Midlands Commissioning Region
2025-02/System-Mapping.xls,2024-25,2025-01,2024-04-01,2025-02-13,2025-02-13,NTP11,Practice Plus Group Hospital - Southampton,QRL,NHS Hampshire And Isle Of Wight Integrated Care Board,SOUTH EAST,South East Commissioning Region
2025-02/System-Mapping.xls,2024-25,2025-01,2024-04-01,2025-02-13,2025-02-13,NTPAD,Practice Plus Group Surgical Centre - St Marys Portsmouth,QRL,NHS Hampshire And Isle Of Wight Integrated Care Board,SOUTH EAST,South East Commissioning Region
2025-02/System-Mapping.xls,2024-25,2025-01,2024-04-01,2025-02-13,2025-02-13,NTV0B,Ashford Walk-In-Centre,QXU,NHS Surrey Heartlands Integrated Care Board,SOUTH EAST,South East Commissioning Region
2025-02/System-Mapping.xls,2024-25,2025-01,2024-04-01,2025-02-13,2025-02-13,NTV0W,Woking Walk In Centre,QXU,NHS Surrey Heartlands Integrated Care Board,SOUTH EAST,South East Commissioning Region
2025-02/System-Mapping.xls,2024-25,2025-01,2024-04-01,2025-02-13,2025-02-13,NV693,Rossendale Miu & Ooh,QE1,NHS Lancashire And South Cumbria Integrated Care Board,NORTH WEST,North West Commissioning Region
2025-02/System-Mapping.xls,2024-25,2025-01,2024-04-01,2025-02-13,2025-02-13,R0A,Manchester University NHS Foundation Trust,QOP,NHS Greater Manchester Integrated Care Board,NORTH WEST,North West Commissioning Region
2025-02/System-Mapping.xls,2024-25,2025-01,2024-04-01,2025-02-13,2025-02-13,R0B,South Tyneside And Sunderland NHS Foundation Trust,QHM,NHS North East And North Cumbria Integrated Care Board,NORTH EAST AND YORKSHIRE,North East and Yorkshire Commissioning Region
2025-02/System-Mapping.xls,2024-25,2025-01,2024-04-01,2025-02-13,2025-02-13,R0D,University Hospitals Dorset NHS Foundation Trust,QVV,NHS Dorset Integrated Care Board,SOUTH WEST,South West Commissioning Region
2025-02/System-Mapping.xls,2024-25,2025-01,2024-04-01,2025-02-13,2025-02-13,R1D,Shropshire Community Health NHS Trust,QOC,"NHS Shropshire, Telford And Wrekin Integrated Care Board",MIDLANDS,Midlands Commissioning Region
2025-02/System-Mapping.xls,2024-25,2025-01,2024-04-01,2025-02-13,2025-02-13,R1F,Isle Of Wight NHS Trust,QRL,NHS Hampshire And Isle Of Wight Integrated Care Board,SOUTH EAST,South East Commissioning Region
2025-02/System-Mapping.xls,2024-25,2025-01,2024-04-01,2025-02-13,2025-02-13,R1H,Barts Health NHS Trust,QMF,NHS North East London Integrated Care Board,LONDON,London Commissioning Region
2025-02/System-Mapping.xls,2024-25,2025-01,2024-04-01,2025-02-13,2025-02-13,R1K,London North West University Healthcare NHS Trust,QRV,NHS North West London Integrated Care Board,LONDON,London Commissioning Region
2025-02/System-Mapping.xls,2024-25,2025-01,2024-04-01,2025-02-13,2025-02-13,RA2,Royal Surrey County Hospital NHS Foundation Trust,QXU,NHS Surrey Heartlands Integrated Care Board,SOUTH EAST,South East Commissioning Region
2025-02/System-Mapping.xls,2024-25,2025-01,2024-04-01,2025-02-13,2025-02-13,RA7,University Hospitals Bristol And Weston NHS Foundation Trust,QUY,"NHS Bristol, North Somerset And South Gloucestershire Integrated Care Board",SOUTH WEST,South West Commissioning Region
2025-02/System-Mapping.xls,2024-25,2025-01,2024-04-01,2025-02-13,2025-02-13,RA9,Torbay And South Devon NHS Foundation Trust,QJK,NHS Devon Integrated Care Board,SOUTH WEST,South West Commissioning Region
2025-02/System-Mapping.xls,2024-25,2025-01,2024-04-01,2025-02-13,2025-02-13,RAE,Bradford Teaching Hospitals NHS Foundation Trust,QWO,NHS West Yorkshire Integrated Care Board,NORTH EAST AND YORKSHIRE,North East and Yorkshire Commissioning Region
2025-02/System-Mapping.xls,2024-25,2025-01,2024-04-01,2025-02-13,2025-02-13,RAJ,Mid And South Essex NHS Foundation Trust,QH8,NHS Mid And South Essex Integrated Care Board,EAST OF ENGLAND,East of England Commissioning Region
2025-02/System-Mapping.xls,2024-25,2025-01,2024-04-01,2025-02-13,2025-02-13,RAL,Royal Free London NHS Foundation Trust,QMJ,NHS North Central London Integrated Care Board,LONDON,London Commissioning Region
2025-02/System-Mapping.xls,2024-25,2025-01,2024-04-01,2025-02-13,2025-02-13,RAN,Royal National Orthopaedic Hospital NHS Trust,QMJ,NHS North Central London Integrated Care Board,LONDON,London Commissioning Region
2025-02/System-Mapping.xls,2024-25,2025-01,2024-04-01,2025-02-13,2025-02-13,RAS,The Hillingdon Hospitals NHS Foundation Trust,QRV,NHS North West London Integrated Care Board,LONDON,London Commissioning Region
2025-02/System-Mapping.xls,2024-25,2025-01,2024-04-01,2025-02-13,2025-02-13,RAT,North East London NHS Foundation Trust,QMF,NHS North East London Integrated Care Board,LONDON,London Commissioning Region
2025-02/System-Mapping.xls,2024-25,2025-01,2024-04-01,2025-02-13,2025-02-13,RAX,Kingston and Richmond NHS Foundation Trust,QWE,NHS South West London Integrated Care Board,LONDON,London Commissioning Region
2025-02/System-Mapping.xls,2024-25,2025-01,2024-04-01,2025-02-13,2025-02-13,RBD,Dorset County Hospital NHS Foundation Trust,QVV,NHS Dorset Integrated Care Board,SOUTH WEST,South West Commissioning Region
2025-02/System-Mapping.xls,2024-25,2025-01,2024-04-01,2025-02-13,2025-02-13,RBK,Walsall Healthcare NHS Trust,QUA,NHS Black Country Integrated Care Board,MIDLANDS,Midlands Commissioning Region
2025-02/System-Mapping.xls,2024-25,2025-01,2024-04-01,2025-02-13,2025-02-13,RBL,Wirral University Teaching Hospital NHS Foundation Trust,QYG,NHS Cheshire And Merseyside Integrated Care Board,NORTH WEST,North West Commissioning Region
2025-02/System-Mapping.xls,2024-25,2025-01,2024-04-01,2025-02-13,2025-02-13,RBN,Mersey And West Lancashire Teaching Hospitals NHS Trust,QYG,NHS Cheshire And Merseyside Integrated Care Board,NORTH WEST,North West Commissioning Region
2025-02/System-Mapping.xls,2024-25,2025-01,2024-04-01,2025-02-13,2025-02-13,RBQ,Liverpool Heart And Chest Hospital NHS Foundation Trust,QYG,NHS Cheshire And Merseyside Integrated Care Board,NORTH WEST,North West Commissioning Region
2025-02/System-Mapping.xls,2024-25,2025-01,2024-04-01,2025-02-13,2025-02-13,RBS,Alder Hey Children's NHS Foundation Trust,QYG,NHS Cheshire And Merseyside Integrated Care Board,NORTH WEST,North West Commissioning Region
2025-02/System-Mapping.xls,2024-25,2025-01,2024-04-01,2025-02-13,2025-02-13,RBT,Mid Cheshire Hospitals NHS Foundation Trust,QYG,NHS Cheshire And Merseyside Integrated Care Board,NORTH WEST,North West Commissioning Region
2025-02/System-Mapping.xls,2024-25,2025-01,2024-04-01,2025-02-13,2025-02-13,RBV,The Christie NHS Foundation Trust,QOP,NHS Greater Manchester Integrated Care Board,NORTH WEST,North West Commissioning Region
2025-02/System-Mapping.xls,2024-25,2025-01,2024-04-01,2025-02-13,2025-02-13,RC9,Bedfordshire Hospitals NHS Foundation Trust,QHG,"NHS Bedfordshire, Luton And Milton Keynes Integrated Care Board",EAST OF ENGLAND,East of England Commissioning Region
2025-02/System-Mapping.xls,2024-25,2025-01,2024-04-01,2025-02-13,2025-02-13,RCB,York And Scarborough Teaching Hospitals NHS Foundation Trust,QOQ,NHS Humber And North Yorkshire Integrated Care Board,NORTH EAST AND YORKSHIRE,North East and Yorkshire Commissioning Region
2025-02/System-Mapping.xls,2024-25,2025-01,2024-04-01,2025-02-13,2025-02-13,RCD,Harrogate And District NHS Foundation Trust,QOQ,NHS Humber And North Yorkshire Integrated Care Board,NORTH EAST AND YORKSHIRE,North East and Yorkshire Commissioning Region
2025-02/System-Mapping.xls,2024-25,2025-01,2024-04-01,2025-02-13,2025-02-13,RCF,Airedale NHS Foundation Trust,QWO,NHS West Yorkshire Integrated Care Board,NORTH EAST AND YORKSHIRE,North East and Yorkshire Commissioning Region
2025-02/System-Mapping.xls,2024-25,2025-01,2024-04-01,2025-02-13,2025-02-13,RCU,Sheffield Children's NHS Foundation Trust,QF7,NHS South Yorkshire Integrated Care Board,NORTH EAST AND YORKSHIRE,North East and Yorkshire Commissioning Region
2025-02/System-Mapping.xls,2024-25,2025-01,2024-04-01,2025-02-13,2025-02-13,RCX,"The Queen Elizabeth Hospital, King's Lynn, NHS Foundation Trust",QMM,NHS Norfolk And Waveney Integrated Care Board,EAST OF ENGLAND,East of England Commissioning Region
2025-02/System-Mapping.xls,2024-25,2025-01,2024-04-01,2025-02-13,2025-02-13,RD1,Royal United Hospitals Bath NHS Foundation Trust,QOX,"NHS Bath And North East Somerset, Swindon And Wiltshire Integrated Care Board",SOUTH WEST,South West Commissioning Region
2025-02/System-Mapping.xls,2024-25,2025-01,2024-04-01,2025-02-13,2025-02-13,RD8,Milton Keynes University Hospital NHS Foundation Trust,QHG,"NHS Bedfordshire, Luton And Milton Keynes Integrated Care Board",EAST OF ENGLAND,East of England Commissioning Region
2025-02/System-Mapping.xls,2024-25,2025-01,2024-04-01,2025-02-13,2025-02-13,RDE,East Suffolk And North Essex NHS Foundation Trust,QJG,NHS Suffolk And North East Essex Integrated Care Board,EAST OF ENGLAND,East of England Commissioning Region
2025-02/System-Mapping.xls,2024-25,2025-01,2024-04-01,2025-02-13,2025-02-13,RDR,Sussex Community NHS Foundation Trust,QNX,NHS Sussex Integrated Care Board,SOUTH EAST,South East Commissioning Region
2025-02/System-Mapping.xls,2024-25,2025-01,2024-04-01,2025-02-13,2025-02-13,RDU,Frimley Health NHS Foundation Trust,QNQ,NHS Frimley Integrated Care Board,SOUTH EAST,South East Commissioning Region
2025-02/System-Mapping.xls,2024-25,2025-01,2024-04-01,2025-02-13,2025-02-13,RDY,Dorset Healthcare University NHS Foundation Trust,QVV,NHS Dorset Integrated Care Board,SOUTH WEST,South West Commissioning Region
2025-02/System-Mapping.xls,2024-25,2025-01,2024-04-01,2025-02-13,2025-02-13,REF,Royal Cornwall Hospitals NHS Trust,QT6,NHS Cornwall And The Isles Of Scilly Integrated Care Board,SOUTH WEST,South West Commissioning Region
2025-02/System-Mapping.xls,2024-25,2025-01,2024-04-01,2025-02-13,2025-02-13,REM,Liverpool University Hospitals NHS Foundation Trust,QYG,NHS Cheshire And Merseyside Integrated Care Board,NORTH WEST,North West Commissioning Region
2025-02/System-Mapping.xls,2024-25,2025-01,2024-04-01,2025-02-13,2025-02-13,REP,Liverpool Women's NHS Foundation Trust,QYG,NHS Cheshire And Merseyside Integrated Care Board,NORTH WEST,North West Commissioning Region
2025-02/System-Mapping.xls,2024-25,2025-01,2024-04-01,2025-02-13,2025-02-13,RET,The Walton Centre NHS Foundation Trust,QYG,NHS Cheshire And Merseyside Integrated Care Board,NORTH WEST,North West Commissioning Region
2025-02/System-Mapping.xls,2024-25,2025-01,2024-04-01,2025-02-13,2025-02-13,RF4,"Barking, Havering And Redbridge University Hospitals NHS Trust",QMF,NHS North East London Integrated Care Board,LONDON,London Commissioning Region
2025-02/System-Mapping.xls,2024-25,2025-01,2024-04-01,2025-02-13,2025-02-13,RFF,Barnsley Hospital NHS Foundation Trust,QF7,NHS South Yorkshire Integrated Care Board,NORTH EAST AND YORKSHIRE,North East and Yorkshire Commissioning Region
2025-02/System-Mapping.xls,2024-25,2025-01,2024-04-01,2025-02-13,2025-02-13,RFR,The Rotherham NHS Foundation Trust,QF7,NHS South Yorkshire Integrated Care Board,NORTH EAST AND YORKSHIRE,North East and Yorkshire Commissioning Region
2025-02/System-Mapping.xls,2024-25,2025-01,2024-04-01,2025-02-13,2025-02-13,RFS,Chesterfield Royal Hospital NHS Foundation Trust,QJ2,NHS Derby And Derbyshire Integrated Care Board,MIDLANDS,Midlands Commissioning Region
2025-02/System-Mapping.xls,2024-25,2025-01,2024-04-01,2025-02-13,2025-02-13,RGN,North West Anglia NHS Foundation Trust,QUE,NHS Cambridgeshire And Peterborough Integrated Care Board,EAST OF ENGLAND,East of England Commissioning Region
2025-02/System-Mapping.xls,2024-25,2025-01,2024-04-01,2025-02-13,2025-02-13,RGP,James Paget University Hospitals NHS Foundation Trust,QMM,NHS Norfolk And Waveney Integrated Care Board,EAST OF ENGLAND,East of England Commissioning Region
2025-02/System-Mapping.xls,2024-25,2025-01,2024-04-01,2025-02-13,2025-02-13,RGR,West Suffolk NHS Foundation Trust,QJG,NHS Suffolk And North East Essex Integrated Care Board,EAST OF ENGLAND,East of England Commissioning Region
2025-02/System-Mapping.xls,2024-25,2025-01,2024-04-01,2025-02-13,2025-02-13,RGT,Cambridge University Hospitals NHS Foundation Trust,QUE,NHS Cambridgeshire And Peterborough Integrated Care Board,EAST OF ENGLAND,East of England Commissioning Region
2025-02/System-Mapping.xls,2024-25,2025-01,2024-04-01,2025-02-13,2025-02-13,RH5,Somerset NHS Foundation Trust,QSL,NHS Somerset Integrated Care Board,SOUTH WEST,South West Commissioning Region
2025-02/System-Mapping.xls,2024-25,2025-01,2024-04-01,2025-02-13,2025-02-13,RH8,Royal Devon University Healthcare NHS Foundation Trust,QJK,NHS Devon Integrated Care Board,SOUTH WEST,South West Commissioning Region
2025-02/System-Mapping.xls,2024-25,2025-01,2024-04-01,2025-02-13,2025-02-13,RHM,University Hospital Southampton NHS Foundation Trust,QRL,NHS Hampshire And Isle Of Wight Integrated Care Board,SOUTH EAST,South East Commissioning Region
2025-02/System-Mapping.xls,2024-25,2025-01,2024-04-01,2025-02-13,2025-02-13,RHQ,Sheffield Teaching Hospitals NHS Foundation Trust,QF7,NHS South Yorkshire Integrated Care Board,NORTH EAST AND YORKSHIRE,North East and Yorkshire Commissioning Region
2025-02/System-Mapping.xls,2024-25,2025-01,2024-04-01,2025-02-13,2025-02-13,RHU,Portsmouth Hospitals University National Health Service Trust,QRL,NHS Hampshire And Isle Of Wight Integrated Care Board,SOUTH EAST,South East Commissioning Region
2025-02/System-Mapping.xls,2024-25,2025-01,2024-04-01,2025-02-13,2025-02-13,RHW,Royal Berkshire NHS Foundation Trust,QU9,"NHS Buckinghamshire, Oxfordshire And Berkshire West Integrated Care Board",SOUTH EAST,South East Commissioning Region
2025-02/System-Mapping.xls,2024-25,2025-01,2024-04-01,2025-02-13,2025-02-13,RJ1,Guy's And St Thomas' NHS Foundation Trust,QKK,NHS South East London Integrated Care Board,LONDON,London Commissioning Region
2025-02/System-Mapping.xls,2024-25,2025-01,2024-04-01,2025-02-13,2025-02-13,RJ2,Lewisham And Greenwich NHS Trust,QKK,NHS South East London Integrated Care Board,LONDON,London Commissioning Region
2025-02/System-Mapping.xls,2024-25,2025-01,2024-04-01,2025-02-13,2025-02-13,RJ6,Croydon Health Services NHS Trust,QWE,NHS South West London Integrated Care Board,LONDON,London Commissioning Region
2025-02/System-Mapping.xls,2024-25,2025-01,2024-04-01,2025-02-13,2025-02-13,RJ7,St George's University Hospitals NHS Foundation Trust,QWE,NHS South West London Integrated Care Board,LONDON,London Commissioning Region
2025-02/System-Mapping.xls,2024-25,2025-01,2024-04-01,2025-02-13,2025-02-13,RJ8,Cornwall Partnership NHS Foundation Trust,QT6,NHS Cornwall And The Isles Of Scilly Integrated Care Board,SOUTH WEST,South West Commissioning Region
2025-02/System-Mapping.xls,2024-25,2025-01,2024-04-01,2025-02-13,2025-02-13,RJC,South Warwickshire University NHS Foundation Trust,QWU,NHS Coventry And Warwickshire Integrated Care Board,MIDLANDS,Midlands Commissioning Region
2025-02/System-Mapping.xls,2024-25,2025-01,2024-04-01,2025-02-13,2025-02-13,RJE,University Hospitals Of North Midlands NHS Trust,QNC,NHS Staffordshire And Stoke-On-Trent Integrated Care Board,MIDLANDS,Midlands Commissioning Region
2025-02/System-Mapping.xls,2024-25,2025-01,2024-04-01,2025-02-13,2025-02-13,RJL,Northern Lincolnshire And Goole NHS Foundation Trust,QOQ,NHS Humber And North Yorkshire Integrated Care Board,NORTH EAST AND YORKSHIRE,North East and Yorkshire Commissioning Region
2025-02/System-Mapping.xls,2024-25,2025-01,2024-04-01,2025-02-13,2025-02-13,RJN,East Cheshire NHS Trust,QYG,NHS Cheshire And Merseyside Integrated Care Board,NORTH WEST,North West Commissioning Region
2025-02/System-Mapping.xls,2024-25,2025-01,2024-04-01,2025-02-13,2025-02-13,RJR,Countess Of Chester Hospital NHS Foundation Trust,QYG,NHS Cheshire And Merseyside Integrated Care Board,NORTH WEST,North West Commissioning Region
2025-02/System-Mapping.xls,2024-25,2025-01,2024-04-01,2025-02-13,2025-02-13,RJZ,King's College Hospital NHS Foundation Trust,QKK,NHS South East London Integrated Care Board,LONDON,London Commissioning Region
2025-02/System-Mapping.xls,2024-25,2025-01,2024-04-01,2025-02-13,2025-02-13,RK5,Sherwood Forest Hospitals NHS Foundation Trust,QT1,NHS Nottingham And Nottinghamshire Integrated Care Board,MIDLANDS,Midlands Commissioning Region
2025-02/System-Mapping.xls,2024-25,2025-01,2024-04-01,2025-02-13,2025-02-13,RK9,University Hospitals Plymouth NHS Trust,QJK,NHS Devon Integrated Care Board,SOUTH WEST,South West Commissioning Region
2025-02/System-Mapping.xls,2024-25,2025-01,2024-04-01,2025-02-13,2025-02-13,RKB,University Hospitals Coventry And Warwickshire NHS Trust,QWU,NHS Coventry And Warwickshire Integrated Care Board,MIDLANDS,Midlands Commissioning Region
2025-02/System-Mapping.xls,2024-25,2025-01,2024-04-01,2025-02-13,2025-02-13,RKE,Whittington Health NHS Trust,QMJ,NHS North Central London Integrated Care Board,LONDON,London Commissioning Region
2025-02/System-Mapping.xls,2024-25,2025-01,2024-04-01,2025-02-13,2025-02-13,RL1,The Robert Jones And Agnes Hunt Orthopaedic Hospital NHS Foundation Trust,QOC,"NHS Shropshire, Telford And Wrekin Integrated Care Board",MIDLANDS,Midlands Commissioning Region
2025-02/System-Mapping.xls,2024-25,2025-01,2024-04-01,2025-02-13,2025-02-13,RL4,The Royal Wolverhampton NHS Trust,QUA,NHS Black Country Integrated Care Board,MIDLANDS,Midlands Commissioning Region
2025-02/System-Mapping.xls,2024-25,2025-01,2024-04-01,2025-02-13,2025-02-13,RLQ,Wye Valley NHS Trust,QGH,NHS Herefordshire And Worcestershire Integrated Care Board,MIDLANDS,Midlands Commissioning Region
2025-02/System-Mapping.xls,2024-25,2025-01,2024-04-01,2025-02-13,2025-02-13,RLT,George Eliot Hospital NHS Trust,QWU,NHS Coventry And Warwickshire Integrated Care Board,MIDLANDS,Midlands Commissioning Region
2025-02/System-Mapping.xls,2024-25,2025-01,2024-04-01,2025-02-13,2025-02-13,RM1,Norfolk And Norwich University Hospitals NHS Foundation Trust,QMM,NHS Norfolk And Waveney Integrated Care Board,EAST OF ENGLAND,East of England Commissioning Region
2025-02/System-Mapping.xls,2024-25,2025-01,2024-04-01,2025-02-13,2025-02-13,RM3,Northern Care Alliance NHS Foundation Trust,QOP,NHS Greater Manchester Integrated Care Board,NORTH WEST,North West Commissioning Region
2025-02/System-Mapping.xls,2024-25,2025-01,2024-04-01,2025-02-13,2025-02-13,RMC,Bolton NHS Foundation Trust,QOP,NHS Greater Manchester Integrated Care Board,NORTH WEST,North West Commissioning Region
2025-02/System-Mapping.xls,2024-25,2025-01,2024-04-01,2025-02-13,2025-02-13,RMP,Tameside And Glossop Integrated Care NHS Foundation Trust,QOP,NHS Greater Manchester Integrated Care Board,NORTH WEST,North West Commissioning Region
2025-02/System-Mapping.xls,2024-25,2025-01,2024-04-01,2025-02-13,2025-02-13,RN3,Great Western Hospitals NHS Foundation Trust,QOX,"NHS Bath And North East Somerset, Swindon And Wiltshire Integrated Care Board",SOUTH WEST,South West Commissioning Region
2025-02/System-Mapping.xls,2024-25,2025-01,2024-04-01,2025-02-13,2025-02-13,RN5,Hampshire Hospitals NHS Foundation Trust,QRL,NHS Hampshire And Isle Of Wight Integrated Care Board,SOUTH EAST,South East Commissioning Region
2025-02/System-Mapping.xls,2024-25,2025-01,2024-04-01,2025-02-13,2025-02-13,RN7,Dartford And Gravesham NHS Trust,QKS,NHS Kent And Medway Integrated Care Board,SOUTH EAST,South East Commissioning Region
2025-02/System-Mapping.xls,2024-25,2025-01,2024-04-01,2025-02-13,2025-02-13,RNA,The Dudley Group NHS Foundation Trust,QUA,NHS Black Country Integrated Care Board,MIDLANDS,Midlands Commissioning Region
2025-02/System-Mapping.xls,2024-25,2025-01,2024-04-01,2025-02-13,2025-02-13,RNN,North Cumbria Integrated Care NHS Foundation Trust,QHM,NHS North East And North Cumbria Integrated Care Board,NORTH EAST AND YORKSHIRE,North East and Yorkshire Commissioning Region
2025-02/System-Mapping.xls,2024-25,2025-01,2024-04-01,2025-02-13,2025-02-13,RNQ,Kettering General Hospital NHS Foundation Trust,QPM,NHS Northamptonshire Integrated Care Board,MIDLANDS,Midlands Commissioning Region
2025-02/System-Mapping.xls,2024-25,2025-01,2024-04-01,2025-02-13,2025-02-13,RNS,Northampton General Hospital NHS Trust,QPM,NHS Northamptonshire Integrated Care Board,MIDLANDS,Midlands Commissioning Region
2025-02/System-Mapping.xls,2024-25,2025-01,2024-04-01,2025-02-13,2025-02-13,RNU,Oxford Health NHS Foundation Trust,QU9,"NHS Buckinghamshire, Oxfordshire And Berkshire West Integrated Care Board",SOUTH EAST,South East Commissioning Region
2025-02/System-Mapping.xls,2024-25,2025-01,2024-04-01,2025-02-13,2025-02-13,RNZ,Salisbury NHS Foundation Trust,QOX,"NHS Bath And North East Somerset, Swindon And Wiltshire Integrated Care Board",SOUTH WEST,South West Commissioning Region
2025-02/System-Mapping.xls,2024-25,2025-01,2024-04-01,2025-02-13,2025-02-13,RP5,Doncaster And Bassetlaw Teaching Hospitals NHS Foundation Trust,QF7,NHS South Yorkshire Integrated Care Board,NORTH EAST AND YORKSHIRE,North East and Yorkshire Commissioning Region
2025-02/System-Mapping.xls,2024-25,2025-01,2024-04-01,2025-02-13,2025-02-13,RP6,Moorfields Eye Hospital NHS Foundation Trust,QMJ,NHS North Central London Integrated Care Board,LONDON,London Commissioning Region
2025-02/System-Mapping.xls,2024-25,2025-01,2024-04-01,2025-02-13,2025-02-13,RPA,Medway NHS Foundation Trust,QKS,NHS Kent And Medway Integrated Care Board,SOUTH EAST,South East Commissioning Region
2025-02/System-Mapping.xls,2024-25,2025-01,2024-04-01,2025-02-13,2025-02-13,RPC,Queen Victoria Hospital NHS Foundation Trust,QNX,NHS Sussex Integrated Care Board,SOUTH EAST,South East Commissioning Region
2025-02/System-Mapping.xls,2024-25,2025-01,2024-04-01,2025-02-13,2025-02-13,RQ3,Birmingham Women's And Children's NHS Foundation Trust,QHL,NHS Birmingham And Solihull Integrated Care Board,MIDLANDS,Midlands Commissioning Region
2025-02/System-Mapping.xls,2024-25,2025-01,2024-04-01,2025-02-13,2025-02-13,RQM,Chelsea And Westminster Hospital NHS Foundation Trust,QRV,NHS North West London Integrated Care Board,LONDON,London Commissioning Region
2025-02/System-Mapping.xls,2024-25,2025-01,2024-04-01,2025-02-13,2025-02-13,RQW,The Princess Alexandra Hospital NHS Trust,QM7,NHS Hertfordshire And West Essex Integrated Care Board,EAST OF ENGLAND,East of England Commissioning Region
2025-02/System-Mapping.xls,2024-25,2025-01,2024-04-01,2025-02-13,2025-02-13,RQX,Homerton Healthcare NHS Foundation Trust,QMF,NHS North East London Integrated Care Board,LONDON,London Commissioning Region
2025-02/System-Mapping.xls,2024-25,2025-01,2024-04-01,2025-02-13,2025-02-13,RR7,Gateshead Health NHS Foundation Trust,QHM,NHS North East And North Cumbria Integrated Care Board,NORTH EAST AND YORKSHIRE,North East and Yorkshire Commissioning Region
2025-02/System-Mapping.xls,2024-25,2025-01,2024-04-01,2025-02-13,2025-02-13,RR8,Leeds Teaching Hospitals NHS Trust,QWO,NHS West Yorkshire Integrated Care Board,NORTH EAST AND YORKSHIRE,North East and Yorkshire Commissioning Region
2025-02/System-Mapping.xls,2024-25,2025-01,2024-04-01,2025-02-13,2025-02-13,RRF,"Wrightington, Wigan And Leigh NHS Foundation Trust",QOP,NHS Greater Manchester Integrated Care Board,NORTH WEST,North West Commissioning Region
2025-02/System-Mapping.xls,2024-25,2025-01,2024-04-01,2025-02-13,2025-02-13,RRK,University Hospitals Birmingham NHS Foundation Trust,QHL,NHS Birmingham And Solihull Integrated Care Board,MIDLANDS,Midlands Commissioning Region
2025-02/System-Mapping.xls,2024-25,2025-01,2024-04-01,2025-02-13,2025-02-13,RRV,University College London Hospitals NHS Foundation Trust,QMJ,NHS North Central London Integrated Care Board,LONDON,London Commissioning Region
2025-02/System-Mapping.xls,2024-25,2025-01,2024-04-01,2025-02-13,2025-02-13,RTD,The Newcastle Upon Tyne Hospitals NHS Foundation Trust,QHM,NHS North East And North Cumbria Integrated Care Board,NORTH EAST AND YORKSHIRE,North East and Yorkshire Commissioning Region
2025-02/System-Mapping.xls,2024-25,2025-01,2024-04-01,2025-02-13,2025-02-13,RTE,Gloucestershire Hospitals NHS Foundation Trust,QR1,NHS Gloucestershire Integrated Care Board,SOUTH WEST,South West Commissioning Region
2025-02/System-Mapping.xls,2024-25,2025-01,2024-04-01,2025-02-13,2025-02-13,RTF,Northumbria Healthcare NHS Foundation Trust,QHM,NHS North East And North Cumbria Integrated Care Board,NORTH EAST AND YORKSHIRE,North East and Yorkshire Commissioning Region
2025-02/System-Mapping.xls,2024-25,2025-01,2024-04-01,2025-02-13,2025-02-13,RTG,University Hospitals Of Derby And Burton NHS Foundation Trust,QJ2,NHS Derby And Derbyshire Integrated Care Board,MIDLANDS,Midlands Commissioning Region
2025-02/System-Mapping.xls,2024-25,2025-01,2024-04-01,2025-02-13,2025-02-13,RTH,Oxford University Hospitals NHS Foundation Trust,QU9,"NHS Buckinghamshire, Oxfordshire And Berkshire West Integrated Care Board",SOUTH EAST,South East Commissioning Region
2025-02/System-Mapping.xls,2024-25,2025-01,2024-04-01,2025-02-13,2025-02-13,RTK,Ashford And St Peter's Hospitals NHS Foundation Trust,QXU,NHS Surrey Heartlands Integrated Care Board,SOUTH EAST,South East Commissioning Region
2025-02/System-Mapping.xls,2024-25,2025-01,2024-04-01,2025-02-13,2025-02-13,RTP,Surrey And Sussex Healthcare NHS Trust,QXU,NHS Surrey Heartlands Integrated Care Board,SOUTH EAST,South East Commissioning Region
2025-02/System-Mapping.xls,2024-25,2025-01,2024-04-01,2025-02-13,2025-02-13,RTQ,Gloucestershire Health And Care NHS Foundation Trust,QR1,NHS Gloucestershire Integrated Care Board,SOUTH WEST,South West Commissioning Region
2025-02/System-Mapping.xls,2024-25,2025-01,2024-04-01,2025-02-13,2025-02-13,RTR,South Tees Hospitals NHS Foundation Trust,QHM,NHS North East And North Cumbria Integrated Care Board,NORTH EAST AND YORKSHIRE,North East and Yorkshire Commissioning Region
2025-02/System-Mapping.xls,2024-25,2025-01,2024-04-01,2025-02-13,2025-02-13,RTX,University Hospitals Of Morecambe Bay NHS Foundation Trust,QE1,NHS Lancashire And South Cumbria Integrated Care Board,NORTH WEST,North West Commissioning Region
2025-02/System-Mapping.xls,2024-25,2025-01,2024-04-01,2025-02-13,2025-02-13,RV9,Humber Teaching NHS Foundation Trust,QOQ,NHS Humber And North Yorkshire Integrated Care Board,NORTH EAST AND YORKSHIRE,North East and Yorkshire Commissioning Region
2025-02/System-Mapping.xls,2024-25,2025-01,2024-04-01,2025-02-13,2025-02-13,RVJ,North Bristol NHS Trust,QUY,"NHS Bristol, North Somerset And South Gloucestershire Integrated Care Board",SOUTH WEST,South West Commissioning Region
2025-02/System-Mapping.xls,2024-25,2025-01,2024-04-01,2025-02-13,2025-02-13,RVR,Epsom And St Helier University Hospitals NHS Trust,QWE,NHS South West London Integrated Care Board,LONDON,London Commissioning Region
2025-02/System-Mapping.xls,2024-25,2025-01,2024-04-01,2025-02-13,2025-02-13,RVV,East Kent Hospitals University NHS Foundation Trust,QKS,NHS Kent And Medway Integrated Care Board,SOUTH EAST,South East Commissioning Region
2025-02/System-Mapping.xls,2024-25,2025-01,2024-04-01,2025-02-13,2025-02-13,RVW,North Tees And Hartlepool NHS Foundation Trust,QHM,NHS North East And North Cumbria Integrated Care Board,NORTH EAST AND YORKSHIRE,North East and Yorkshire Commissioning Region
2025-02/System-Mapping.xls,2024-25,2025-01,2024-04-01,2025-02-13,2025-02-13,RW1,Southern Health NHS Foundation Trust,QRL,NHS Hampshire And Isle Of Wight Integrated Care Board,SOUTH EAST,South East Commissioning Region
2025-02/System-Mapping.xls,2024-25,2025-01,2024-04-01,2025-02-13,2025-02-13,RW4,Mersey Care NHS Foundation Trust,QYG,NHS Cheshire And Merseyside Integrated Care Board,NORTH WEST,North West Commissioning Region
2025-02/System-Mapping.xls,2024-25,2025-01,2024-04-01,2025-02-13,2025-02-13,RWA,Hull University Teaching Hospitals NHS Trust,QOQ,NHS Humber And North Yorkshire Integrated Care Board,NORTH EAST AND YORKSHIRE,North East and Yorkshire Commissioning Region
2025-02/System-Mapping.xls,2024-25,2025-01,2024-04-01,2025-02-13,2025-02-13,RWD,United Lincolnshire Teaching Hospitals NHS Trust,QJM,NHS Lincolnshire Integrated Care Board,MIDLANDS,Midlands Commissioning Region
2025-02/System-Mapping.xls,2024-25,2025-01,2024-04-01,2025-02-13,2025-02-13,RWE,University Hospitals Of Leicester NHS Trust,QK1,"NHS Leicester, Leicestershire And Rutland Integrated Care Board",MIDLANDS,Midlands Commissioning Region
2025-02/System-Mapping.xls,2024-25,2025-01,2024-04-01,2025-02-13,2025-02-13,RWF,Maidstone And Tunbridge Wells NHS Trust,QKS,NHS Kent And Medway Integrated Care Board,SOUTH EAST,South East Commissioning Region
2025-02/System-Mapping.xls,2024-25,2025-01,2024-04-01,2025-02-13,2025-02-13,RWG,West Hertfordshire Teaching Hospitals NHS Trust,QM7,NHS Hertfordshire And West Essex Integrated Care Board,EAST OF ENGLAND,East of England Commissioning Region
2025-02/System-Mapping.xls,2024-25,2025-01,2024-04-01,2025-02-13,2025-02-13,RWH,East And North Hertfordshire NHS Trust,QM7,NHS Hertfordshire And West Essex Integrated Care Board,EAST OF ENGLAND,East of England Commissioning Region
2025-02/System-Mapping.xls,2024-25,2025-01,2024-04-01,2025-02-13,2025-02-13,RWJ,Stockport NHS Foundation Trust,QOP,NHS Greater Manchester Integrated Care Board,NORTH WEST,North West Commissioning Region
2025-02/System-Mapping.xls,2024-25,2025-01,2024-04-01,2025-02-13,2025-02-13,RWP,Worcestershire Acute Hospitals NHS Trust,QGH,NHS Herefordshire And Worcestershire Integrated Care Board,MIDLANDS,Midlands Commissioning Region
2025-02/System-Mapping.xls,2024-25,2025-01,2024-04-01,2025-02-13,2025-02-13,RWW,Warrington And Halton Teaching Hospitals NHS Foundation Trust,QYG,NHS Cheshire And Merseyside Integrated Care Board,NORTH WEST,North West Commissioning Region
2025-02/System-Mapping.xls,2024-25,2025-01,2024-04-01,2025-02-13,2025-02-13,RWX,Berkshire Healthcare NHS Foundation Trust,QU9,"NHS Buckinghamshire, Oxfordshire And Berkshire West Integrated Care Board",SOUTH EAST,South East Commissioning Region
2025-02/System-Mapping.xls,2024-25,2025-01,2024-04-01,2025-02-13,2025-02-13,RWY,Calderdale And Huddersfield NHS Foundation Trust,QWO,NHS West Yorkshire Integrated Care Board,NORTH EAST AND YORKSHIRE,North East and Yorkshire Commissioning Region
2025-02/System-Mapping.xls,2024-25,2025-01,2024-04-01,2025-02-13,2025-02-13,RX1,Nottingham University Hospitals NHS Trust,QT1,NHS Nottingham And Nottinghamshire Integrated Care Board,MIDLANDS,Midlands Commissioning Region
2025-02/System-Mapping.xls,2024-25,2025-01,2024-04-01,2025-02-13,2025-02-13,RXC,East Sussex Healthcare NHS Trust,QNX,NHS Sussex Integrated Care Board,SOUTH EAST,South East Commissioning Region
2025-02/System-Mapping.xls,2024-25,2025-01,2024-04-01,2025-02-13,2025-02-13,RXF,Mid Yorkshire Hospitals NHS Trust,QWO,NHS West Yorkshire Integrated Care Board,NORTH EAST AND YORKSHIRE,North East and Yorkshire Commissioning Region
2025-02/System-Mapping.xls,2024-25,2025-01,2024-04-01,2025-02-13,2025-02-13,RXG,South West Yorkshire Partnership NHS Foundation Trust,QWO,NHS West Yorkshire Integrated Care Board,NORTH EAST AND YORKSHIRE,North East and Yorkshire Commissioning Region
2025-02/System-Mapping.xls,2024-25,2025-01,2024-04-01,2025-02-13,2025-02-13,RXK,Sandwell And West Birmingham Hospitals NHS Trust,QUA,NHS Black Country Integrated Care Board,MIDLANDS,Midlands Commissioning Region
2025-02/System-Mapping.xls,2024-25,2025-01,2024-04-01,2025-02-13,2025-02-13,RXL,Blackpool Teaching Hospitals NHS Foundation Trust,QE1,NHS Lancashire And South Cumbria Integrated Care Board,NORTH WEST,North West Commissioning Region
2025-02/System-Mapping.xls,2024-25,2025-01,2024-04-01,2025-02-13,2025-02-13,RXN,Lancashire Teaching Hospitals NHS Foundation Trust,QE1,NHS Lancashire And South Cumbria Integrated Care Board,NORTH WEST,North West Commissioning Region
2025-02/System-Mapping.xls,2024-25,2025-01,2024-04-01,2025-02-13,2025-02-13,RXP,County Durham And Darlington NHS Foundation Trust,QHM,NHS North East And North Cumbria Integrated Care Board,NORTH EAST AND YORKSHIRE,North East and Yorkshire Commissioning Region
2025-02/System-Mapping.xls,2024-25,2025-01,2024-04-01,2025-02-13,2025-02-13,RXQ,Buckinghamshire Healthcare NHS Trust,QU9,"NHS Buckinghamshire, Oxfordshire And Berkshire West Integrated Care Board",SOUTH EAST,South East Commissioning Region
2025-02/System-Mapping.xls,2024-25,2025-01,2024-04-01,2025-02-13,2025-02-13,RXR,East Lancashire Hospitals NHS Trust,QE1,NHS Lancashire And South Cumbria Integrated Care Board,NORTH WEST,North West Commissioning Region
2025-02/System-Mapping.xls,2024-25,2025-01,2024-04-01,2025-02-13,2025-02-13,RXW,The Shrewsbury And Telford Hospital NHS Trust,QOC,"NHS Shropshire, Telford And Wrekin Integrated Care Board",MIDLANDS,Midlands Commissioning Region
2025-02/System-Mapping.xls,2024-25,2025-01,2024-04-01,2025-02-13,2025-02-13,RY2,Bridgewater Community Healthcare NHS Foundation Trust,QYG,NHS Cheshire And Merseyside Integrated Care Board,NORTH WEST,North West Commissioning Region
2025-02/System-Mapping.xls,2024-25,2025-01,2024-04-01,2025-02-13,2025-02-13,RY4,Hertfordshire Community NHS Trust,QM7,NHS Hertfordshire And West Essex Integrated Care Board,EAST OF ENGLAND,East of England Commissioning Region
2025-02/System-Mapping.xls,2024-25,2025-01,2024-04-01,2025-02-13,2025-02-13,RY5,Lincolnshire Community Health Services NHS Trust,QJM,NHS Lincolnshire Integrated Care Board,MIDLANDS,Midlands Commissioning Region
2025-02/System-Mapping.xls,2024-25,2025-01,2024-04-01,2025-02-13,2025-02-13,RY7,Wirral Community Health And Care NHS Foundation Trust,QYG,NHS Cheshire And Merseyside Integrated Care Board,NORTH WEST,North West Commissioning Region
2025-02/System-Mapping.xls,2024-25,2025-01,2024-04-01,2025-02-13,2025-02-13,RY8,Derbyshire Community Health Services NHS Foundation Trust,QJ2,NHS Derby And Derbyshire Integrated Care Board,MIDLANDS,Midlands Commissioning Region
2025-02/System-Mapping.xls,2024-25,2025-01,2024-04-01,2025-02-13,2025-02-13,RY9,Hounslow And Richmond Community Healthcare NHS Trust,QWE,NHS South West London Integrated Care Board,LONDON,London Commissioning Region
2025-02/System-Mapping.xls,2024-25,2025-01,2024-04-01,2025-02-13,2025-02-13,RYF,South Western Ambulance Service NHS Foundation Trust,QJK,NHS Devon Integrated Care Board,SOUTH WEST,South West Commissioning Region
2025-02/System-Mapping.xls,2024-25,2025-01,2024-04-01,2025-02-13,2025-02-13,RYG,Coventry and Warwickshire Partnership NHS Trust,QWU,NHS Coventry And Warwickshire Integrated Care Board,MIDLANDS,Midlands Commissioning Region
2025-02/System-Mapping.xls,2024-25,2025-01,2024-04-01,2025-02-13,2025-02-13,RYJ,Imperial College Healthcare NHS Trust,QRV,NHS North West London Integrated Care Board,LONDON,London Commissioning Region
2025-02/System-Mapping.xls,2024-25,2025-01,2024-04-01,2025-02-13,2025-02-13,RYR,University Hospitals Sussex NHS Foundation Trust,QNX,NHS Sussex Integrated Care Board,SOUTH EAST,South East Commissioning Region
2025-02/System-Mapping.xls,2024-25,2025-01,2024-04-01,2025-02-13,2025-02-13,RYX,Central London Community Healthcare NHS Trust,QRV,NHS North West London Integrated Care Board,LONDON,London Commissioning Region
2025-02/System-Mapping.xls,2024-25,2025-01,2024-04-01,2025-02-13,2025-02-13,RYY,Kent Community Health NHS Foundation Trust,QKS,NHS Kent And Medway Integrated Care Board,SOUTH EAST,South East Commissioning Region
2025-02/System-Mapping.xls,2024-25,2025-01,2024-04-01,2025-02-13,2025-02-13,Y00751,East Berks Primary Care Ooh(Wam),QNQ,NHS Frimley Integrated Care Board,SOUTH EAST,South East Commissioning Region
2025-02/System-Mapping.xls,2024-25,2025-01,2024-04-01,2025-02-13,2025-02-13,Y02147,Urgent Care Centre (Qms),QKK,NHS South East London Integrated Care Board,LONDON,London Commissioning Region
2025-02/System-Mapping.xls,2024-25,2025-01,2024-04-01,2025-02-13,2025-02-13,Y02428,Putnoe Medical Centre Walk In Centre,QHG,"NHS Bedfordshire, Luton And Milton Keynes Integrated Care Board",EAST OF ENGLAND,East of England Commissioning Region
2025-02/System-Mapping.xls,2024-25,2025-01,2024-04-01,2025-02-13,2025-02-13,Y02532,Miriam Minor Emergency,QYG,NHS Cheshire And Merseyside Integrated Care Board,NORTH WEST,North West Commissioning Region
2025-02/System-Mapping.xls,2024-25,2025-01,2024-04-01,2025-02-13,2025-02-13,Y02615,South Birmingham GP Walk In Centre,QHL,NHS Birmingham And Solihull Integrated Care Board,MIDLANDS,Midlands Commissioning Region
2025-02/System-Mapping.xls,2024-25,2025-01,2024-04-01,2025-02-13,2025-02-13,Y02676,Brighton Station Health Centre,QNX,NHS Sussex Integrated Care Board,SOUTH EAST,South East Commissioning Region
2025-02/System-Mapping.xls,2024-25,2025-01,2024-04-01,2025-02-13,2025-02-13,Y03007,Erdington GP Health & Wellbeing Wic,QHL,NHS Birmingham And Solihull Integrated Care Board,MIDLANDS,Midlands Commissioning Region
2025-02/System-Mapping.xls,2024-25,2025-01,2024-04-01,2025-02-13,2025-02-13,Y03218,The Pinn Unregistered Wic,QRV,NHS North West London Integrated Care Board,LONDON,London Commissioning Region
2025-02/System-Mapping.xls,2024-25,2025-01,2024-04-01,2025-02-13,2025-02-13,Y03571,Corby Urgent Care Centre,QPM,NHS Northamptonshire Integrated Care Board,MIDLANDS,Midlands Commissioning Region
2025-02/System-Mapping.xls,2024-25,2025-01,2024-04-01,2025-02-13,2025-02-13,Y04538,Bracknell Urgent Care Centre Wic,QNQ,NHS Frimley Integrated Care Board,SOUTH EAST,South East Commissioning Region
2025-02/System-Mapping.xls,2024-25,2025-01,2024-04-01,2025-02-13,2025-02-13,Y07709,Reading Urgent Care Centre,QU9,"NHS Buckinghamshire, Oxfordshire And Berkshire West Integrated Care Board",SOUTH EAST,South East Commissioning Region
2025-04/System-Mapping.xls,2024-25,2025-03,2024-04-01,2025-04-10,2025-04-10,8J094,Badger Ltd,QHL,NHS Birmingham And Solihull Integrated Care Board,MIDLANDS,Midlands Commissioning Region
2025-04/System-Mapping.xls,2024-25,2025-03,2024-04-01,2025-04-10,2025-04-10,A5D4Q,NEMS UTC,QT1,NHS Nottingham And Nottinghamshire Integrated Care Board,MIDLANDS,Midlands Commissioning Region
2025-04/System-Mapping.xls,2024-25,2025-03,2024-04-01,2025-04-10,2025-04-10,AAH,Tetbury Hospital Trust Ltd,QR1,NHS Gloucestershire Integrated Care Board,SOUTH WEST,South West Commissioning Region
2025-04/System-Mapping.xls,2024-25,2025-03,2024-04-01,2025-04-10,2025-04-10,ACH01,Whitstable Medical Practice,QKS,NHS Kent And Medway Integrated Care Board,SOUTH EAST,South East Commissioning Region
2025-04/System-Mapping.xls,2024-25,2025-03,2024-04-01,2025-04-10,2025-04-10,AD913,Beckenham Beacon Ucc,QKK,NHS South East London Integrated Care Board,LONDON,London Commissioning Region
2025-04/System-Mapping.xls,2024-25,2025-03,2024-04-01,2025-04-10,2025-04-10,AJN,Workington Health Limited,QHM,NHS North East And North Cumbria Integrated Care Board,NORTH EAST AND YORKSHIRE,North East and Yorkshire Commissioning Region
2025-04/System-Mapping.xls,2024-25,2025-03,2024-04-01,2025-04-10,2025-04-10,AQN04,Phl Lymington Utc,QRL,NHS Hampshire And Isle Of Wight Integrated Care Board,SOUTH EAST,South East Commissioning Region
2025-04/System-Mapping.xls,2024-25,2025-03,2024-04-01,2025-04-10,2025-04-10,ARN03,Local Care Direct,QWO,NHS West Yorkshire Integrated Care Board,NORTH EAST AND YORKSHIRE,North East and Yorkshire Commissioning Region
2025-04/System-Mapping.xls,2024-25,2025-03,2024-04-01,2025-04-10,2025-04-10,AXG,Wiltshire Health & Care,QOX,"NHS Bath And North East Somerset, Swindon And Wiltshire Integrated Care Board",SOUTH WEST,South West Commissioning Region
2025-04/System-Mapping.xls,2024-25,2025-03,2024-04-01,2025-04-10,2025-04-10,C82009,Market Harborough Med.Ctr,QK1,"NHS Leicester, Leicestershire And Rutland Integrated Care Board",MIDLANDS,Midlands Commissioning Region
2025-04/System-Mapping.xls,2024-25,2025-03,2024-04-01,2025-04-10,2025-04-10,C82038,Latham House Medical Practice,QK1,"NHS Leicester, Leicestershire And Rutland Integrated Care Board",MIDLANDS,Midlands Commissioning Region
2025-04/System-Mapping.xls,2024-25,2025-03,2024-04-01,2025-04-10,2025-04-10,C83023,Sleaford Medical Group,QJM,NHS Lincolnshire Integrated Care Board,MIDLANDS,Midlands Commissioning Region
2025-04/System-Mapping.xls,2024-25,2025-03,2024-04-01,2025-04-10,2025-04-10,DD401,Exmouth Minor Injury Unit,QJK,NHS Devon Integrated Care Board,SOUTH WEST,South West Commissioning Region
2025-04/System-Mapping.xls,2024-25,2025-03,2024-04-01,2025-04-10,2025-04-10,DT301,Herts Urgent Care (Ascots Lane),QM7,NHS Hertfordshire And West Essex Integrated Care Board,EAST OF ENGLAND,East of England Commissioning Region
2025-04/System-Mapping.xls,2024-25,2025-03,2024-04-01,2025-04-10,2025-04-10,G0Q0L,Barking Hospital UTC,QMF,NHS North East London Integrated Care Board,LONDON,London Commissioning Region
2025-04/System-Mapping.xls,2024-25,2025-03,2024-04-01,2025-04-10,2025-04-10,K6K0R,Harold Wood Polyclinic UTC,QMF,NHS North East London Integrated Care Board,LONDON,London Commissioning Region
2025-04/System-Mapping.xls,2024-25,2025-03,2024-04-01,2025-04-10,2025-04-10,L83087,Okehampton Medical Centre,QJK,NHS Devon Integrated Care Board,SOUTH WEST,South West Commissioning Region
2025-04/System-Mapping.xls,2024-25,2025-03,2024-04-01,2025-04-10,2025-04-10,NDA57,Haslemere Minor Injuries Unit,QXU,NHS Surrey Heartlands Integrated Care Board,SOUTH EAST,South East Commissioning Region
2025-04/System-Mapping.xls,2024-25,2025-03,2024-04-01,2025-04-10,2025-04-10,NDJ,First Community Health And Care Cic,QNX,NHS Sussex Integrated Care Board,SOUTH EAST,South East Commissioning Region
2025-04/System-Mapping.xls,2024-25,2025-03,2024-04-01,2025-04-10,2025-04-10,NL7,Assura Vertis Urgent Care Centres (Birmingham),QHL,NHS Birmingham And Solihull Integrated Care Board,MIDLANDS,Midlands Commissioning Region
2025-04/System-Mapping.xls,2024-25,2025-03,2024-04-01,2025-04-10,2025-04-10,NLX,Sirona Care & Health,QUY,"NHS Bristol, North Somerset And South Gloucestershire Integrated Care Board",SOUTH WEST,South West Commissioning Region
2025-04/System-Mapping.xls,2024-25,2025-03,2024-04-01,2025-04-10,2025-04-10,NNF09,Bransholme Health Centre,QOQ,NHS Humber And North Yorkshire Integrated Care Board,NORTH EAST AND YORKSHIRE,North East and Yorkshire Commissioning Region
2025-04/System-Mapping.xls,2024-25,2025-03,2024-04-01,2025-04-10,2025-04-10,NNF16,Bridlington Hospital,QOQ,NHS Humber And North Yorkshire Integrated Care Board,NORTH EAST AND YORKSHIRE,North East and Yorkshire Commissioning Region
2025-04/System-Mapping.xls,2024-25,2025-03,2024-04-01,2025-04-10,2025-04-10,NNF76,The Wilberforce Health Centre,QOQ,NHS Humber And North Yorkshire Integrated Care Board,NORTH EAST AND YORKSHIRE,North East and Yorkshire Commissioning Region
2025-04/System-Mapping.xls,2024-25,2025-03,2024-04-01,2025-04-10,2025-04-10,NNF94,East Riding Community Hospital,QOQ,NHS Humber And North Yorkshire Integrated Care Board,NORTH EAST AND YORKSHIRE,North East and Yorkshire Commissioning Region
2025-04/System-Mapping.xls,2024-25,2025-03,2024-04-01,2025-04-10,2025-04-10,NNFA7,Goole & District Hospital,QOQ,NHS Humber And North Yorkshire Integrated Care Board,NORTH EAST AND YORKSHIRE,North East and Yorkshire Commissioning Region
2025-04/System-Mapping.xls,2024-25,2025-03,2024-04-01,2025-04-10,2025-04-10,NNJ,Dhu Health Care C.I.C,QJ2,NHS Derby And Derbyshire Integrated Care Board,MIDLANDS,Midlands Commissioning Region
2025-04/System-Mapping.xls,2024-25,2025-03,2024-04-01,2025-04-10,2025-04-10,NNJ07,Loughborough Urgent Care Centre,QK1,"NHS Leicester, Leicestershire And Rutland Integrated Care Board",MIDLANDS,Midlands Commissioning Region
2025-04/System-Mapping.xls,2024-25,2025-03,2024-04-01,2025-04-10,2025-04-10,NNJ0H,Llr Ea - The Merlyn Vaz Health & Social Care Centre,QK1,"NHS Leicester, Leicestershire And Rutland Integrated Care Board",MIDLANDS,Midlands Commissioning Region
2025-04/System-Mapping.xls,2024-25,2025-03,2024-04-01,2025-04-10,2025-04-10,NNJ12,Market Harborough,QK1,"NHS Leicester, Leicestershire And Rutland Integrated Care Board",MIDLANDS,Midlands Commissioning Region
2025-04/System-Mapping.xls,2024-25,2025-03,2024-04-01,2025-04-10,2025-04-10,NNJ13,Melton Mowbray,QK1,"NHS Leicester, Leicestershire And Rutland Integrated Care Board",MIDLANDS,Midlands Commissioning Region
2025-04/System-Mapping.xls,2024-25,2025-03,2024-04-01,2025-04-10,2025-04-10,NNJ14,Oadby,QK1,"NHS Leicester, Leicestershire And Rutland Integrated Care Board",MIDLANDS,Midlands Commissioning Region
2025-04/System-Mapping.xls,2024-25,2025-03,2024-04-01,2025-04-10,2025-04-10,NNJ15,Oakham,QK1,"NHS Leicester, Leicestershire And Rutland Integrated Care Board",MIDLANDS,Midlands Commissioning Region
2025-04/System-Mapping.xls,2024-25,2025-03,2024-04-01,2025-04-10,2025-04-10,NQT51,Station Plaza Health Centre,QNX,NHS Sussex Integrated Care Board,SOUTH EAST,South East Commissioning Region
2025-04/System-Mapping.xls,2024-25,2025-03,2024-04-01,2025-04-10,2025-04-10,NQT5F,Skelmersdale Walk In Centre,QE1,NHS Lancashire And South Cumbria Integrated Care Board,NORTH WEST,North West Commissioning Region
2025-04/System-Mapping.xls,2024-25,2025-03,2024-04-01,2025-04-10,2025-04-10,NQT5H,Paulton Memorial Hospital,QOX,"NHS Bath And North East Somerset, Swindon And Wiltshire Integrated Care Board",SOUTH WEST,South West Commissioning Region
2025-04/System-Mapping.xls,2024-25,2025-03,2024-04-01,2025-04-10,2025-04-10,NQTE4,Summerfield Urgent Care Centre,QUA,NHS Black Country Integrated Care Board,MIDLANDS,Midlands Commissioning Region
2025-04/System-Mapping.xls,2024-25,2025-03,2024-04-01,2025-04-10,2025-04-10,NR3,Nottingham Citycare Partnership,QT1,NHS Nottingham And Nottinghamshire Integrated Care Board,MIDLANDS,Midlands Commissioning Region
2025-04/System-Mapping.xls,2024-25,2025-03,2024-04-01,2025-04-10,2025-04-10,NTP11,Practice Plus Group Hospital - Southampton,QRL,NHS Hampshire And Isle Of Wight Integrated Care Board,SOUTH EAST,South East Commissioning Region
2025-04/System-Mapping.xls,2024-25,2025-03,2024-04-01,2025-04-10,2025-04-10,NTPAD,Practice Plus Group Surgical Centre - St Marys Portsmouth,QRL,NHS Hampshire And Isle Of Wight Integrated Care Board,SOUTH EAST,South East Commissioning Region
2025-04/System-Mapping.xls,2024-25,2025-03,2024-04-01,2025-04-10,2025-04-10,NTV0B,Ashford Walk-In-Centre,QXU,NHS Surrey Heartlands Integrated Care Board,SOUTH EAST,South East Commissioning Region
2025-04/System-Mapping.xls,2024-25,2025-03,2024-04-01,2025-04-10,2025-04-10,NTV0W,Woking Walk In Centre,QXU,NHS Surrey Heartlands Integrated Care Board,SOUTH EAST,South East Commissioning Region
2025-04/System-Mapping.xls,2024-25,2025-03,2024-04-01,2025-04-10,2025-04-10,NV693,Rossendale Miu & Ooh,QE1,NHS Lancashire And South Cumbria Integrated Care Board,NORTH WEST,North West Commissioning Region
2025-04/System-Mapping.xls,2024-25,2025-03,2024-04-01,2025-04-10,2025-04-10,R0A,Manchester University NHS Foundation Trust,QOP,NHS Greater Manchester Integrated Care Board,NORTH WEST,North West Commissioning Region
2025-04/System-Mapping.xls,2024-25,2025-03,2024-04-01,2025-04-10,2025-04-10,R0B,South Tyneside And Sunderland NHS Foundation Trust,QHM,NHS North East And North Cumbria Integrated Care Board,NORTH EAST AND YORKSHIRE,North East and Yorkshire Commissioning Region
2025-04/System-Mapping.xls,2024-25,2025-03,2024-04-01,2025-04-10,2025-04-10,R0D,University Hospitals Dorset NHS Foundation Trust,QVV,NHS Dorset Integrated Care Board,SOUTH WEST,South West Commissioning Region
2025-04/System-Mapping.xls,2024-25,2025-03,2024-04-01,2025-04-10,2025-04-10,R1D,Shropshire Community Health NHS Trust,QOC,"NHS Shropshire, Telford And Wrekin Integrated Care Board",MIDLANDS,Midlands Commissioning Region
2025-04/System-Mapping.xls,2024-25,2025-03,2024-04-01,2025-04-10,2025-04-10,R1F,Isle Of Wight NHS Trust,QRL,NHS Hampshire And Isle Of Wight Integrated Care Board,SOUTH EAST,South East Commissioning Region
2025-04/System-Mapping.xls,2024-25,2025-03,2024-04-01,2025-04-10,2025-04-10,R1H,Barts Health NHS Trust,QMF,NHS North East London Integrated Care Board,LONDON,London Commissioning Region
2025-04/System-Mapping.xls,2024-25,2025-03,2024-04-01,2025-04-10,2025-04-10,R1K,London North West University Healthcare NHS Trust,QRV,NHS North West London Integrated Care Board,LONDON,London Commissioning Region
2025-04/System-Mapping.xls,2024-25,2025-03,2024-04-01,2025-04-10,2025-04-10,RA2,Royal Surrey County Hospital NHS Foundation Trust,QXU,NHS Surrey Heartlands Integrated Care Board,SOUTH EAST,South East Commissioning Region
2025-04/System-Mapping.xls,2024-25,2025-03,2024-04-01,2025-04-10,2025-04-10,RA7,University Hospitals Bristol And Weston NHS Foundation Trust,QUY,"NHS Bristol, North Somerset And South Gloucestershire Integrated Care Board",SOUTH WEST,South West Commissioning Region
2025-04/System-Mapping.xls,2024-25,2025-03,2024-04-01,2025-04-10,2025-04-10,RA9,Torbay And South Devon NHS Foundation Trust,QJK,NHS Devon Integrated Care Board,SOUTH WEST,South West Commissioning Region
2025-04/System-Mapping.xls,2024-25,2025-03,2024-04-01,2025-04-10,2025-04-10,RAE,Bradford Teaching Hospitals NHS Foundation Trust,QWO,NHS West Yorkshire Integrated Care Board,NORTH EAST AND YORKSHIRE,North East and Yorkshire Commissioning Region
2025-04/System-Mapping.xls,2024-25,2025-03,2024-04-01,2025-04-10,2025-04-10,RAJ,Mid And South Essex NHS Foundation Trust,QH8,NHS Mid And South Essex Integrated Care Board,EAST OF ENGLAND,East of England Commissioning Region
2025-04/System-Mapping.xls,2024-25,2025-03,2024-04-01,2025-04-10,2025-04-10,RAL,Royal Free London NHS Foundation Trust,QMJ,NHS North Central London Integrated Care Board,LONDON,London Commissioning Region
2025-04/System-Mapping.xls,2024-25,2025-03,2024-04-01,2025-04-10,2025-04-10,RAN,Royal National Orthopaedic Hospital NHS Trust,QMJ,NHS North Central London Integrated Care Board,LONDON,London Commissioning Region
2025-04/System-Mapping.xls,2024-25,2025-03,2024-04-01,2025-04-10,2025-04-10,RAS,The Hillingdon Hospitals NHS Foundation Trust,QRV,NHS North West London Integrated Care Board,LONDON,London Commissioning Region
2025-04/System-Mapping.xls,2024-25,2025-03,2024-04-01,2025-04-10,2025-04-10,RAT,North East London NHS Foundation Trust,QMF,NHS North East London Integrated Care Board,LONDON,London Commissioning Region
2025-04/System-Mapping.xls,2024-25,2025-03,2024-04-01,2025-04-10,2025-04-10,RAX,Kingston and Richmond NHS Foundation Trust,QWE,NHS South West London Integrated Care Board,LONDON,London Commissioning Region
2025-04/System-Mapping.xls,2024-25,2025-03,2024-04-01,2025-04-10,2025-04-10,RBD,Dorset County Hospital NHS Foundation Trust,QVV,NHS Dorset Integrated Care Board,SOUTH WEST,South West Commissioning Region
2025-04/System-Mapping.xls,2024-25,2025-03,2024-04-01,2025-04-10,2025-04-10,RBK,Walsall Healthcare NHS Trust,QUA,NHS Black Country Integrated Care Board,MIDLANDS,Midlands Commissioning Region
2025-04/System-Mapping.xls,2024-25,2025-03,2024-04-01,2025-04-10,2025-04-10,RBL,Wirral University Teaching Hospital NHS Foundation Trust,QYG,NHS Cheshire And Merseyside Integrated Care Board,NORTH WEST,North West Commissioning Region
2025-04/System-Mapping.xls,2024-25,2025-03,2024-04-01,2025-04-10,2025-04-10,RBN,Mersey And West Lancashire Teaching Hospitals NHS Trust,QYG,NHS Cheshire And Merseyside Integrated Care Board,NORTH WEST,North West Commissioning Region
2025-04/System-Mapping.xls,2024-25,2025-03,2024-04-01,2025-04-10,2025-04-10,RBQ,Liverpool Heart And Chest Hospital NHS Foundation Trust,QYG,NHS Cheshire And Merseyside Integrated Care Board,NORTH WEST,North West Commissioning Region
2025-04/System-Mapping.xls,2024-25,2025-03,2024-04-01,2025-04-10,2025-04-10,RBS,Alder Hey Children's NHS Foundation Trust,QYG,NHS Cheshire And Merseyside Integrated Care Board,NORTH WEST,North West Commissioning Region
2025-04/System-Mapping.xls,2024-25,2025-03,2024-04-01,2025-04-10,2025-04-10,RBT,Mid Cheshire Hospitals NHS Foundation Trust,QYG,NHS Cheshire And Merseyside Integrated Care Board,NORTH WEST,North West Commissioning Region
2025-04/System-Mapping.xls,2024-25,2025-03,2024-04-01,2025-04-10,2025-04-10,RBV,The Christie NHS Foundation Trust,QOP,NHS Greater Manchester Integrated Care Board,NORTH WEST,North West Commissioning Region
2025-04/System-Mapping.xls,2024-25,2025-03,2024-04-01,2025-04-10,2025-04-10,RC9,Bedfordshire Hospitals NHS Foundation Trust,QHG,"NHS Bedfordshire, Luton And Milton Keynes Integrated Care Board",EAST OF ENGLAND,East of England Commissioning Region
2025-04/System-Mapping.xls,2024-25,2025-03,2024-04-01,2025-04-10,2025-04-10,RCB,York And Scarborough Teaching Hospitals NHS Foundation Trust,QOQ,NHS Humber And North Yorkshire Integrated Care Board,NORTH EAST AND YORKSHIRE,North East and Yorkshire Commissioning Region
2025-04/System-Mapping.xls,2024-25,2025-03,2024-04-01,2025-04-10,2025-04-10,RCD,Harrogate And District NHS Foundation Trust,QOQ,NHS Humber And North Yorkshire Integrated Care Board,NORTH EAST AND YORKSHIRE,North East and Yorkshire Commissioning Region
2025-04/System-Mapping.xls,2024-25,2025-03,2024-04-01,2025-04-10,2025-04-10,RCF,Airedale NHS Foundation Trust,QWO,NHS West Yorkshire Integrated Care Board,NORTH EAST AND YORKSHIRE,North East and Yorkshire Commissioning Region
2025-04/System-Mapping.xls,2024-25,2025-03,2024-04-01,2025-04-10,2025-04-10,RCU,Sheffield Children's NHS Foundation Trust,QF7,NHS South Yorkshire Integrated Care Board,NORTH EAST AND YORKSHIRE,North East and Yorkshire Commissioning Region
2025-04/System-Mapping.xls,2024-25,2025-03,2024-04-01,2025-04-10,2025-04-10,RCX,"The Queen Elizabeth Hospital, King's Lynn, NHS Foundation Trust",QMM,NHS Norfolk And Waveney Integrated Care Board,EAST OF ENGLAND,East of England Commissioning Region
2025-04/System-Mapping.xls,2024-25,2025-03,2024-04-01,2025-04-10,2025-04-10,RD1,Royal United Hospitals Bath NHS Foundation Trust,QOX,"NHS Bath And North East Somerset, Swindon And Wiltshire Integrated Care Board",SOUTH WEST,South West Commissioning Region
2025-04/System-Mapping.xls,2024-25,2025-03,2024-04-01,2025-04-10,2025-04-10,RD8,Milton Keynes University Hospital NHS Foundation Trust,QHG,"NHS Bedfordshire, Luton And Milton Keynes Integrated Care Board",EAST OF ENGLAND,East of England Commissioning Region
2025-04/System-Mapping.xls,2024-25,2025-03,2024-04-01,2025-04-10,2025-04-10,RDE,East Suffolk And North Essex NHS Foundation Trust,QJG,NHS Suffolk And North East Essex Integrated Care Board,EAST OF ENGLAND,East of England Commissioning Region
2025-04/System-Mapping.xls,2024-25,2025-03,2024-04-01,2025-04-10,2025-04-10,RDR,Sussex Community NHS Foundation Trust,QNX,NHS Sussex Integrated Care Board,SOUTH EAST,South East Commissioning Region
2025-04/System-Mapping.xls,2024-25,2025-03,2024-04-01,2025-04-10,2025-04-10,RDU,Frimley Health NHS Foundation Trust,QNQ,NHS Frimley Integrated Care Board,SOUTH EAST,South East Commissioning Region
2025-04/System-Mapping.xls,2024-25,2025-03,2024-04-01,2025-04-10,2025-04-10,RDY,Dorset Healthcare University NHS Foundation Trust,QVV,NHS Dorset Integrated Care Board,SOUTH WEST,South West Commissioning Region
2025-04/System-Mapping.xls,2024-25,2025-03,2024-04-01,2025-04-10,2025-04-10,REF,Royal Cornwall Hospitals NHS Trust,QT6,NHS Cornwall And The Isles Of Scilly Integrated Care Board,SOUTH WEST,South West Commissioning Region
2025-04/System-Mapping.xls,2024-25,2025-03,2024-04-01,2025-04-10,2025-04-10,REM,Liverpool University Hospitals NHS Foundation Trust,QYG,NHS Cheshire And Merseyside Integrated Care Board,NORTH WEST,North West Commissioning Region
2025-04/System-Mapping.xls,2024-25,2025-03,2024-04-01,2025-04-10,2025-04-10,REP,Liverpool Women's NHS Foundation Trust,QYG,NHS Cheshire And Merseyside Integrated Care Board,NORTH WEST,North West Commissioning Region
2025-04/System-Mapping.xls,2024-25,2025-03,2024-04-01,2025-04-10,2025-04-10,RET,The Walton Centre NHS Foundation Trust,QYG,NHS Cheshire And Merseyside Integrated Care Board,NORTH WEST,North West Commissioning Region
2025-04/System-Mapping.xls,2024-25,2025-03,2024-04-01,2025-04-10,2025-04-10,RF4,"Barking, Havering And Redbridge University Hospitals NHS Trust",QMF,NHS North East London Integrated Care Board,LONDON,London Commissioning Region
2025-04/System-Mapping.xls,2024-25,2025-03,2024-04-01,2025-04-10,2025-04-10,RFF,Barnsley Hospital NHS Foundation Trust,QF7,NHS South Yorkshire Integrated Care Board,NORTH EAST AND YORKSHIRE,North East and Yorkshire Commissioning Region
2025-04/System-Mapping.xls,2024-25,2025-03,2024-04-01,2025-04-10,2025-04-10,RFR,The Rotherham NHS Foundation Trust,QF7,NHS South Yorkshire Integrated Care Board,NORTH EAST AND YORKSHIRE,North East and Yorkshire Commissioning Region
2025-04/System-Mapping.xls,2024-25,2025-03,2024-04-01,2025-04-10,2025-04-10,RFS,Chesterfield Royal Hospital NHS Foundation Trust,QJ2,NHS Derby And Derbyshire Integrated Care Board,MIDLANDS,Midlands Commissioning Region
2025-04/System-Mapping.xls,2024-25,2025-03,2024-04-01,2025-04-10,2025-04-10,RGN,North West Anglia NHS Foundation Trust,QUE,NHS Cambridgeshire And Peterborough Integrated Care Board,EAST OF ENGLAND,East of England Commissioning Region
2025-04/System-Mapping.xls,2024-25,2025-03,2024-04-01,2025-04-10,2025-04-10,RGP,James Paget University Hospitals NHS Foundation Trust,QMM,NHS Norfolk And Waveney Integrated Care Board,EAST OF ENGLAND,East of England Commissioning Region
2025-04/System-Mapping.xls,2024-25,2025-03,2024-04-01,2025-04-10,2025-04-10,RGR,West Suffolk NHS Foundation Trust,QJG,NHS Suffolk And North East Essex Integrated Care Board,EAST OF ENGLAND,East of England Commissioning Region
2025-04/System-Mapping.xls,2024-25,2025-03,2024-04-01,2025-04-10,2025-04-10,RGT,Cambridge University Hospitals NHS Foundation Trust,QUE,NHS Cambridgeshire And Peterborough Integrated Care Board,EAST OF ENGLAND,East of England Commissioning Region
2025-04/System-Mapping.xls,2024-25,2025-03,2024-04-01,2025-04-10,2025-04-10,RH5,Somerset NHS Foundation Trust,QSL,NHS Somerset Integrated Care Board,SOUTH WEST,South West Commissioning Region
2025-04/System-Mapping.xls,2024-25,2025-03,2024-04-01,2025-04-10,2025-04-10,RH8,Royal Devon University Healthcare NHS Foundation Trust,QJK,NHS Devon Integrated Care Board,SOUTH WEST,South West Commissioning Region
2025-04/System-Mapping.xls,2024-25,2025-03,2024-04-01,2025-04-10,2025-04-10,RHM,University Hospital Southampton NHS Foundation Trust,QRL,NHS Hampshire And Isle Of Wight Integrated Care Board,SOUTH EAST,South East Commissioning Region
2025-04/System-Mapping.xls,2024-25,2025-03,2024-04-01,2025-04-10,2025-04-10,RHQ,Sheffield Teaching Hospitals NHS Foundation Trust,QF7,NHS South Yorkshire Integrated Care Board,NORTH EAST AND YORKSHIRE,North East and Yorkshire Commissioning Region
2025-04/System-Mapping.xls,2024-25,2025-03,2024-04-01,2025-04-10,2025-04-10,RHU,Portsmouth Hospitals University National Health Service Trust,QRL,NHS Hampshire And Isle Of Wight Integrated Care Board,SOUTH EAST,South East Commissioning Region
2025-04/System-Mapping.xls,2024-25,2025-03,2024-04-01,2025-04-10,2025-04-10,RHW,Royal Berkshire NHS Foundation Trust,QU9,"NHS Buckinghamshire, Oxfordshire And Berkshire West Integrated Care Board",SOUTH EAST,South East Commissioning Region
2025-04/System-Mapping.xls,2024-25,2025-03,2024-04-01,2025-04-10,2025-04-10,RJ1,Guy's And St Thomas' NHS Foundation Trust,QKK,NHS South East London Integrated Care Board,LONDON,London Commissioning Region
2025-04/System-Mapping.xls,2024-25,2025-03,2024-04-01,2025-04-10,2025-04-10,RJ2,Lewisham And Greenwich NHS Trust,QKK,NHS South East London Integrated Care Board,LONDON,London Commissioning Region
2025-04/System-Mapping.xls,2024-25,2025-03,2024-04-01,2025-04-10,2025-04-10,RJ6,Croydon Health Services NHS Trust,QWE,NHS South West London Integrated Care Board,LONDON,London Commissioning Region
2025-04/System-Mapping.xls,2024-25,2025-03,2024-04-01,2025-04-10,2025-04-10,RJ7,St George's University Hospitals NHS Foundation Trust,QWE,NHS South West London Integrated Care Board,LONDON,London Commissioning Region
2025-04/System-Mapping.xls,2024-25,2025-03,2024-04-01,2025-04-10,2025-04-10,RJ8,Cornwall Partnership NHS Foundation Trust,QT6,NHS Cornwall And The Isles Of Scilly Integrated Care Board,SOUTH WEST,South West Commissioning Region
2025-04/System-Mapping.xls,2024-25,2025-03,2024-04-01,2025-04-10,2025-04-10,RJC,South Warwickshire University NHS Foundation Trust,QWU,NHS Coventry And Warwickshire Integrated Care Board,MIDLANDS,Midlands Commissioning Region
2025-04/System-Mapping.xls,2024-25,2025-03,2024-04-01,2025-04-10,2025-04-10,RJE,University Hospitals Of North Midlands NHS Trust,QNC,NHS Staffordshire And Stoke-On-Trent Integrated Care Board,MIDLANDS,Midlands Commissioning Region
2025-04/System-Mapping.xls,2024-25,2025-03,2024-04-01,2025-04-10,2025-04-10,RJL,Northern Lincolnshire And Goole NHS Foundation Trust,QOQ,NHS Humber And North Yorkshire Integrated Care Board,NORTH EAST AND YORKSHIRE,North East and Yorkshire Commissioning Region
2025-04/System-Mapping.xls,2024-25,2025-03,2024-04-01,2025-04-10,2025-04-10,RJN,East Cheshire NHS Trust,QYG,NHS Cheshire And Merseyside Integrated Care Board,NORTH WEST,North West Commissioning Region
2025-04/System-Mapping.xls,2024-25,2025-03,2024-04-01,2025-04-10,2025-04-10,RJR,Countess Of Chester Hospital NHS Foundation Trust,QYG,NHS Cheshire And Merseyside Integrated Care Board,NORTH WEST,North West Commissioning Region
2025-04/System-Mapping.xls,2024-25,2025-03,2024-04-01,2025-04-10,2025-04-10,RJZ,King's College Hospital NHS Foundation Trust,QKK,NHS South East London Integrated Care Board,LONDON,London Commissioning Region
2025-04/System-Mapping.xls,2024-25,2025-03,2024-04-01,2025-04-10,2025-04-10,RK5,Sherwood Forest Hospitals NHS Foundation Trust,QT1,NHS Nottingham And Nottinghamshire Integrated Care Board,MIDLANDS,Midlands Commissioning Region
2025-04/System-Mapping.xls,2024-25,2025-03,2024-04-01,2025-04-10,2025-04-10,RK9,University Hospitals Plymouth NHS Trust,QJK,NHS Devon Integrated Care Board,SOUTH WEST,South West Commissioning Region
2025-04/System-Mapping.xls,2024-25,2025-03,2024-04-01,2025-04-10,2025-04-10,RKB,University Hospitals Coventry And Warwickshire NHS Trust,QWU,NHS Coventry And Warwickshire Integrated Care Board,MIDLANDS,Midlands Commissioning Region
2025-04/System-Mapping.xls,2024-25,2025-03,2024-04-01,2025-04-10,2025-04-10,RKE,Whittington Health NHS Trust,QMJ,NHS North Central London Integrated Care Board,LONDON,London Commissioning Region
2025-04/System-Mapping.xls,2024-25,2025-03,2024-04-01,2025-04-10,2025-04-10,RL1,The Robert Jones And Agnes Hunt Orthopaedic Hospital NHS Foundation Trust,QOC,"NHS Shropshire, Telford And Wrekin Integrated Care Board",MIDLANDS,Midlands Commissioning Region
2025-04/System-Mapping.xls,2024-25,2025-03,2024-04-01,2025-04-10,2025-04-10,RL4,The Royal Wolverhampton NHS Trust,QUA,NHS Black Country Integrated Care Board,MIDLANDS,Midlands Commissioning Region
2025-04/System-Mapping.xls,2024-25,2025-03,2024-04-01,2025-04-10,2025-04-10,RLQ,Wye Valley NHS Trust,QGH,NHS Herefordshire And Worcestershire Integrated Care Board,MIDLANDS,Midlands Commissioning Region
2025-04/System-Mapping.xls,2024-25,2025-03,2024-04-01,2025-04-10,2025-04-10,RLT,George Eliot Hospital NHS Trust,QWU,NHS Coventry And Warwickshire Integrated Care Board,MIDLANDS,Midlands Commissioning Region
2025-04/System-Mapping.xls,2024-25,2025-03,2024-04-01,2025-04-10,2025-04-10,RM1,Norfolk And Norwich University Hospitals NHS Foundation Trust,QMM,NHS Norfolk And Waveney Integrated Care Board,EAST OF ENGLAND,East of England Commissioning Region
2025-04/System-Mapping.xls,2024-25,2025-03,2024-04-01,2025-04-10,2025-04-10,RM3,Northern Care Alliance NHS Foundation Trust,QOP,NHS Greater Manchester Integrated Care Board,NORTH WEST,North West Commissioning Region
2025-04/System-Mapping.xls,2024-25,2025-03,2024-04-01,2025-04-10,2025-04-10,RMC,Bolton NHS Foundation Trust,QOP,NHS Greater Manchester Integrated Care Board,NORTH WEST,North West Commissioning Region
2025-04/System-Mapping.xls,2024-25,2025-03,2024-04-01,2025-04-10,2025-04-10,RMP,Tameside And Glossop Integrated Care NHS Foundation Trust,QOP,NHS Greater Manchester Integrated Care Board,NORTH WEST,North West Commissioning Region
2025-04/System-Mapping.xls,2024-25,2025-03,2024-04-01,2025-04-10,2025-04-10,RN3,Great Western Hospitals NHS Foundation Trust,QOX,"NHS Bath And North East Somerset, Swindon And Wiltshire Integrated Care Board",SOUTH WEST,South West Commissioning Region
2025-04/System-Mapping.xls,2024-25,2025-03,2024-04-01,2025-04-10,2025-04-10,RN5,Hampshire Hospitals NHS Foundation Trust,QRL,NHS Hampshire And Isle Of Wight Integrated Care Board,SOUTH EAST,South East Commissioning Region
2025-04/System-Mapping.xls,2024-25,2025-03,2024-04-01,2025-04-10,2025-04-10,RN7,Dartford And Gravesham NHS Trust,QKS,NHS Kent And Medway Integrated Care Board,SOUTH EAST,South East Commissioning Region
2025-04/System-Mapping.xls,2024-25,2025-03,2024-04-01,2025-04-10,2025-04-10,RNA,The Dudley Group NHS Foundation Trust,QUA,NHS Black Country Integrated Care Board,MIDLANDS,Midlands Commissioning Region
2025-04/System-Mapping.xls,2024-25,2025-03,2024-04-01,2025-04-10,2025-04-10,RNN,North Cumbria Integrated Care NHS Foundation Trust,QHM,NHS North East And North Cumbria Integrated Care Board,NORTH EAST AND YORKSHIRE,North East and Yorkshire Commissioning Region
2025-04/System-Mapping.xls,2024-25,2025-03,2024-04-01,2025-04-10,2025-04-10,RNQ,Kettering General Hospital NHS Foundation Trust,QPM,NHS Northamptonshire Integrated Care Board,MIDLANDS,Midlands Commissioning Region
2025-04/System-Mapping.xls,2024-25,2025-03,2024-04-01,2025-04-10,2025-04-10,RNS,Northampton General Hospital NHS Trust,QPM,NHS Northamptonshire Integrated Care Board,MIDLANDS,Midlands Commissioning Region
2025-04/System-Mapping.xls,2024-25,2025-03,2024-04-01,2025-04-10,2025-04-10,RNU,Oxford Health NHS Foundation Trust,QU9,"NHS Buckinghamshire, Oxfordshire And Berkshire West Integrated Care Board",SOUTH EAST,South East Commissioning Region
2025-04/System-Mapping.xls,2024-25,2025-03,2024-04-01,2025-04-10,2025-04-10,RNZ,Salisbury NHS Foundation Trust,QOX,"NHS Bath And North East Somerset, Swindon And Wiltshire Integrated Care Board",SOUTH WEST,South West Commissioning Region
2025-04/System-Mapping.xls,2024-25,2025-03,2024-04-01,2025-04-10,2025-04-10,RP5,Doncaster And Bassetlaw Teaching Hospitals NHS Foundation Trust,QF7,NHS South Yorkshire Integrated Care Board,NORTH EAST AND YORKSHIRE,North East and Yorkshire Commissioning Region
2025-04/System-Mapping.xls,2024-25,2025-03,2024-04-01,2025-04-10,2025-04-10,RP6,Moorfields Eye Hospital NHS Foundation Trust,QMJ,NHS North Central London Integrated Care Board,LONDON,London Commissioning Region
2025-04/System-Mapping.xls,2024-25,2025-03,2024-04-01,2025-04-10,2025-04-10,RPA,Medway NHS Foundation Trust,QKS,NHS Kent And Medway Integrated Care Board,SOUTH EAST,South East Commissioning Region
2025-04/System-Mapping.xls,2024-25,2025-03,2024-04-01,2025-04-10,2025-04-10,RPC,Queen Victoria Hospital NHS Foundation Trust,QNX,NHS Sussex Integrated Care Board,SOUTH EAST,South East Commissioning Region
2025-04/System-Mapping.xls,2024-25,2025-03,2024-04-01,2025-04-10,2025-04-10,RQ3,Birmingham Women's And Children's NHS Foundation Trust,QHL,NHS Birmingham And Solihull Integrated Care Board,MIDLANDS,Midlands Commissioning Region
2025-04/System-Mapping.xls,2024-25,2025-03,2024-04-01,2025-04-10,2025-04-10,RQM,Chelsea And Westminster Hospital NHS Foundation Trust,QRV,NHS North West London Integrated Care Board,LONDON,London Commissioning Region
2025-04/System-Mapping.xls,2024-25,2025-03,2024-04-01,2025-04-10,2025-04-10,RQW,The Princess Alexandra Hospital NHS Trust,QM7,NHS Hertfordshire And West Essex Integrated Care Board,EAST OF ENGLAND,East of England Commissioning Region
2025-04/System-Mapping.xls,2024-25,2025-03,2024-04-01,2025-04-10,2025-04-10,RQX,Homerton Healthcare NHS Foundation Trust,QMF,NHS North East London Integrated Care Board,LONDON,London Commissioning Region
2025-04/System-Mapping.xls,2024-25,2025-03,2024-04-01,2025-04-10,2025-04-10,RR7,Gateshead Health NHS Foundation Trust,QHM,NHS North East And North Cumbria Integrated Care Board,NORTH EAST AND YORKSHIRE,North East and Yorkshire Commissioning Region
2025-04/System-Mapping.xls,2024-25,2025-03,2024-04-01,2025-04-10,2025-04-10,RR8,Leeds Teaching Hospitals NHS Trust,QWO,NHS West Yorkshire Integrated Care Board,NORTH EAST AND YORKSHIRE,North East and Yorkshire Commissioning Region
2025-04/System-Mapping.xls,2024-25,2025-03,2024-04-01,2025-04-10,2025-04-10,RRF,"Wrightington, Wigan And Leigh NHS Foundation Trust",QOP,NHS Greater Manchester Integrated Care Board,NORTH WEST,North West Commissioning Region
2025-04/System-Mapping.xls,2024-25,2025-03,2024-04-01,2025-04-10,2025-04-10,RRK,University Hospitals Birmingham NHS Foundation Trust,QHL,NHS Birmingham And Solihull Integrated Care Board,MIDLANDS,Midlands Commissioning Region
2025-04/System-Mapping.xls,2024-25,2025-03,2024-04-01,2025-04-10,2025-04-10,RRV,University College London Hospitals NHS Foundation Trust,QMJ,NHS North Central London Integrated Care Board,LONDON,London Commissioning Region
2025-04/System-Mapping.xls,2024-25,2025-03,2024-04-01,2025-04-10,2025-04-10,RTD,The Newcastle Upon Tyne Hospitals NHS Foundation Trust,QHM,NHS North East And North Cumbria Integrated Care Board,NORTH EAST AND YORKSHIRE,North East and Yorkshire Commissioning Region
2025-04/System-Mapping.xls,2024-25,2025-03,2024-04-01,2025-04-10,2025-04-10,RTE,Gloucestershire Hospitals NHS Foundation Trust,QR1,NHS Gloucestershire Integrated Care Board,SOUTH WEST,South West Commissioning Region
2025-04/System-Mapping.xls,2024-25,2025-03,2024-04-01,2025-04-10,2025-04-10,RTF,Northumbria Healthcare NHS Foundation Trust,QHM,NHS North East And North Cumbria Integrated Care Board,NORTH EAST AND YORKSHIRE,North East and Yorkshire Commissioning Region
2025-04/System-Mapping.xls,2024-25,2025-03,2024-04-01,2025-04-10,2025-04-10,RTG,University Hospitals Of Derby And Burton NHS Foundation Trust,QJ2,NHS Derby And Derbyshire Integrated Care Board,MIDLANDS,Midlands Commissioning Region
2025-04/System-Mapping.xls,2024-25,2025-03,2024-04-01,2025-04-10,2025-04-10,RTH,Oxford University Hospitals NHS Foundation Trust,QU9,"NHS Buckinghamshire, Oxfordshire And Berkshire West Integrated Care Board",SOUTH EAST,South East Commissioning Region
2025-04/System-Mapping.xls,2024-25,2025-03,2024-04-01,2025-04-10,2025-04-10,RTK,Ashford And St Peter's Hospitals NHS Foundation Trust,QXU,NHS Surrey Heartlands Integrated Care Board,SOUTH EAST,South East Commissioning Region
2025-04/System-Mapping.xls,2024-25,2025-03,2024-04-01,2025-04-10,2025-04-10,RTP,Surrey And Sussex Healthcare NHS Trust,QXU,NHS Surrey Heartlands Integrated Care Board,SOUTH EAST,South East Commissioning Region
2025-04/System-Mapping.xls,2024-25,2025-03,2024-04-01,2025-04-10,2025-04-10,RTQ,Gloucestershire Health And Care NHS Foundation Trust,QR1,NHS Gloucestershire Integrated Care Board,SOUTH WEST,South West Commissioning Region
2025-04/System-Mapping.xls,2024-25,2025-03,2024-04-01,2025-04-10,2025-04-10,RTR,South Tees Hospitals NHS Foundation Trust,QHM,NHS North East And North Cumbria Integrated Care Board,NORTH EAST AND YORKSHIRE,North East and Yorkshire Commissioning Region
2025-04/System-Mapping.xls,2024-25,2025-03,2024-04-01,2025-04-10,2025-04-10,RTX,University Hospitals Of Morecambe Bay NHS Foundation Trust,QE1,NHS Lancashire And South Cumbria Integrated Care Board,NORTH WEST,North West Commissioning Region
2025-04/System-Mapping.xls,2024-25,2025-03,2024-04-01,2025-04-10,2025-04-10,RV9,Humber Teaching NHS Foundation Trust,QOQ,NHS Humber And North Yorkshire Integrated Care Board,NORTH EAST AND YORKSHIRE,North East and Yorkshire Commissioning Region
2025-04/System-Mapping.xls,2024-25,2025-03,2024-04-01,2025-04-10,2025-04-10,RVJ,North Bristol NHS Trust,QUY,"NHS Bristol, North Somerset And South Gloucestershire Integrated Care Board",SOUTH WEST,South West Commissioning Region
2025-04/System-Mapping.xls,2024-25,2025-03,2024-04-01,2025-04-10,2025-04-10,RVR,Epsom And St Helier University Hospitals NHS Trust,QWE,NHS South West London Integrated Care Board,LONDON,London Commissioning Region
2025-04/System-Mapping.xls,2024-25,2025-03,2024-04-01,2025-04-10,2025-04-10,RVV,East Kent Hospitals University NHS Foundation Trust,QKS,NHS Kent And Medway Integrated Care Board,SOUTH EAST,South East Commissioning Region
2025-04/System-Mapping.xls,2024-25,2025-03,2024-04-01,2025-04-10,2025-04-10,RVW,North Tees And Hartlepool NHS Foundation Trust,QHM,NHS North East And North Cumbria Integrated Care Board,NORTH EAST AND YORKSHIRE,North East and Yorkshire Commissioning Region
2025-04/System-Mapping.xls,2024-25,2025-03,2024-04-01,2025-04-10,2025-04-10,RW1,Southern Health NHS Foundation Trust,QRL,NHS Hampshire And Isle Of Wight Integrated Care Board,SOUTH EAST,South East Commissioning Region
2025-04/System-Mapping.xls,2024-25,2025-03,2024-04-01,2025-04-10,2025-04-10,RW4,Mersey Care NHS Foundation Trust,QYG,NHS Cheshire And Merseyside Integrated Care Board,NORTH WEST,North West Commissioning Region
2025-04/System-Mapping.xls,2024-25,2025-03,2024-04-01,2025-04-10,2025-04-10,RWA,Hull University Teaching Hospitals NHS Trust,QOQ,NHS Humber And North Yorkshire Integrated Care Board,NORTH EAST AND YORKSHIRE,North East and Yorkshire Commissioning Region
2025-04/System-Mapping.xls,2024-25,2025-03,2024-04-01,2025-04-10,2025-04-10,RWD,United Lincolnshire Teaching Hospitals NHS Trust,QJM,NHS Lincolnshire Integrated Care Board,MIDLANDS,Midlands Commissioning Region
2025-04/System-Mapping.xls,2024-25,2025-03,2024-04-01,2025-04-10,2025-04-10,RWE,University Hospitals Of Leicester NHS Trust,QK1,"NHS Leicester, Leicestershire And Rutland Integrated Care Board",MIDLANDS,Midlands Commissioning Region
2025-04/System-Mapping.xls,2024-25,2025-03,2024-04-01,2025-04-10,2025-04-10,RWF,Maidstone And Tunbridge Wells NHS Trust,QKS,NHS Kent And Medway Integrated Care Board,SOUTH EAST,South East Commissioning Region
2025-04/System-Mapping.xls,2024-25,2025-03,2024-04-01,2025-04-10,2025-04-10,RWG,West Hertfordshire Teaching Hospitals NHS Trust,QM7,NHS Hertfordshire And West Essex Integrated Care Board,EAST OF ENGLAND,East of England Commissioning Region
2025-04/System-Mapping.xls,2024-25,2025-03,2024-04-01,2025-04-10,2025-04-10,RWH,East And North Hertfordshire NHS Trust,QM7,NHS Hertfordshire And West Essex Integrated Care Board,EAST OF ENGLAND,East of England Commissioning Region
2025-04/System-Mapping.xls,2024-25,2025-03,2024-04-01,2025-04-10,2025-04-10,RWJ,Stockport NHS Foundation Trust,QOP,NHS Greater Manchester Integrated Care Board,NORTH WEST,North West Commissioning Region
2025-04/System-Mapping.xls,2024-25,2025-03,2024-04-01,2025-04-10,2025-04-10,RWP,Worcestershire Acute Hospitals NHS Trust,QGH,NHS Herefordshire And Worcestershire Integrated Care Board,MIDLANDS,Midlands Commissioning Region
2025-04/System-Mapping.xls,2024-25,2025-03,2024-04-01,2025-04-10,2025-04-10,RWW,Warrington And Halton Teaching Hospitals NHS Foundation Trust,QYG,NHS Cheshire And Merseyside Integrated Care Board,NORTH WEST,North West Commissioning Region
2025-04/System-Mapping.xls,2024-25,2025-03,2024-04-01,2025-04-10,2025-04-10,RWX,Berkshire Healthcare NHS Foundation Trust,QU9,"NHS Buckinghamshire, Oxfordshire And Berkshire West Integrated Care Board",SOUTH EAST,South East Commissioning Region
2025-04/System-Mapping.xls,2024-25,2025-03,2024-04-01,2025-04-10,2025-04-10,RWY,Calderdale And Huddersfield NHS Foundation Trust,QWO,NHS West Yorkshire Integrated Care Board,NORTH EAST AND YORKSHIRE,North East and Yorkshire Commissioning Region
2025-04/System-Mapping.xls,2024-25,2025-03,2024-04-01,2025-04-10,2025-04-10,RX1,Nottingham University Hospitals NHS Trust,QT1,NHS Nottingham And Nottinghamshire Integrated Care Board,MIDLANDS,Midlands Commissioning Region
2025-04/System-Mapping.xls,2024-25,2025-03,2024-04-01,2025-04-10,2025-04-10,RXC,East Sussex Healthcare NHS Trust,QNX,NHS Sussex Integrated Care Board,SOUTH EAST,South East Commissioning Region
2025-04/System-Mapping.xls,2024-25,2025-03,2024-04-01,2025-04-10,2025-04-10,RXF,Mid Yorkshire Hospitals NHS Trust,QWO,NHS West Yorkshire Integrated Care Board,NORTH EAST AND YORKSHIRE,North East and Yorkshire Commissioning Region
2025-04/System-Mapping.xls,2024-25,2025-03,2024-04-01,2025-04-10,2025-04-10,RXG,South West Yorkshire Partnership NHS Foundation Trust,QWO,NHS West Yorkshire Integrated Care Board,NORTH EAST AND YORKSHIRE,North East and Yorkshire Commissioning Region
2025-04/System-Mapping.xls,2024-25,2025-03,2024-04-01,2025-04-10,2025-04-10,RXK,Sandwell And West Birmingham Hospitals NHS Trust,QUA,NHS Black Country Integrated Care Board,MIDLANDS,Midlands Commissioning Region
2025-04/System-Mapping.xls,2024-25,2025-03,2024-04-01,2025-04-10,2025-04-10,RXL,Blackpool Teaching Hospitals NHS Foundation Trust,QE1,NHS Lancashire And South Cumbria Integrated Care Board,NORTH WEST,North West Commissioning Region
2025-04/System-Mapping.xls,2024-25,2025-03,2024-04-01,2025-04-10,2025-04-10,RXN,Lancashire Teaching Hospitals NHS Foundation Trust,QE1,NHS Lancashire And South Cumbria Integrated Care Board,NORTH WEST,North West Commissioning Region
2025-04/System-Mapping.xls,2024-25,2025-03,2024-04-01,2025-04-10,2025-04-10,RXP,County Durham And Darlington NHS Foundation Trust,QHM,NHS North East And North Cumbria Integrated Care Board,NORTH EAST AND YORKSHIRE,North East and Yorkshire Commissioning Region
2025-04/System-Mapping.xls,2024-25,2025-03,2024-04-01,2025-04-10,2025-04-10,RXQ,Buckinghamshire Healthcare NHS Trust,QU9,"NHS Buckinghamshire, Oxfordshire And Berkshire West Integrated Care Board",SOUTH EAST,South East Commissioning Region
2025-04/System-Mapping.xls,2024-25,2025-03,2024-04-01,2025-04-10,2025-04-10,RXR,East Lancashire Hospitals NHS Trust,QE1,NHS Lancashire And South Cumbria Integrated Care Board,NORTH WEST,North West Commissioning Region
2025-04/System-Mapping.xls,2024-25,2025-03,2024-04-01,2025-04-10,2025-04-10,RXW,The Shrewsbury And Telford Hospital NHS Trust,QOC,"NHS Shropshire, Telford And Wrekin Integrated Care Board",MIDLANDS,Midlands Commissioning Region
2025-04/System-Mapping.xls,2024-25,2025-03,2024-04-01,2025-04-10,2025-04-10,RY2,Bridgewater Community Healthcare NHS Foundation Trust,QYG,NHS Cheshire And Merseyside Integrated Care Board,NORTH WEST,North West Commissioning Region
2025-04/System-Mapping.xls,2024-25,2025-03,2024-04-01,2025-04-10,2025-04-10,RY4,Hertfordshire Community NHS Trust,QM7,NHS Hertfordshire And West Essex Integrated Care Board,EAST OF ENGLAND,East of England Commissioning Region
2025-04/System-Mapping.xls,2024-25,2025-03,2024-04-01,2025-04-10,2025-04-10,RY5,Lincolnshire Community Health Services NHS Trust,QJM,NHS Lincolnshire Integrated Care Board,MIDLANDS,Midlands Commissioning Region
2025-04/System-Mapping.xls,2024-25,2025-03,2024-04-01,2025-04-10,2025-04-10,RY7,Wirral Community Health And Care NHS Foundation Trust,QYG,NHS Cheshire And Merseyside Integrated Care Board,NORTH WEST,North West Commissioning Region
2025-04/System-Mapping.xls,2024-25,2025-03,2024-04-01,2025-04-10,2025-04-10,RY8,Derbyshire Community Health Services NHS Foundation Trust,QJ2,NHS Derby And Derbyshire Integrated Care Board,MIDLANDS,Midlands Commissioning Region
2025-04/System-Mapping.xls,2024-25,2025-03,2024-04-01,2025-04-10,2025-04-10,RY9,Hounslow And Richmond Community Healthcare NHS Trust,QWE,NHS South West London Integrated Care Board,LONDON,London Commissioning Region
2025-04/System-Mapping.xls,2024-25,2025-03,2024-04-01,2025-04-10,2025-04-10,RYF,South Western Ambulance Service NHS Foundation Trust,QJK,NHS Devon Integrated Care Board,SOUTH WEST,South West Commissioning Region
2025-04/System-Mapping.xls,2024-25,2025-03,2024-04-01,2025-04-10,2025-04-10,RYG,Coventry and Warwickshire Partnership NHS Trust,QWU,NHS Coventry And Warwickshire Integrated Care Board,MIDLANDS,Midlands Commissioning Region
2025-04/System-Mapping.xls,2024-25,2025-03,2024-04-01,2025-04-10,2025-04-10,RYJ,Imperial College Healthcare NHS Trust,QRV,NHS North West London Integrated Care Board,LONDON,London Commissioning Region
2025-04/System-Mapping.xls,2024-25,2025-03,2024-04-01,2025-04-10,2025-04-10,RYR,University Hospitals Sussex NHS Foundation Trust,QNX,NHS Sussex Integrated Care Board,SOUTH EAST,South East Commissioning Region
2025-04/System-Mapping.xls,2024-25,2025-03,2024-04-01,2025-04-10,2025-04-10,RYX,Central London Community Healthcare NHS Trust,QRV,NHS North West London Integrated Care Board,LONDON,London Commissioning Region
2025-04/System-Mapping.xls,2024-25,2025-03,2024-04-01,2025-04-10,2025-04-10,RYY,Kent Community Health NHS Foundation Trust,QKS,NHS Kent And Medway Integrated Care Board,SOUTH EAST,South East Commissioning Region
2025-04/System-Mapping.xls,2024-25,2025-03,2024-04-01,2025-04-10,2025-04-10,Y00751,East Berks Primary Care Ooh(Wam),QNQ,NHS Frimley Integrated Care Board,SOUTH EAST,South East Commissioning Region
2025-04/System-Mapping.xls,2024-25,2025-03,2024-04-01,2025-04-10,2025-04-10,Y02147,Urgent Care Centre (Qms),QKK,NHS South East London Integrated Care Board,LONDON,London Commissioning Region
2025-04/System-Mapping.xls,2024-25,2025-03,2024-04-01,2025-04-10,2025-04-10,Y02428,Putnoe Medical Centre Walk In Centre,QHG,"NHS Bedfordshire, Luton And Milton Keynes Integrated Care Board",EAST OF ENGLAND,East of England Commissioning Region
2025-04/System-Mapping.xls,2024-25,2025-03,2024-04-01,2025-04-10,2025-04-10,Y02532,Miriam Minor Emergency,QYG,NHS Cheshire And Merseyside Integrated Care Board,NORTH WEST,North West Commissioning Region
2025-04/System-Mapping.xls,2024-25,2025-03,2024-04-01,2025-04-10,2025-04-10,Y02615,South Birmingham GP Walk In Centre,QHL,NHS Birmingham And Solihull Integrated Care Board,MIDLANDS,Midlands Commissioning Region
2025-04/System-Mapping.xls,2024-25,2025-03,2024-04-01,2025-04-10,2025-04-10,Y02676,Brighton Station Health Centre,QNX,NHS Sussex Integrated Care Board,SOUTH EAST,South East Commissioning Region
2025-04/System-Mapping.xls,2024-25,2025-03,2024-04-01,2025-04-10,2025-04-10,Y03007,Erdington GP Health & Wellbeing Wic,QHL,NHS Birmingham And Solihull Integrated Care Board,MIDLANDS,Midlands Commissioning Region
2025-04/System-Mapping.xls,2024-25,2025-03,2024-04-01,2025-04-10,2025-04-10,Y03218,The Pinn Unregistered Wic,QRV,NHS North West London Integrated Care Board,LONDON,London Commissioning Region
2025-04/System-Mapping.xls,2024-25,2025-03,2024-04-01,2025-04-10,2025-04-10,Y03571,Corby Urgent Care Centre,QPM,NHS Northamptonshire Integrated Care Board,MIDLANDS,Midlands Commissioning Region
2025-04/System-Mapping.xls,2024-25,2025-03,2024-04-01,2025-04-10,2025-04-10,Y04538,Bracknell Urgent Care Centre Wic,QNQ,NHS Frimley Integrated Care Board,SOUTH EAST,South East Commissioning Region
2025-04/System-Mapping.xls,2024-25,2025-03,2024-04-01,2025-04-10,2025-04-10,Y07709,Reading Urgent Care Centre,QU9,"NHS Buckinghamshire, Oxfordshire And Berkshire West Integrated Care Board",SOUTH EAST,South East Commissioning Region
2025-06/System-Mapping.xls,2025-26,2025-05,2025-04-01,2025-06-12,2025-06-12,8J094,Badger Ltd,QHL,NHS Birmingham And Solihull Integrated Care Board,MIDLANDS,Midlands Commissioning Region
2025-06/System-Mapping.xls,2025-26,2025-05,2025-04-01,2025-06-12,2025-06-12,A5D4Q,NEMS UTC,QT1,NHS Nottingham And Nottinghamshire Integrated Care Board,MIDLANDS,Midlands Commissioning Region
2025-06/System-Mapping.xls,2025-26,2025-05,2025-04-01,2025-06-12,2025-06-12,AAH,Tetbury Hospital Trust Ltd,QR1,NHS Gloucestershire Integrated Care Board,SOUTH WEST,South West Commissioning Region
2025-06/System-Mapping.xls,2025-26,2025-05,2025-04-01,2025-06-12,2025-06-12,ACH01,Whitstable Medical Practice,QKS,NHS Kent And Medway Integrated Care Board,SOUTH EAST,South East Commissioning Region
2025-06/System-Mapping.xls,2025-26,2025-05,2025-04-01,2025-06-12,2025-06-12,AD913,Beckenham Beacon Ucc,QKK,NHS South East London Integrated Care Board,LONDON,London Commissioning Region
2025-06/System-Mapping.xls,2025-26,2025-05,2025-04-01,2025-06-12,2025-06-12,AJN,Workington Health Limited,QHM,NHS North East And North Cumbria Integrated Care Board,NORTH EAST AND YORKSHIRE,North East and Yorkshire Commissioning Region
2025-06/System-Mapping.xls,2025-26,2025-05,2025-04-01,2025-06-12,2025-06-12,AQM01,Faversham Medical Practice MIU,QKS,NHS Kent And Medway Integrated Care Board,SOUTH EAST,South East Commissioning Region
2025-06/System-Mapping.xls,2025-26,2025-05,2025-04-01,2025-06-12,2025-06-12,AQN04,Phl Lymington Utc,QRL,NHS Hampshire And Isle Of Wight Integrated Care Board,SOUTH EAST,South East Commissioning Region
2025-06/System-Mapping.xls,2025-26,2025-05,2025-04-01,2025-06-12,2025-06-12,ARN03,Local Care Direct,QWO,NHS West Yorkshire Integrated Care Board,NORTH EAST AND YORKSHIRE,North East and Yorkshire Commissioning Region
2025-06/System-Mapping.xls,2025-26,2025-05,2025-04-01,2025-06-12,2025-06-12,C82009,Market Harborough Med.Ctr,QK1,"NHS Leicester, Leicestershire And Rutland Integrated Care Board",MIDLANDS,Midlands Commissioning Region
2025-06/System-Mapping.xls,2025-26,2025-05,2025-04-01,2025-06-12,2025-06-12,C82038,Latham House Medical Practice,QK1,"NHS Leicester, Leicestershire And Rutland Integrated Care Board",MIDLANDS,Midlands Commissioning Region
2025-06/System-Mapping.xls,2025-26,2025-05,2025-04-01,2025-06-12,2025-06-12,C83023,Sleaford Medical Group,QJM,NHS Lincolnshire Integrated Care Board,MIDLANDS,Midlands Commissioning Region
2025-06/System-Mapping.xls,2025-26,2025-05,2025-04-01,2025-06-12,2025-06-12,DD401,Exmouth Minor Injury Unit,QJK,NHS Devon Integrated Care Board,SOUTH WEST,South West Commissioning Region
2025-06/System-Mapping.xls,2025-26,2025-05,2025-04-01,2025-06-12,2025-06-12,DT301,Herts Urgent Care (Ascots Lane),QM7,NHS Hertfordshire And West Essex Integrated Care Board,EAST OF ENGLAND,East of England Commissioning Region
2025-06/System-Mapping.xls,2025-26,2025-05,2025-04-01,2025-06-12,2025-06-12,G0Q0L,Barking Hospital UTC,QMF,NHS North East London Integrated Care Board,LONDON,London Commissioning Region
2025-06/System-Mapping.xls,2025-26,2025-05,2025-04-01,2025-06-12,2025-06-12,G3P9C,Trowbridge Minor Injuries Unit,QOX,"NHS Bath And North East Somerset, Swindon And Wiltshire Integrated Care Board",SOUTH WEST,South West Commissioning Region
2025-06/System-Mapping.xls,2025-26,2025-05,2025-04-01,2025-06-12,2025-06-12,K6K0R,Harold Wood Polyclinic UTC,QMF,NHS North East London Integrated Care Board,LONDON,London Commissioning Region
2025-06/System-Mapping.xls,2025-26,2025-05,2025-04-01,2025-06-12,2025-06-12,L83087,Okehampton Medical Centre,QJK,NHS Devon Integrated Care Board,SOUTH WEST,South West Commissioning Region
2025-06/System-Mapping.xls,2025-26,2025-05,2025-04-01,2025-06-12,2025-06-12,NDA57,Haslemere Minor Injuries Unit,QXU,NHS Surrey Heartlands Integrated Care Board,SOUTH EAST,South East Commissioning Region
2025-06/System-Mapping.xls,2025-26,2025-05,2025-04-01,2025-06-12,2025-06-12,NDJ,First Community Health And Care Cic,QNX,NHS Sussex Integrated Care Board,SOUTH EAST,South East Commissioning Region
2025-06/System-Mapping.xls,2025-26,2025-05,2025-04-01,2025-06-12,2025-06-12,NL7,Assura Vertis Urgent Care Centres (Birmingham),QHL,NHS Birmingham And Solihull Integrated Care Board,MIDLANDS,Midlands Commissioning Region
2025-06/System-Mapping.xls,2025-26,2025-05,2025-04-01,2025-06-12,2025-06-12,NLX,Sirona Care & Health,QUY,"NHS Bristol, North Somerset And South Gloucestershire Integrated Care Board",SOUTH WEST,South West Commissioning Region
2025-06/System-Mapping.xls,2025-26,2025-05,2025-04-01,2025-06-12,2025-06-12,NNF09,Bransholme Health Centre,QOQ,NHS Humber And North Yorkshire Integrated Care Board,NORTH EAST AND YORKSHIRE,North East and Yorkshire Commissioning Region
2025-06/System-Mapping.xls,2025-26,2025-05,2025-04-01,2025-06-12,2025-06-12,NNF16,Bridlington Hospital,QOQ,NHS Humber And North Yorkshire Integrated Care Board,NORTH EAST AND YORKSHIRE,North East and Yorkshire Commissioning Region
2025-06/System-Mapping.xls,2025-26,2025-05,2025-04-01,2025-06-12,2025-06-12,NNF76,The Wilberforce Health Centre,QOQ,NHS Humber And North Yorkshire Integrated Care Board,NORTH EAST AND YORKSHIRE,North East and Yorkshire Commissioning Region
2025-06/System-Mapping.xls,2025-26,2025-05,2025-04-01,2025-06-12,2025-06-12,NNF94,East Riding Community Hospital,QOQ,NHS Humber And North Yorkshire Integrated Care Board,NORTH EAST AND YORKSHIRE,North East and Yorkshire Commissioning Region
2025-06/System-Mapping.xls,2025-26,2025-05,2025-04-01,2025-06-12,2025-06-12,NNFA7,Goole & District Hospital,QOQ,NHS Humber And North Yorkshire Integrated Care Board,NORTH EAST AND YORKSHIRE,North East and Yorkshire Commissioning Region
2025-06/System-Mapping.xls,2025-26,2025-05,2025-04-01,2025-06-12,2025-06-12,NNJ,Dhu Health Care C.I.C,QJ2,NHS Derby And Derbyshire Integrated Care Board,MIDLANDS,Midlands Commissioning Region
2025-06/System-Mapping.xls,2025-26,2025-05,2025-04-01,2025-06-12,2025-06-12,NNJ07,Loughborough Urgent Care Centre,QK1,"NHS Leicester, Leicestershire And Rutland Integrated Care Board",MIDLANDS,Midlands Commissioning Region
2025-06/System-Mapping.xls,2025-26,2025-05,2025-04-01,2025-06-12,2025-06-12,NNJ0H,Llr Ea - The Merlyn Vaz Health & Social Care Centre,QK1,"NHS Leicester, Leicestershire And Rutland Integrated Care Board",MIDLANDS,Midlands Commissioning Region
2025-06/System-Mapping.xls,2025-26,2025-05,2025-04-01,2025-06-12,2025-06-12,NNJ12,Market Harborough,QK1,"NHS Leicester, Leicestershire And Rutland Integrated Care Board",MIDLANDS,Midlands Commissioning Region
2025-06/System-Mapping.xls,2025-26,2025-05,2025-04-01,2025-06-12,2025-06-12,NNJ13,Melton Mowbray,QK1,"NHS Leicester, Leicestershire And Rutland Integrated Care Board",MIDLANDS,Midlands Commissioning Region
2025-06/System-Mapping.xls,2025-26,2025-05,2025-04-01,2025-06-12,2025-06-12,NNJ14,Oadby,QK1,"NHS Leicester, Leicestershire And Rutland Integrated Care Board",MIDLANDS,Midlands Commissioning Region
2025-06/System-Mapping.xls,2025-26,2025-05,2025-04-01,2025-06-12,2025-06-12,NNJ15,Oakham,QK1,"NHS Leicester, Leicestershire And Rutland Integrated Care Board",MIDLANDS,Midlands Commissioning Region
2025-06/System-Mapping.xls,2025-26,2025-05,2025-04-01,2025-06-12,2025-06-12,NQT1I,Chippenham Community Hospital,QOX,"NHS Bath And North East Somerset, Swindon And Wiltshire Integrated Care Board",SOUTH WEST,South West Commissioning Region
2025-06/System-Mapping.xls,2025-26,2025-05,2025-04-01,2025-06-12,2025-06-12,NQT51,Station Plaza Health Centre,QNX,NHS Sussex Integrated Care Board,SOUTH EAST,South East Commissioning Region
2025-06/System-Mapping.xls,2025-26,2025-05,2025-04-01,2025-06-12,2025-06-12,NQT5F,Skelmersdale Walk In Centre,QE1,NHS Lancashire And South Cumbria Integrated Care Board,NORTH WEST,North West Commissioning Region
2025-06/System-Mapping.xls,2025-26,2025-05,2025-04-01,2025-06-12,2025-06-12,NQT5H,Paulton Memorial Hospital,QOX,"NHS Bath And North East Somerset, Swindon And Wiltshire Integrated Care Board",SOUTH WEST,South West Commissioning Region
2025-06/System-Mapping.xls,2025-26,2025-05,2025-04-01,2025-06-12,2025-06-12,NQTE4,Summerfield Urgent Care Centre,QUA,NHS Black Country Integrated Care Board,MIDLANDS,Midlands Commissioning Region
2025-06/System-Mapping.xls,2025-26,2025-05,2025-04-01,2025-06-12,2025-06-12,NR3,Nottingham Citycare Partnership,QT1,NHS Nottingham And Nottinghamshire Integrated Care Board,MIDLANDS,Midlands Commissioning Region
2025-06/System-Mapping.xls,2025-26,2025-05,2025-04-01,2025-06-12,2025-06-12,NTP11,Practice Plus Group Hospital - Southampton,QRL,NHS Hampshire And Isle Of Wight Integrated Care Board,SOUTH EAST,South East Commissioning Region
2025-06/System-Mapping.xls,2025-26,2025-05,2025-04-01,2025-06-12,2025-06-12,NTPAD,Practice Plus Group Surgical Centre - St Marys Portsmouth,QRL,NHS Hampshire And Isle Of Wight Integrated Care Board,SOUTH EAST,South East Commissioning Region
2025-06/System-Mapping.xls,2025-26,2025-05,2025-04-01,2025-06-12,2025-06-12,NTV0B,Ashford Walk-In-Centre,QXU,NHS Surrey Heartlands Integrated Care Board,SOUTH EAST,South East Commissioning Region
2025-06/System-Mapping.xls,2025-26,2025-05,2025-04-01,2025-06-12,2025-06-12,NTV0W,Woking Walk In Centre,QXU,NHS Surrey Heartlands Integrated Care Board,SOUTH EAST,South East Commissioning Region
2025-06/System-Mapping.xls,2025-26,2025-05,2025-04-01,2025-06-12,2025-06-12,NV693,Rossendale Miu & Ooh,QE1,NHS Lancashire And South Cumbria Integrated Care Board,NORTH WEST,North West Commissioning Region
2025-06/System-Mapping.xls,2025-26,2025-05,2025-04-01,2025-06-12,2025-06-12,R0A,Manchester University NHS Foundation Trust,QOP,NHS Greater Manchester Integrated Care Board,NORTH WEST,North West Commissioning Region
2025-06/System-Mapping.xls,2025-26,2025-05,2025-04-01,2025-06-12,2025-06-12,R0B,South Tyneside And Sunderland NHS Foundation Trust,QHM,NHS North East And North Cumbria Integrated Care Board,NORTH EAST AND YORKSHIRE,North East and Yorkshire Commissioning Region
2025-06/System-Mapping.xls,2025-26,2025-05,2025-04-01,2025-06-12,2025-06-12,R0D,University Hospitals Dorset NHS Foundation Trust,QVV,NHS Dorset Integrated Care Board,SOUTH WEST,South West Commissioning Region
2025-06/System-Mapping.xls,2025-26,2025-05,2025-04-01,2025-06-12,2025-06-12,R1D,Shropshire Community Health NHS Trust,QOC,"NHS Shropshire, Telford And Wrekin Integrated Care Board",MIDLANDS,Midlands Commissioning Region
2025-06/System-Mapping.xls,2025-26,2025-05,2025-04-01,2025-06-12,2025-06-12,R1F,Isle Of Wight NHS Trust,QRL,NHS Hampshire And Isle Of Wight Integrated Care Board,SOUTH EAST,South East Commissioning Region
2025-06/System-Mapping.xls,2025-26,2025-05,2025-04-01,2025-06-12,2025-06-12,R1H,Barts Health NHS Trust,QMF,NHS North East London Integrated Care Board,LONDON,London Commissioning Region
2025-06/System-Mapping.xls,2025-26,2025-05,2025-04-01,2025-06-12,2025-06-12,R1K,London North West University Healthcare NHS Trust,QRV,NHS North West London Integrated Care Board,LONDON,London Commissioning Region
2025-06/System-Mapping.xls,2025-26,2025-05,2025-04-01,2025-06-12,2025-06-12,RA2,Royal Surrey County Hospital NHS Foundation Trust,QXU,NHS Surrey Heartlands Integrated Care Board,SOUTH EAST,South East Commissioning Region
2025-06/System-Mapping.xls,2025-26,2025-05,2025-04-01,2025-06-12,2025-06-12,RA7,University Hospitals Bristol And Weston NHS Foundation Trust,QUY,"NHS Bristol, North Somerset And South Gloucestershire Integrated Care Board",SOUTH WEST,South West Commissioning Region
2025-06/System-Mapping.xls,2025-26,2025-05,2025-04-01,2025-06-12,2025-06-12,RA9,Torbay And South Devon NHS Foundation Trust,QJK,NHS Devon Integrated Care Board,SOUTH WEST,South West Commissioning Region
2025-06/System-Mapping.xls,2025-26,2025-05,2025-04-01,2025-06-12,2025-06-12,RAE,Bradford Teaching Hospitals NHS Foundation Trust,QWO,NHS West Yorkshire Integrated Care Board,NORTH EAST AND YORKSHIRE,North East and Yorkshire Commissioning Region
2025-06/System-Mapping.xls,2025-26,2025-05,2025-04-01,2025-06-12,2025-06-12,RAJ,Mid And South Essex NHS Foundation Trust,QH8,NHS Mid And South Essex Integrated Care Board,EAST OF ENGLAND,East of England Commissioning Region
2025-06/System-Mapping.xls,2025-26,2025-05,2025-04-01,2025-06-12,2025-06-12,RAL,Royal Free London NHS Foundation Trust,QMJ,NHS North Central London Integrated Care Board,LONDON,London Commissioning Region
2025-06/System-Mapping.xls,2025-26,2025-05,2025-04-01,2025-06-12,2025-06-12,RAN,Royal National Orthopaedic Hospital NHS Trust,QMJ,NHS North Central London Integrated Care Board,LONDON,London Commissioning Region
2025-06/System-Mapping.xls,2025-26,2025-05,2025-04-01,2025-06-12,2025-06-12,RAS,The Hillingdon Hospitals NHS Foundation Trust,QRV,NHS North West London Integrated Care Board,LONDON,London Commissioning Region
2025-06/System-Mapping.xls,2025-26,2025-05,2025-04-01,2025-06-12,2025-06-12,RAT,North East London NHS Foundation Trust,QMF,NHS North East London Integrated Care Board,LONDON,London Commissioning Region
2025-06/System-Mapping.xls,2025-26,2025-05,2025-04-01,2025-06-12,2025-06-12,RAX,Kingston and Richmond NHS Foundation Trust,QWE,NHS South West London Integrated Care Board,LONDON,London Commissioning Region
2025-06/System-Mapping.xls,2025-26,2025-05,2025-04-01,2025-06-12,2025-06-12,RBD,Dorset County Hospital NHS Foundation Trust,QVV,NHS Dorset Integrated Care Board,SOUTH WEST,South West Commissioning Region
2025-06/System-Mapping.xls,2025-26,2025-05,2025-04-01,2025-06-12,2025-06-12,RBK,Walsall Healthcare NHS Trust,QUA,NHS Black Country Integrated Care Board,MIDLANDS,Midlands Commissioning Region
2025-06/System-Mapping.xls,2025-26,2025-05,2025-04-01,2025-06-12,2025-06-12,RBL,Wirral University Teaching Hospital NHS Foundation Trust,QYG,NHS Cheshire And Merseyside Integrated Care Board,NORTH WEST,North West Commissioning Region
2025-06/System-Mapping.xls,2025-26,2025-05,2025-04-01,2025-06-12,2025-06-12,RBN,Mersey And West Lancashire Teaching Hospitals NHS Trust,QYG,NHS Cheshire And Merseyside Integrated Care Board,NORTH WEST,North West Commissioning Region
2025-06/System-Mapping.xls,2025-26,2025-05,2025-04-01,2025-06-12,2025-06-12,RBQ,Liverpool Heart And Chest Hospital NHS Foundation Trust,QYG,NHS Cheshire And Merseyside Integrated Care Board,NORTH WEST,North West Commissioning Region
2025-06/System-Mapping.xls,2025-26,2025-05,2025-04-01,2025-06-12,2025-06-12,RBS,Alder Hey Children's NHS Foundation Trust,QYG,NHS Cheshire And Merseyside Integrated Care Board,NORTH WEST,North West Commissioning Region
2025-06/System-Mapping.xls,2025-26,2025-05,2025-04-01,2025-06-12,2025-06-12,RBT,Mid Cheshire Hospitals NHS Foundation Trust,QYG,NHS Cheshire And Merseyside Integrated Care Board,NORTH WEST,North West Commissioning Region
2025-06/System-Mapping.xls,2025-26,2025-05,2025-04-01,2025-06-12,2025-06-12,RBV,The Christie NHS Foundation Trust,QOP,NHS Greater Manchester Integrated Care Board,NORTH WEST,North West Commissioning Region
2025-06/System-Mapping.xls,2025-26,2025-05,2025-04-01,2025-06-12,2025-06-12,RC9,Bedfordshire Hospitals NHS Foundation Trust,QHG,"NHS Bedfordshire, Luton And Milton Keynes Integrated Care Board",EAST OF ENGLAND,East of England Commissioning Region
2025-06/System-Mapping.xls,2025-26,2025-05,2025-04-01,2025-06-12,2025-06-12,RCB,York And Scarborough Teaching Hospitals NHS Foundation Trust,QOQ,NHS Humber And North Yorkshire Integrated Care Board,NORTH EAST AND YORKSHIRE,North East and Yorkshire Commissioning Region
2025-06/System-Mapping.xls,2025-26,2025-05,2025-04-01,2025-06-12,2025-06-12,RCD,Harrogate And District NHS Foundation Trust,QOQ,NHS Humber And North Yorkshire Integrated Care Board,NORTH EAST AND YORKSHIRE,North East and Yorkshire Commissioning Region
2025-06/System-Mapping.xls,2025-26,2025-05,2025-04-01,2025-06-12,2025-06-12,RCF,Airedale NHS Foundation Trust,QWO,NHS West Yorkshire Integrated Care Board,NORTH EAST AND YORKSHIRE,North East and Yorkshire Commissioning Region
2025-06/System-Mapping.xls,2025-26,2025-05,2025-04-01,2025-06-12,2025-06-12,RCU,Sheffield Children's NHS Foundation Trust,QF7,NHS South Yorkshire Integrated Care Board,NORTH EAST AND YORKSHIRE,North East and Yorkshire Commissioning Region
2025-06/System-Mapping.xls,2025-26,2025-05,2025-04-01,2025-06-12,2025-06-12,RCX,"The Queen Elizabeth Hospital, King's Lynn, NHS Foundation Trust",QMM,NHS Norfolk And Waveney Integrated Care Board,EAST OF ENGLAND,East of England Commissioning Region
2025-06/System-Mapping.xls,2025-26,2025-05,2025-04-01,2025-06-12,2025-06-12,RD1,Royal United Hospitals Bath NHS Foundation Trust,QOX,"NHS Bath And North East Somerset, Swindon And Wiltshire Integrated Care Board",SOUTH WEST,South West Commissioning Region
2025-06/System-Mapping.xls,2025-26,2025-05,2025-04-01,2025-06-12,2025-06-12,RD8,Milton Keynes University Hospital NHS Foundation Trust,QHG,"NHS Bedfordshire, Luton And Milton Keynes Integrated Care Board",EAST OF ENGLAND,East of England Commissioning Region
2025-06/System-Mapping.xls,2025-26,2025-05,2025-04-01,2025-06-12,2025-06-12,RDE,East Suffolk And North Essex NHS Foundation Trust,QJG,NHS Suffolk And North East Essex Integrated Care Board,EAST OF ENGLAND,East of England Commissioning Region
2025-06/System-Mapping.xls,2025-26,2025-05,2025-04-01,2025-06-12,2025-06-12,RDR,Sussex Community NHS Foundation Trust,QNX,NHS Sussex Integrated Care Board,SOUTH EAST,South East Commissioning Region
2025-06/System-Mapping.xls,2025-26,2025-05,2025-04-01,2025-06-12,2025-06-12,RDU,Frimley Health NHS Foundation Trust,QNQ,NHS Frimley Integrated Care Board,SOUTH EAST,South East Commissioning Region
2025-06/System-Mapping.xls,2025-26,2025-05,2025-04-01,2025-06-12,2025-06-12,RDY,Dorset Healthcare University NHS Foundation Trust,QVV,NHS Dorset Integrated Care Board,SOUTH WEST,South West Commissioning Region
2025-06/System-Mapping.xls,2025-26,2025-05,2025-04-01,2025-06-12,2025-06-12,REF,Royal Cornwall Hospitals NHS Trust,QT6,NHS Cornwall And The Isles Of Scilly Integrated Care Board,SOUTH WEST,South West Commissioning Region
2025-06/System-Mapping.xls,2025-26,2025-05,2025-04-01,2025-06-12,2025-06-12,REM,Liverpool University Hospitals NHS Foundation Trust,QYG,NHS Cheshire And Merseyside Integrated Care Board,NORTH WEST,North West Commissioning Region
2025-06/System-Mapping.xls,2025-26,2025-05,2025-04-01,2025-06-12,2025-06-12,REP,Liverpool Women's NHS Foundation Trust,QYG,NHS Cheshire And Merseyside Integrated Care Board,NORTH WEST,North West Commissioning Region
2025-06/System-Mapping.xls,2025-26,2025-05,2025-04-01,2025-06-12,2025-06-12,RET,The Walton Centre NHS Foundation Trust,QYG,NHS Cheshire And Merseyside Integrated Care Board,NORTH WEST,North West Commissioning Region
2025-06/System-Mapping.xls,2025-26,2025-05,2025-04-01,2025-06-12,2025-06-12,RF4,"Barking, Havering And Redbridge University Hospitals NHS Trust",QMF,NHS North East London Integrated Care Board,LONDON,London Commissioning Region
2025-06/System-Mapping.xls,2025-26,2025-05,2025-04-01,2025-06-12,2025-06-12,RFF,Barnsley Hospital NHS Foundation Trust,QF7,NHS South Yorkshire Integrated Care Board,NORTH EAST AND YORKSHIRE,North East and Yorkshire Commissioning Region
2025-06/System-Mapping.xls,2025-26,2025-05,2025-04-01,2025-06-12,2025-06-12,RFR,The Rotherham NHS Foundation Trust,QF7,NHS South Yorkshire Integrated Care Board,NORTH EAST AND YORKSHIRE,North East and Yorkshire Commissioning Region
2025-06/System-Mapping.xls,2025-26,2025-05,2025-04-01,2025-06-12,2025-06-12,RFS,Chesterfield Royal Hospital NHS Foundation Trust,QJ2,NHS Derby And Derbyshire Integrated Care Board,MIDLANDS,Midlands Commissioning Region
2025-06/System-Mapping.xls,2025-26,2025-05,2025-04-01,2025-06-12,2025-06-12,RGN,North West Anglia NHS Foundation Trust,QUE,NHS Cambridgeshire And Peterborough Integrated Care Board,EAST OF ENGLAND,East of England Commissioning Region
2025-06/System-Mapping.xls,2025-26,2025-05,2025-04-01,2025-06-12,2025-06-12,RGP,James Paget University Hospitals NHS Foundation Trust,QMM,NHS Norfolk And Waveney Integrated Care Board,EAST OF ENGLAND,East of England Commissioning Region
2025-06/System-Mapping.xls,2025-26,2025-05,2025-04-01,2025-06-12,2025-06-12,RGR,West Suffolk NHS Foundation Trust,QJG,NHS Suffolk And North East Essex Integrated Care Board,EAST OF ENGLAND,East of England Commissioning Region
2025-06/System-Mapping.xls,2025-26,2025-05,2025-04-01,2025-06-12,2025-06-12,RGT,Cambridge University Hospitals NHS Foundation Trust,QUE,NHS Cambridgeshire And Peterborough Integrated Care Board,EAST OF ENGLAND,East of England Commissioning Region
2025-06/System-Mapping.xls,2025-26,2025-05,2025-04-01,2025-06-12,2025-06-12,RH5,Somerset NHS Foundation Trust,QSL,NHS Somerset Integrated Care Board,SOUTH WEST,South West Commissioning Region
2025-06/System-Mapping.xls,2025-26,2025-05,2025-04-01,2025-06-12,2025-06-12,RH8,Royal Devon University Healthcare NHS Foundation Trust,QJK,NHS Devon Integrated Care Board,SOUTH WEST,South West Commissioning Region
2025-06/System-Mapping.xls,2025-26,2025-05,2025-04-01,2025-06-12,2025-06-12,RHM,University Hospital Southampton NHS Foundation Trust,QRL,NHS Hampshire And Isle Of Wight Integrated Care Board,SOUTH EAST,South East Commissioning Region
2025-06/System-Mapping.xls,2025-26,2025-05,2025-04-01,2025-06-12,2025-06-12,RHQ,Sheffield Teaching Hospitals NHS Foundation Trust,QF7,NHS South Yorkshire Integrated Care Board,NORTH EAST AND YORKSHIRE,North East and Yorkshire Commissioning Region
2025-06/System-Mapping.xls,2025-26,2025-05,2025-04-01,2025-06-12,2025-06-12,RHU,Portsmouth Hospitals University National Health Service Trust,QRL,NHS Hampshire And Isle Of Wight Integrated Care Board,SOUTH EAST,South East Commissioning Region
2025-06/System-Mapping.xls,2025-26,2025-05,2025-04-01,2025-06-12,2025-06-12,RHW,Royal Berkshire NHS Foundation Trust,QU9,"NHS Buckinghamshire, Oxfordshire And Berkshire West Integrated Care Board",SOUTH EAST,South East Commissioning Region
2025-06/System-Mapping.xls,2025-26,2025-05,2025-04-01,2025-06-12,2025-06-12,RJ1,Guy's And St Thomas' NHS Foundation Trust,QKK,NHS South East London Integrated Care Board,LONDON,London Commissioning Region
2025-06/System-Mapping.xls,2025-26,2025-05,2025-04-01,2025-06-12,2025-06-12,RJ2,Lewisham And Greenwich NHS Trust,QKK,NHS South East London Integrated Care Board,LONDON,London Commissioning Region
2025-06/System-Mapping.xls,2025-26,2025-05,2025-04-01,2025-06-12,2025-06-12,RJ6,Croydon Health Services NHS Trust,QWE,NHS South West London Integrated Care Board,LONDON,London Commissioning Region
2025-06/System-Mapping.xls,2025-26,2025-05,2025-04-01,2025-06-12,2025-06-12,RJ7,St George's University Hospitals NHS Foundation Trust,QWE,NHS South West London Integrated Care Board,LONDON,London Commissioning Region
2025-06/System-Mapping.xls,2025-26,2025-05,2025-04-01,2025-06-12,2025-06-12,RJ8,Cornwall Partnership NHS Foundation Trust,QT6,NHS Cornwall And The Isles Of Scilly Integrated Care Board,SOUTH WEST,South West Commissioning Region
2025-06/System-Mapping.xls,2025-26,2025-05,2025-04-01,2025-06-12,2025-06-12,RJC,South Warwickshire University NHS Foundation Trust,QWU,NHS Coventry And Warwickshire Integrated Care Board,MIDLANDS,Midlands Commissioning Region
2025-06/System-Mapping.xls,2025-26,2025-05,2025-04-01,2025-06-12,2025-06-12,RJE,University Hospitals Of North Midlands NHS Trust,QNC,NHS Staffordshire And Stoke-On-Trent Integrated Care Board,MIDLANDS,Midlands Commissioning Region
2025-06/System-Mapping.xls,2025-26,2025-05,2025-04-01,2025-06-12,2025-06-12,RJL,Northern Lincolnshire And Goole NHS Foundation Trust,QOQ,NHS Humber And North Yorkshire Integrated Care Board,NORTH EAST AND YORKSHIRE,North East and Yorkshire Commissioning Region
2025-06/System-Mapping.xls,2025-26,2025-05,2025-04-01,2025-06-12,2025-06-12,RJN,East Cheshire NHS Trust,QYG,NHS Cheshire And Merseyside Integrated Care Board,NORTH WEST,North West Commissioning Region
2025-06/System-Mapping.xls,2025-26,2025-05,2025-04-01,2025-06-12,2025-06-12,RJR,Countess Of Chester Hospital NHS Foundation Trust,QYG,NHS Cheshire And Merseyside Integrated Care Board,NORTH WEST,North West Commissioning Region
2025-06/System-Mapping.xls,2025-26,2025-05,2025-04-01,2025-06-12,2025-06-12,RJZ,King's College Hospital NHS Foundation Trust,QKK,NHS South East London Integrated Care Board,LONDON,London Commissioning Region
2025-06/System-Mapping.xls,2025-26,2025-05,2025-04-01,2025-06-12,2025-06-12,RK5,Sherwood Forest Hospitals NHS Foundation Trust,QT1,NHS Nottingham And Nottinghamshire Integrated Care Board,MIDLANDS,Midlands Commissioning Region
2025-06/System-Mapping.xls,2025-26,2025-05,2025-04-01,2025-06-12,2025-06-12,RK9,University Hospitals Plymouth NHS Trust,QJK,NHS Devon Integrated Care Board,SOUTH WEST,South West Commissioning Region
2025-06/System-Mapping.xls,2025-26,2025-05,2025-04-01,2025-06-12,2025-06-12,RKB,University Hospitals Coventry And Warwickshire NHS Trust,QWU,NHS Coventry And Warwickshire Integrated Care Board,MIDLANDS,Midlands Commissioning Region
2025-06/System-Mapping.xls,2025-26,2025-05,2025-04-01,2025-06-12,2025-06-12,RKE,Whittington Health NHS Trust,QMJ,NHS North Central London Integrated Care Board,LONDON,London Commissioning Region
2025-06/System-Mapping.xls,2025-26,2025-05,2025-04-01,2025-06-12,2025-06-12,RL1,The Robert Jones And Agnes Hunt Orthopaedic Hospital NHS Foundation Trust,QOC,"NHS Shropshire, Telford And Wrekin Integrated Care Board",MIDLANDS,Midlands Commissioning Region
2025-06/System-Mapping.xls,2025-26,2025-05,2025-04-01,2025-06-12,2025-06-12,RL4,The Royal Wolverhampton NHS Trust,QUA,NHS Black Country Integrated Care Board,MIDLANDS,Midlands Commissioning Region
2025-06/System-Mapping.xls,2025-26,2025-05,2025-04-01,2025-06-12,2025-06-12,RLQ,Wye Valley NHS Trust,QGH,NHS Herefordshire And Worcestershire Integrated Care Board,MIDLANDS,Midlands Commissioning Region
2025-06/System-Mapping.xls,2025-26,2025-05,2025-04-01,2025-06-12,2025-06-12,RLT,George Eliot Hospital NHS Trust,QWU,NHS Coventry And Warwickshire Integrated Care Board,MIDLANDS,Midlands Commissioning Region
2025-06/System-Mapping.xls,2025-26,2025-05,2025-04-01,2025-06-12,2025-06-12,RM1,Norfolk And Norwich University Hospitals NHS Foundation Trust,QMM,NHS Norfolk And Waveney Integrated Care Board,EAST OF ENGLAND,East of England Commissioning Region
2025-06/System-Mapping.xls,2025-26,2025-05,2025-04-01,2025-06-12,2025-06-12,RM3,Northern Care Alliance NHS Foundation Trust,QOP,NHS Greater Manchester Integrated Care Board,NORTH WEST,North West Commissioning Region
2025-06/System-Mapping.xls,2025-26,2025-05,2025-04-01,2025-06-12,2025-06-12,RMC,Bolton NHS Foundation Trust,QOP,NHS Greater Manchester Integrated Care Board,NORTH WEST,North West Commissioning Region
2025-06/System-Mapping.xls,2025-26,2025-05,2025-04-01,2025-06-12,2025-06-12,RMP,Tameside And Glossop Integrated Care NHS Foundation Trust,QOP,NHS Greater Manchester Integrated Care Board,NORTH WEST,North West Commissioning Region
2025-06/System-Mapping.xls,2025-26,2025-05,2025-04-01,2025-06-12,2025-06-12,RN3,Great Western Hospitals NHS Foundation Trust,QOX,"NHS Bath And North East Somerset, Swindon And Wiltshire Integrated Care Board",SOUTH WEST,South West Commissioning Region
2025-06/System-Mapping.xls,2025-26,2025-05,2025-04-01,2025-06-12,2025-06-12,RN5,Hampshire Hospitals NHS Foundation Trust,QRL,NHS Hampshire And Isle Of Wight Integrated Care Board,SOUTH EAST,South East Commissioning Region
2025-06/System-Mapping.xls,2025-26,2025-05,2025-04-01,2025-06-12,2025-06-12,RN7,Dartford And Gravesham NHS Trust,QKS,NHS Kent And Medway Integrated Care Board,SOUTH EAST,South East Commissioning Region
2025-06/System-Mapping.xls,2025-26,2025-05,2025-04-01,2025-06-12,2025-06-12,RNA,The Dudley Group NHS Foundation Trust,QUA,NHS Black Country Integrated Care Board,MIDLANDS,Midlands Commissioning Region
2025-06/System-Mapping.xls,2025-26,2025-05,2025-04-01,2025-06-12,2025-06-12,RNN,North Cumbria Integrated Care NHS Foundation Trust,QHM,NHS North East And North Cumbria Integrated Care Board,NORTH EAST AND YORKSHIRE,North East and Yorkshire Commissioning Region
2025-06/System-Mapping.xls,2025-26,2025-05,2025-04-01,2025-06-12,2025-06-12,RNQ,Kettering General Hospital NHS Foundation Trust,QPM,NHS Northamptonshire Integrated Care Board,MIDLANDS,Midlands Commissioning Region
2025-06/System-Mapping.xls,2025-26,2025-05,2025-04-01,2025-06-12,2025-06-12,RNS,Northampton General Hospital NHS Trust,QPM,NHS Northamptonshire Integrated Care Board,MIDLANDS,Midlands Commissioning Region
2025-06/System-Mapping.xls,2025-26,2025-05,2025-04-01,2025-06-12,2025-06-12,RNU,Oxford Health NHS Foundation Trust,QU9,"NHS Buckinghamshire, Oxfordshire And Berkshire West Integrated Care Board",SOUTH EAST,South East Commissioning Region
2025-06/System-Mapping.xls,2025-26,2025-05,2025-04-01,2025-06-12,2025-06-12,RNZ,Salisbury NHS Foundation Trust,QOX,"NHS Bath And North East Somerset, Swindon And Wiltshire Integrated Care Board",SOUTH WEST,South West Commissioning Region
2025-06/System-Mapping.xls,2025-26,2025-05,2025-04-01,2025-06-12,2025-06-12,RP5,Doncaster And Bassetlaw Teaching Hospitals NHS Foundation Trust,QF7,NHS South Yorkshire Integrated Care Board,NORTH EAST AND YORKSHIRE,North East and Yorkshire Commissioning Region
2025-06/System-Mapping.xls,2025-26,2025-05,2025-04-01,2025-06-12,2025-06-12,RP6,Moorfields Eye Hospital NHS Foundation Trust,QMJ,NHS North Central London Integrated Care Board,LONDON,London Commissioning Region
2025-06/System-Mapping.xls,2025-26,2025-05,2025-04-01,2025-06-12,2025-06-12,RPA,Medway NHS Foundation Trust,QKS,NHS Kent And Medway Integrated Care Board,SOUTH EAST,South East Commissioning Region
2025-06/System-Mapping.xls,2025-26,2025-05,2025-04-01,2025-06-12,2025-06-12,RPC,Queen Victoria Hospital NHS Foundation Trust,QNX,NHS Sussex Integrated Care Board,SOUTH EAST,South East Commissioning Region
2025-06/System-Mapping.xls,2025-26,2025-05,2025-04-01,2025-06-12,2025-06-12,RQ3,Birmingham Women's And Children's NHS Foundation Trust,QHL,NHS Birmingham And Solihull Integrated Care Board,MIDLANDS,Midlands Commissioning Region
2025-06/System-Mapping.xls,2025-26,2025-05,2025-04-01,2025-06-12,2025-06-12,RQM,Chelsea And Westminster Hospital NHS Foundation Trust,QRV,NHS North West London Integrated Care Board,LONDON,London Commissioning Region
2025-06/System-Mapping.xls,2025-26,2025-05,2025-04-01,2025-06-12,2025-06-12,RQW,The Princess Alexandra Hospital NHS Trust,QM7,NHS Hertfordshire And West Essex Integrated Care Board,EAST OF ENGLAND,East of England Commissioning Region
2025-06/System-Mapping.xls,2025-26,2025-05,2025-04-01,2025-06-12,2025-06-12,RQX,Homerton Healthcare NHS Foundation Trust,QMF,NHS North East London Integrated Care Board,LONDON,London Commissioning Region
2025-06/System-Mapping.xls,2025-26,2025-05,2025-04-01,2025-06-12,2025-06-12,RR7,Gateshead Health NHS Foundation Trust,QHM,NHS North East And North Cumbria Integrated Care Board,NORTH EAST AND YORKSHIRE,North East and Yorkshire Commissioning Region
2025-06/System-Mapping.xls,2025-26,2025-05,2025-04-01,2025-06-12,2025-06-12,RR8,Leeds Teaching Hospitals NHS Trust,QWO,NHS West Yorkshire Integrated Care Board,NORTH EAST AND YORKSHIRE,North East and Yorkshire Commissioning Region
2025-06/System-Mapping.xls,2025-26,2025-05,2025-04-01,2025-06-12,2025-06-12,RRF,"Wrightington, Wigan And Leigh NHS Foundation Trust",QOP,NHS Greater Manchester Integrated Care Board,NORTH WEST,North West Commissioning Region
2025-06/System-Mapping.xls,2025-26,2025-05,2025-04-01,2025-06-12,2025-06-12,RRK,University Hospitals Birmingham NHS Foundation Trust,QHL,NHS Birmingham And Solihull Integrated Care Board,MIDLANDS,Midlands Commissioning Region
2025-06/System-Mapping.xls,2025-26,2025-05,2025-04-01,2025-06-12,2025-06-12,RRV,University College London Hospitals NHS Foundation Trust,QMJ,NHS North Central London Integrated Care Board,LONDON,London Commissioning Region
2025-06/System-Mapping.xls,2025-26,2025-05,2025-04-01,2025-06-12,2025-06-12,RTD,The Newcastle Upon Tyne Hospitals NHS Foundation Trust,QHM,NHS North East And North Cumbria Integrated Care Board,NORTH EAST AND YORKSHIRE,North East and Yorkshire Commissioning Region
2025-06/System-Mapping.xls,2025-26,2025-05,2025-04-01,2025-06-12,2025-06-12,RTE,Gloucestershire Hospitals NHS Foundation Trust,QR1,NHS Gloucestershire Integrated Care Board,SOUTH WEST,South West Commissioning Region
2025-06/System-Mapping.xls,2025-26,2025-05,2025-04-01,2025-06-12,2025-06-12,RTF,Northumbria Healthcare NHS Foundation Trust,QHM,NHS North East And North Cumbria Integrated Care Board,NORTH EAST AND YORKSHIRE,North East and Yorkshire Commissioning Region
2025-06/System-Mapping.xls,2025-26,2025-05,2025-04-01,2025-06-12,2025-06-12,RTG,University Hospitals Of Derby And Burton NHS Foundation Trust,QJ2,NHS Derby And Derbyshire Integrated Care Board,MIDLANDS,Midlands Commissioning Region
2025-06/System-Mapping.xls,2025-26,2025-05,2025-04-01,2025-06-12,2025-06-12,RTH,Oxford University Hospitals NHS Foundation Trust,QU9,"NHS Buckinghamshire, Oxfordshire And Berkshire West Integrated Care Board",SOUTH EAST,South East Commissioning Region
2025-06/System-Mapping.xls,2025-26,2025-05,2025-04-01,2025-06-12,2025-06-12,RTK,Ashford And St Peter's Hospitals NHS Foundation Trust,QXU,NHS Surrey Heartlands Integrated Care Board,SOUTH EAST,South East Commissioning Region
2025-06/System-Mapping.xls,2025-26,2025-05,2025-04-01,2025-06-12,2025-06-12,RTP,Surrey And Sussex Healthcare NHS Trust,QXU,NHS Surrey Heartlands Integrated Care Board,SOUTH EAST,South East Commissioning Region
2025-06/System-Mapping.xls,2025-26,2025-05,2025-04-01,2025-06-12,2025-06-12,RTQ,Gloucestershire Health And Care NHS Foundation Trust,QR1,NHS Gloucestershire Integrated Care Board,SOUTH WEST,South West Commissioning Region
2025-06/System-Mapping.xls,2025-26,2025-05,2025-04-01,2025-06-12,2025-06-12,RTR,South Tees Hospitals NHS Foundation Trust,QHM,NHS North East And North Cumbria Integrated Care Board,NORTH EAST AND YORKSHIRE,North East and Yorkshire Commissioning Region
2025-06/System-Mapping.xls,2025-26,2025-05,2025-04-01,2025-06-12,2025-06-12,RTX,University Hospitals Of Morecambe Bay NHS Foundation Trust,QE1,NHS Lancashire And South Cumbria Integrated Care Board,NORTH WEST,North West Commissioning Region
2025-06/System-Mapping.xls,2025-26,2025-05,2025-04-01,2025-06-12,2025-06-12,RV9,Humber Teaching NHS Foundation Trust,QOQ,NHS Humber And North Yorkshire Integrated Care Board,NORTH EAST AND YORKSHIRE,North East and Yorkshire Commissioning Region
2025-06/System-Mapping.xls,2025-26,2025-05,2025-04-01,2025-06-12,2025-06-12,RVJ,North Bristol NHS Trust,QUY,"NHS Bristol, North Somerset And South Gloucestershire Integrated Care Board",SOUTH WEST,South West Commissioning Region
2025-06/System-Mapping.xls,2025-26,2025-05,2025-04-01,2025-06-12,2025-06-12,RVR,Epsom And St Helier University Hospitals NHS Trust,QWE,NHS South West London Integrated Care Board,LONDON,London Commissioning Region
2025-06/System-Mapping.xls,2025-26,2025-05,2025-04-01,2025-06-12,2025-06-12,RVV,East Kent Hospitals University NHS Foundation Trust,QKS,NHS Kent And Medway Integrated Care Board,SOUTH EAST,South East Commissioning Region
2025-06/System-Mapping.xls,2025-26,2025-05,2025-04-01,2025-06-12,2025-06-12,RVW,North Tees And Hartlepool NHS Foundation Trust,QHM,NHS North East And North Cumbria Integrated Care Board,NORTH EAST AND YORKSHIRE,North East and Yorkshire Commissioning Region
2025-06/System-Mapping.xls,2025-26,2025-05,2025-04-01,2025-06-12,2025-06-12,RW1,Southern Health NHS Foundation Trust,QRL,NHS Hampshire And Isle Of Wight Integrated Care Board,SOUTH EAST,South East Commissioning Region
2025-06/System-Mapping.xls,2025-26,2025-05,2025-04-01,2025-06-12,2025-06-12,RW4,Mersey Care NHS Foundation Trust,QYG,NHS Cheshire And Merseyside Integrated Care Board,NORTH WEST,North West Commissioning Region
2025-06/System-Mapping.xls,2025-26,2025-05,2025-04-01,2025-06-12,2025-06-12,RWA,Hull University Teaching Hospitals NHS Trust,QOQ,NHS Humber And North Yorkshire Integrated Care Board,NORTH EAST AND YORKSHIRE,North East and Yorkshire Commissioning Region
2025-06/System-Mapping.xls,2025-26,2025-05,2025-04-01,2025-06-12,2025-06-12,RWD,United Lincolnshire Teaching Hospitals NHS Trust,QJM,NHS Lincolnshire Integrated Care Board,MIDLANDS,Midlands Commissioning Region
2025-06/System-Mapping.xls,2025-26,2025-05,2025-04-01,2025-06-12,2025-06-12,RWE,University Hospitals Of Leicester NHS Trust,QK1,"NHS Leicester, Leicestershire And Rutland Integrated Care Board",MIDLANDS,Midlands Commissioning Region
2025-06/System-Mapping.xls,2025-26,2025-05,2025-04-01,2025-06-12,2025-06-12,RWF,Maidstone And Tunbridge Wells NHS Trust,QKS,NHS Kent And Medway Integrated Care Board,SOUTH EAST,South East Commissioning Region
2025-06/System-Mapping.xls,2025-26,2025-05,2025-04-01,2025-06-12,2025-06-12,RWG,West Hertfordshire Teaching Hospitals NHS Trust,QM7,NHS Hertfordshire And West Essex Integrated Care Board,EAST OF ENGLAND,East of England Commissioning Region
2025-06/System-Mapping.xls,2025-26,2025-05,2025-04-01,2025-06-12,2025-06-12,RWH,East And North Hertfordshire NHS Trust,QM7,NHS Hertfordshire And West Essex Integrated Care Board,EAST OF ENGLAND,East of England Commissioning Region
2025-06/System-Mapping.xls,2025-26,2025-05,2025-04-01,2025-06-12,2025-06-12,RWJ,Stockport NHS Foundation Trust,QOP,NHS Greater Manchester Integrated Care Board,NORTH WEST,North West Commissioning Region
2025-06/System-Mapping.xls,2025-26,2025-05,2025-04-01,2025-06-12,2025-06-12,RWP,Worcestershire Acute Hospitals NHS Trust,QGH,NHS Herefordshire And Worcestershire Integrated Care Board,MIDLANDS,Midlands Commissioning Region
2025-06/System-Mapping.xls,2025-26,2025-05,2025-04-01,2025-06-12,2025-06-12,RWW,Warrington And Halton Teaching Hospitals NHS Foundation Trust,QYG,NHS Cheshire And Merseyside Integrated Care Board,NORTH WEST,North West Commissioning Region
2025-06/System-Mapping.xls,2025-26,2025-05,2025-04-01,2025-06-12,2025-06-12,RWX,Berkshire Healthcare NHS Foundation Trust,QU9,"NHS Buckinghamshire, Oxfordshire And Berkshire West Integrated Care Board",SOUTH EAST,South East Commissioning Region
2025-06/System-Mapping.xls,2025-26,2025-05,2025-04-01,2025-06-12,2025-06-12,RWY,Calderdale And Huddersfield NHS Foundation Trust,QWO,NHS West Yorkshire Integrated Care Board,NORTH EAST AND YORKSHIRE,North East and Yorkshire Commissioning Region
2025-06/System-Mapping.xls,2025-26,2025-05,2025-04-01,2025-06-12,2025-06-12,RX1,Nottingham University Hospitals NHS Trust,QT1,NHS Nottingham And Nottinghamshire Integrated Care Board,MIDLANDS,Midlands Commissioning Region
2025-06/System-Mapping.xls,2025-26,2025-05,2025-04-01,2025-06-12,2025-06-12,RXC,East Sussex Healthcare NHS Trust,QNX,NHS Sussex Integrated Care Board,SOUTH EAST,South East Commissioning Region
2025-06/System-Mapping.xls,2025-26,2025-05,2025-04-01,2025-06-12,2025-06-12,RXF,Mid Yorkshire Hospitals NHS Trust,QWO,NHS West Yorkshire Integrated Care Board,NORTH EAST AND YORKSHIRE,North East and Yorkshire Commissioning Region
2025-06/System-Mapping.xls,2025-26,2025-05,2025-04-01,2025-06-12,2025-06-12,RXG,South West Yorkshire Partnership NHS Foundation Trust,QWO,NHS West Yorkshire Integrated Care Board,NORTH EAST AND YORKSHIRE,North East and Yorkshire Commissioning Region
2025-06/System-Mapping.xls,2025-26,2025-05,2025-04-01,2025-06-12,2025-06-12,RXK,Sandwell And West Birmingham Hospitals NHS Trust,QUA,NHS Black Country Integrated Care Board,MIDLANDS,Midlands Commissioning Region
2025-06/System-Mapping.xls,2025-26,2025-05,2025-04-01,2025-06-12,2025-06-12,RXL,Blackpool Teaching Hospitals NHS Foundation Trust,QE1,NHS Lancashire And South Cumbria Integrated Care Board,NORTH WEST,North West Commissioning Region
2025-06/System-Mapping.xls,2025-26,2025-05,2025-04-01,2025-06-12,2025-06-12,RXN,Lancashire Teaching Hospitals NHS Foundation Trust,QE1,NHS Lancashire And South Cumbria Integrated Care Board,NORTH WEST,North West Commissioning Region
2025-06/System-Mapping.xls,2025-26,2025-05,2025-04-01,2025-06-12,2025-06-12,RXP,County Durham And Darlington NHS Foundation Trust,QHM,NHS North East And North Cumbria Integrated Care Board,NORTH EAST AND YORKSHIRE,North East and Yorkshire Commissioning Region
2025-06/System-Mapping.xls,2025-26,2025-05,2025-04-01,2025-06-12,2025-06-12,RXQ,Buckinghamshire Healthcare NHS Trust,QU9,"NHS Buckinghamshire, Oxfordshire And Berkshire West Integrated Care Board",SOUTH EAST,South East Commissioning Region
2025-06/System-Mapping.xls,2025-26,2025-05,2025-04-01,2025-06-12,2025-06-12,RXR,East Lancashire Hospitals NHS Trust,QE1,NHS Lancashire And South Cumbria Integrated Care Board,NORTH WEST,North West Commissioning Region
2025-06/System-Mapping.xls,2025-26,2025-05,2025-04-01,2025-06-12,2025-06-12,RXW,The Shrewsbury And Telford Hospital NHS Trust,QOC,"NHS Shropshire, Telford And Wrekin Integrated Care Board",MIDLANDS,Midlands Commissioning Region
2025-06/System-Mapping.xls,2025-26,2025-05,2025-04-01,2025-06-12,2025-06-12,RY2,Bridgewater Community Healthcare NHS Foundation Trust,QYG,NHS Cheshire And Merseyside Integrated Care Board,NORTH WEST,North West Commissioning Region
2025-06/System-Mapping.xls,2025-26,2025-05,2025-04-01,2025-06-12,2025-06-12,RY4,Hertfordshire Community NHS Trust,QM7,NHS Hertfordshire And West Essex Integrated Care Board,EAST OF ENGLAND,East of England Commissioning Region
2025-06/System-Mapping.xls,2025-26,2025-05,2025-04-01,2025-06-12,2025-06-12,RY5,Lincolnshire Community Health Services NHS Trust,QJM,NHS Lincolnshire Integrated Care Board,MIDLANDS,Midlands Commissioning Region
2025-06/System-Mapping.xls,2025-26,2025-05,2025-04-01,2025-06-12,2025-06-12,RY7,Wirral Community Health And Care NHS Foundation Trust,QYG,NHS Cheshire And Merseyside Integrated Care Board,NORTH WEST,North West Commissioning Region
2025-06/System-Mapping.xls,2025-26,2025-05,2025-04-01,2025-06-12,2025-06-12,RY8,Derbyshire Community Health Services NHS Foundation Trust,QJ2,NHS Derby And Derbyshire Integrated Care Board,MIDLANDS,Midlands Commissioning Region
2025-06/System-Mapping.xls,2025-26,2025-05,2025-04-01,2025-06-12,2025-06-12,RY9,Hounslow And Richmond Community Healthcare NHS Trust,QWE,NHS South West London Integrated Care Board,LONDON,London Commissioning Region
2025-06/System-Mapping.xls,2025-26,2025-05,2025-04-01,2025-06-12,2025-06-12,RYF,South Western Ambulance Service NHS Foundation Trust,QJK,NHS Devon Integrated Care Board,SOUTH WEST,South West Commissioning Region
2025-06/System-Mapping.xls,2025-26,2025-05,2025-04-01,2025-06-12,2025-06-12,RYG,Coventry and Warwickshire Partnership NHS Trust,QWU,NHS Coventry And Warwickshire Integrated Care Board,MIDLANDS,Midlands Commissioning Region
2025-06/System-Mapping.xls,2025-26,2025-05,2025-04-01,2025-06-12,2025-06-12,RYJ,Imperial College Healthcare NHS Trust,QRV,NHS North West London Integrated Care Board,LONDON,London Commissioning Region
2025-06/System-Mapping.xls,2025-26,2025-05,2025-04-01,2025-06-12,2025-06-12,RYR,University Hospitals Sussex NHS Foundation Trust,QNX,NHS Sussex Integrated Care Board,SOUTH EAST,South East Commissioning Region
2025-06/System-Mapping.xls,2025-26,2025-05,2025-04-01,2025-06-12,2025-06-12,RYX,Central London Community Healthcare NHS Trust,QRV,NHS North West London Integrated Care Board,LONDON,London Commissioning Region
2025-06/System-Mapping.xls,2025-26,2025-05,2025-04-01,2025-06-12,2025-06-12,RYY,Kent Community Health NHS Foundation Trust,QKS,NHS Kent And Medway Integrated Care Board,SOUTH EAST,South East Commissioning Region
2025-06/System-Mapping.xls,2025-26,2025-05,2025-04-01,2025-06-12,2025-06-12,Y00751,East Berks Primary Care Ooh(Wam),QNQ,NHS Frimley Integrated Care Board,SOUTH EAST,South East Commissioning Region
2025-06/System-Mapping.xls,2025-26,2025-05,2025-04-01,2025-06-12,2025-06-12,Y02147,Urgent Care Centre (Qms),QKK,NHS South East London Integrated Care Board,LONDON,London Commissioning Region
2025-06/System-Mapping.xls,2025-26,2025-05,2025-04-01,2025-06-12,2025-06-12,Y02428,Putnoe Medical Centre Walk In Centre,QHG,"NHS Bedfordshire, Luton And Milton Keynes Integrated Care Board",EAST OF ENGLAND,East of England Commissioning Region
2025-06/System-Mapping.xls,2025-26,2025-05,2025-04-01,2025-06-12,2025-06-12,Y02532,Miriam Minor Emergency,QYG,NHS Cheshire And Merseyside Integrated Care Board,NORTH WEST,North West Commissioning Region
2025-06/System-Mapping.xls,2025-26,2025-05,2025-04-01,2025-06-12,2025-06-12,Y02615,South Birmingham GP Walk In Centre,QHL,NHS Birmingham And Solihull Integrated Care Board,MIDLANDS,Midlands Commissioning Region
2025-06/System-Mapping.xls,2025-26,2025-05,2025-04-01,2025-06-12,2025-06-12,Y02676,Brighton Station Health Centre,QNX,NHS Sussex Integrated Care Board,SOUTH EAST,South East Commissioning Region
2025-06/System-Mapping.xls,2025-26,2025-05,2025-04-01,2025-06-12,2025-06-12,Y03007,Erdington GP Health & Wellbeing Wic,QHL,NHS Birmingham And Solihull Integrated Care Board,MIDLANDS,Midlands Commissioning Region
2025-06/System-Mapping.xls,2025-26,2025-05,2025-04-01,2025-06-12,2025-06-12,Y03218,The Pinn Unregistered Wic,QRV,NHS North West London Integrated Care Board,LONDON,London Commissioning Region
2025-06/System-Mapping.xls,2025-26,2025-05,2025-04-01,2025-06-12,2025-06-12,Y03571,Corby Urgent Care Centre,QPM,NHS Northamptonshire Integrated Care Board,MIDLANDS,Midlands Commissioning Region
2025-06/System-Mapping.xls,2025-26,2025-05,2025-04-01,2025-06-12,2025-06-12,Y04538,Bracknell Urgent Care Centre Wic,QNQ,NHS Frimley Integrated Care Board,SOUTH EAST,South East Commissioning Region
2025-06/System-Mapping.xls,2025-26,2025-05,2025-04-01,2025-06-12,2025-06-12,Y07709,Reading Urgent Care Centre,QU9,"NHS Buckinghamshire, Oxfordshire And Berkshire West Integrated Care Board",SOUTH EAST,South East Commissioning Region
2025-08/System-Mapping.xls,2025-26,2025-07,2025-04-01,2025-08-14,2025-08-14,8J094,Badger Ltd,QHL,NHS Birmingham And Solihull Integrated Care Board,MIDLANDS,Midlands Commissioning Region
2025-08/System-Mapping.xls,2025-26,2025-07,2025-04-01,2025-08-14,2025-08-14,A5D4Q,NEMS UTC,QT1,NHS Nottingham And Nottinghamshire Integrated Care Board,MIDLANDS,Midlands Commissioning Region
2025-08/System-Mapping.xls,2025-26,2025-07,2025-04-01,2025-08-14,2025-08-14,AAH,Tetbury Hospital Trust Ltd,QR1,NHS Gloucestershire Integrated Care Board,SOUTH WEST,South West Commissioning Region
2025-08/System-Mapping.xls,2025-26,2025-07,2025-04-01,2025-08-14,2025-08-14,ACH01,Whitstable Medical Practice,QKS,NHS Kent And Medway Integrated Care Board,SOUTH EAST,South East Commissioning Region
2025-08/System-Mapping.xls,2025-26,2025-07,2025-04-01,2025-08-14,2025-08-14,AD913,Beckenham Beacon Ucc,QKK,NHS South East London Integrated Care Board,LONDON,London Commissioning Region
2025-08/System-Mapping.xls,2025-26,2025-07,2025-04-01,2025-08-14,2025-08-14,AJN,Workington Health Limited,QHM,NHS North East And North Cumbria Integrated Care Board,NORTH EAST AND YORKSHIRE,North East and Yorkshire Commissioning Region
2025-08/System-Mapping.xls,2025-26,2025-07,2025-04-01,2025-08-14,2025-08-14,AQM01,Faversham Medical Practice MIU,QKS,NHS Kent And Medway Integrated Care Board,SOUTH EAST,South East Commissioning Region
2025-08/System-Mapping.xls,2025-26,2025-07,2025-04-01,2025-08-14,2025-08-14,AQN04,Phl Lymington Utc,QRL,NHS Hampshire And Isle Of Wight Integrated Care Board,SOUTH EAST,South East Commissioning Region
2025-08/System-Mapping.xls,2025-26,2025-07,2025-04-01,2025-08-14,2025-08-14,ARN03,Local Care Direct,QWO,NHS West Yorkshire Integrated Care Board,NORTH EAST AND YORKSHIRE,North East and Yorkshire Commissioning Region
2025-08/System-Mapping.xls,2025-26,2025-07,2025-04-01,2025-08-14,2025-08-14,C82009,Market Harborough Med.Ctr,QK1,"NHS Leicester, Leicestershire And Rutland Integrated Care Board",MIDLANDS,Midlands Commissioning Region
2025-08/System-Mapping.xls,2025-26,2025-07,2025-04-01,2025-08-14,2025-08-14,C82038,Latham House Medical Practice,QK1,"NHS Leicester, Leicestershire And Rutland Integrated Care Board",MIDLANDS,Midlands Commissioning Region
2025-08/System-Mapping.xls,2025-26,2025-07,2025-04-01,2025-08-14,2025-08-14,C83023,Sleaford Medical Group,QJM,NHS Lincolnshire Integrated Care Board,MIDLANDS,Midlands Commissioning Region
2025-08/System-Mapping.xls,2025-26,2025-07,2025-04-01,2025-08-14,2025-08-14,DD401,Exmouth Minor Injury Unit,QJK,NHS Devon Integrated Care Board,SOUTH WEST,South West Commissioning Region
2025-08/System-Mapping.xls,2025-26,2025-07,2025-04-01,2025-08-14,2025-08-14,DJV01,Herne Bay Health Care LTD,QKS,NHS Kent And Medway Integrated Care Board,SOUTH EAST,South East Commissioning Region
2025-08/System-Mapping.xls,2025-26,2025-07,2025-04-01,2025-08-14,2025-08-14,DT301,Herts Urgent Care (Ascots Lane),QM7,NHS Hertfordshire And West Essex Integrated Care Board,EAST OF ENGLAND,East of England Commissioning Region
2025-08/System-Mapping.xls,2025-26,2025-07,2025-04-01,2025-08-14,2025-08-14,G0Q0L,Barking Hospital UTC,QMF,NHS North East London Integrated Care Board,LONDON,London Commissioning Region
2025-08/System-Mapping.xls,2025-26,2025-07,2025-04-01,2025-08-14,2025-08-14,G3P9C,Trowbridge Minor Injuries Unit,QOX,"NHS Bath And North East Somerset, Swindon And Wiltshire Integrated Care Board",SOUTH WEST,South West Commissioning Region
2025-08/System-Mapping.xls,2025-26,2025-07,2025-04-01,2025-08-14,2025-08-14,K6K0R,Harold Wood Polyclinic UTC,QMF,NHS North East London Integrated Care Board,LONDON,London Commissioning Region
2025-08/System-Mapping.xls,2025-26,2025-07,2025-04-01,2025-08-14,2025-08-14,L83087,Okehampton Medical Centre,QJK,NHS Devon Integrated Care Board,SOUTH WEST,South West Commissioning Region
2025-08/System-Mapping.xls,2025-26,2025-07,2025-04-01,2025-08-14,2025-08-14,NDA57,Haslemere Minor Injuries Unit,QXU,NHS Surrey Heartlands Integrated Care Board,SOUTH EAST,South East Commissioning Region
2025-08/System-Mapping.xls,2025-26,2025-07,2025-04-01,2025-08-14,2025-08-14,NDJ,First Community Health And Care Cic,QNX,NHS Sussex Integrated Care Board,SOUTH EAST,South East Commissioning Region
2025-08/System-Mapping.xls,2025-26,2025-07,2025-04-01,2025-08-14,2025-08-14,NL7,Assura Vertis Urgent Care Centres (Birmingham),QHL,NHS Birmingham And Solihull Integrated Care Board,MIDLANDS,Midlands Commissioning Region
2025-08/System-Mapping.xls,2025-26,2025-07,2025-04-01,2025-08-14,2025-08-14,NLX,Sirona Care & Health,QUY,"NHS Bristol, North Somerset And South Gloucestershire Integrated Care Board",SOUTH WEST,South West Commissioning Region
2025-08/System-Mapping.xls,2025-26,2025-07,2025-04-01,2025-08-14,2025-08-14,NNF09,Bransholme Health Centre,QOQ,NHS Humber And North Yorkshire Integrated Care Board,NORTH EAST AND YORKSHIRE,North East and Yorkshire Commissioning Region
2025-08/System-Mapping.xls,2025-26,2025-07,2025-04-01,2025-08-14,2025-08-14,NNF16,Bridlington Hospital,QOQ,NHS Humber And North Yorkshire Integrated Care Board,NORTH EAST AND YORKSHIRE,North East and Yorkshire Commissioning Region
2025-08/System-Mapping.xls,2025-26,2025-07,2025-04-01,2025-08-14,2025-08-14,NNF76,The Wilberforce Health Centre,QOQ,NHS Humber And North Yorkshire Integrated Care Board,NORTH EAST AND YORKSHIRE,North East and Yorkshire Commissioning Region
2025-08/System-Mapping.xls,2025-26,2025-07,2025-04-01,2025-08-14,2025-08-14,NNF94,East Riding Community Hospital,QOQ,NHS Humber And North Yorkshire Integrated Care Board,NORTH EAST AND YORKSHIRE,North East and Yorkshire Commissioning Region
2025-08/System-Mapping.xls,2025-26,2025-07,2025-04-01,2025-08-14,2025-08-14,NNFA7,Goole & District Hospital,QOQ,NHS Humber And North Yorkshire Integrated Care Board,NORTH EAST AND YORKSHIRE,North East and Yorkshire Commissioning Region
2025-08/System-Mapping.xls,2025-26,2025-07,2025-04-01,2025-08-14,2025-08-14,NNJ,Dhu Health Care C.I.C,QJ2,NHS Derby And Derbyshire Integrated Care Board,MIDLANDS,Midlands Commissioning Region
2025-08/System-Mapping.xls,2025-26,2025-07,2025-04-01,2025-08-14,2025-08-14,NNJ07,Loughborough Urgent Care Centre,QK1,"NHS Leicester, Leicestershire And Rutland Integrated Care Board",MIDLANDS,Midlands Commissioning Region
2025-08/System-Mapping.xls,2025-26,2025-07,2025-04-01,2025-08-14,2025-08-14,NNJ0H,Llr Ea - The Merlyn Vaz Health & Social Care Centre,QK1,"NHS Leicester, Leicestershire And Rutland Integrated Care Board",MIDLANDS,Midlands Commissioning Region
2025-08/System-Mapping.xls,2025-26,2025-07,2025-04-01,2025-08-14,2025-08-14,NNJ12,Market Harborough,QK1,"NHS Leicester, Leicestershire And Rutland Integrated Care Board",MIDLANDS,Midlands Commissioning Region
2025-08/System-Mapping.xls,2025-26,2025-07,2025-04-01,2025-08-14,2025-08-14,NNJ13,Melton Mowbray,QK1,"NHS Leicester, Leicestershire And Rutland Integrated Care Board",MIDLANDS,Midlands Commissioning Region
2025-08/System-Mapping.xls,2025-26,2025-07,2025-04-01,2025-08-14,2025-08-14,NNJ14,Oadby,QK1,"NHS Leicester, Leicestershire And Rutland Integrated Care Board",MIDLANDS,Midlands Commissioning Region
2025-08/System-Mapping.xls,2025-26,2025-07,2025-04-01,2025-08-14,2025-08-14,NNJ15,Oakham,QK1,"NHS Leicester, Leicestershire And Rutland Integrated Care Board",MIDLANDS,Midlands Commissioning Region
2025-08/System-Mapping.xls,2025-26,2025-07,2025-04-01,2025-08-14,2025-08-14,NQT1I,Chippenham Community Hospital,QOX,"NHS Bath And North East Somerset, Swindon And Wiltshire Integrated Care Board",SOUTH WEST,South West Commissioning Region
2025-08/System-Mapping.xls,2025-26,2025-07,2025-04-01,2025-08-14,2025-08-14,NQT51,Station Plaza Health Centre,QNX,NHS Sussex Integrated Care Board,SOUTH EAST,South East Commissioning Region
2025-08/System-Mapping.xls,2025-26,2025-07,2025-04-01,2025-08-14,2025-08-14,NQT5F,Skelmersdale Walk In Centre,QE1,NHS Lancashire And South Cumbria Integrated Care Board,NORTH WEST,North West Commissioning Region
2025-08/System-Mapping.xls,2025-26,2025-07,2025-04-01,2025-08-14,2025-08-14,NQT5H,Paulton Memorial Hospital,QOX,"NHS Bath And North East Somerset, Swindon And Wiltshire Integrated Care Board",SOUTH WEST,South West Commissioning Region
2025-08/System-Mapping.xls,2025-26,2025-07,2025-04-01,2025-08-14,2025-08-14,NQTE4,Summerfield Urgent Care Centre,QUA,NHS Black Country Integrated Care Board,MIDLANDS,Midlands Commissioning Region
2025-08/System-Mapping.xls,2025-26,2025-07,2025-04-01,2025-08-14,2025-08-14,NR3,Nottingham Citycare Partnership,QT1,NHS Nottingham And Nottinghamshire Integrated Care Board,MIDLANDS,Midlands Commissioning Region
2025-08/System-Mapping.xls,2025-26,2025-07,2025-04-01,2025-08-14,2025-08-14,NTP11,Practice Plus Group Hospital - Southampton,QRL,NHS Hampshire And Isle Of Wight Integrated Care Board,SOUTH EAST,South East Commissioning Region
2025-08/System-Mapping.xls,2025-26,2025-07,2025-04-01,2025-08-14,2025-08-14,NTPAD,Practice Plus Group Surgical Centre - St Marys Portsmouth,QRL,NHS Hampshire And Isle Of Wight Integrated Care Board,SOUTH EAST,South East Commissioning Region
2025-08/System-Mapping.xls,2025-26,2025-07,2025-04-01,2025-08-14,2025-08-14,NTV0B,Ashford Walk-In-Centre,QXU,NHS Surrey Heartlands Integrated Care Board,SOUTH EAST,South East Commissioning Region
2025-08/System-Mapping.xls,2025-26,2025-07,2025-04-01,2025-08-14,2025-08-14,NTV0W,Woking Walk In Centre,QXU,NHS Surrey Heartlands Integrated Care Board,SOUTH EAST,South East Commissioning Region
2025-08/System-Mapping.xls,2025-26,2025-07,2025-04-01,2025-08-14,2025-08-14,NV693,Rossendale Miu & Ooh,QE1,NHS Lancashire And South Cumbria Integrated Care Board,NORTH WEST,North West Commissioning Region
2025-08/System-Mapping.xls,2025-26,2025-07,2025-04-01,2025-08-14,2025-08-14,R0A,Manchester University NHS Foundation Trust,QOP,NHS Greater Manchester Integrated Care Board,NORTH WEST,North West Commissioning Region
2025-08/System-Mapping.xls,2025-26,2025-07,2025-04-01,2025-08-14,2025-08-14,R0B,South Tyneside And Sunderland NHS Foundation Trust,QHM,NHS North East And North Cumbria Integrated Care Board,NORTH EAST AND YORKSHIRE,North East and Yorkshire Commissioning Region
2025-08/System-Mapping.xls,2025-26,2025-07,2025-04-01,2025-08-14,2025-08-14,R0D,University Hospitals Dorset NHS Foundation Trust,QVV,NHS Dorset Integrated Care Board,SOUTH WEST,South West Commissioning Region
2025-08/System-Mapping.xls,2025-26,2025-07,2025-04-01,2025-08-14,2025-08-14,R1D,Shropshire Community Health NHS Trust,QOC,"NHS Shropshire, Telford And Wrekin Integrated Care Board",MIDLANDS,Midlands Commissioning Region
2025-08/System-Mapping.xls,2025-26,2025-07,2025-04-01,2025-08-14,2025-08-14,R1F,Isle Of Wight NHS Trust,QRL,NHS Hampshire And Isle Of Wight Integrated Care Board,SOUTH EAST,South East Commissioning Region
2025-08/System-Mapping.xls,2025-26,2025-07,2025-04-01,2025-08-14,2025-08-14,R1H,Barts Health NHS Trust,QMF,NHS North East London Integrated Care Board,LONDON,London Commissioning Region
2025-08/System-Mapping.xls,2025-26,2025-07,2025-04-01,2025-08-14,2025-08-14,R1K,London North West University Healthcare NHS Trust,QRV,NHS North West London Integrated Care Board,LONDON,London Commissioning Region
2025-08/System-Mapping.xls,2025-26,2025-07,2025-04-01,2025-08-14,2025-08-14,RA2,Royal Surrey County Hospital NHS Foundation Trust,QXU,NHS Surrey Heartlands Integrated Care Board,SOUTH EAST,South East Commissioning Region
2025-08/System-Mapping.xls,2025-26,2025-07,2025-04-01,2025-08-14,2025-08-14,RA7,University Hospitals Bristol And Weston NHS Foundation Trust,QUY,"NHS Bristol, North Somerset And South Gloucestershire Integrated Care Board",SOUTH WEST,South West Commissioning Region
2025-08/System-Mapping.xls,2025-26,2025-07,2025-04-01,2025-08-14,2025-08-14,RA9,Torbay And South Devon NHS Foundation Trust,QJK,NHS Devon Integrated Care Board,SOUTH WEST,South West Commissioning Region
2025-08/System-Mapping.xls,2025-26,2025-07,2025-04-01,2025-08-14,2025-08-14,RAE,Bradford Teaching Hospitals NHS Foundation Trust,QWO,NHS West Yorkshire Integrated Care Board,NORTH EAST AND YORKSHIRE,North East and Yorkshire Commissioning Region
2025-08/System-Mapping.xls,2025-26,2025-07,2025-04-01,2025-08-14,2025-08-14,RAJ,Mid And South Essex NHS Foundation Trust,QH8,NHS Mid And South Essex Integrated Care Board,EAST OF ENGLAND,East of England Commissioning Region
2025-08/System-Mapping.xls,2025-26,2025-07,2025-04-01,2025-08-14,2025-08-14,RAL,Royal Free London NHS Foundation Trust,QMJ,NHS North Central London Integrated Care Board,LONDON,London Commissioning Region
2025-08/System-Mapping.xls,2025-26,2025-07,2025-04-01,2025-08-14,2025-08-14,RAN,Royal National Orthopaedic Hospital NHS Trust,QMJ,NHS North Central London Integrated Care Board,LONDON,London Commissioning Region
2025-08/System-Mapping.xls,2025-26,2025-07,2025-04-01,2025-08-14,2025-08-14,RAS,The Hillingdon Hospitals NHS Foundation Trust,QRV,NHS North West London Integrated Care Board,LONDON,London Commissioning Region
2025-08/System-Mapping.xls,2025-26,2025-07,2025-04-01,2025-08-14,2025-08-14,RAT,North East London NHS Foundation Trust,QMF,NHS North East London Integrated Care Board,LONDON,London Commissioning Region
2025-08/System-Mapping.xls,2025-26,2025-07,2025-04-01,2025-08-14,2025-08-14,RAX,Kingston and Richmond NHS Foundation Trust,QWE,NHS South West London Integrated Care Board,LONDON,London Commissioning Region
2025-08/System-Mapping.xls,2025-26,2025-07,2025-04-01,2025-08-14,2025-08-14,RBD,Dorset County Hospital NHS Foundation Trust,QVV,NHS Dorset Integrated Care Board,SOUTH WEST,South West Commissioning Region
2025-08/System-Mapping.xls,2025-26,2025-07,2025-04-01,2025-08-14,2025-08-14,RBK,Walsall Healthcare NHS Trust,QUA,NHS Black Country Integrated Care Board,MIDLANDS,Midlands Commissioning Region
2025-08/System-Mapping.xls,2025-26,2025-07,2025-04-01,2025-08-14,2025-08-14,RBL,Wirral University Teaching Hospital NHS Foundation Trust,QYG,NHS Cheshire And Merseyside Integrated Care Board,NORTH WEST,North West Commissioning Region
2025-08/System-Mapping.xls,2025-26,2025-07,2025-04-01,2025-08-14,2025-08-14,RBN,Mersey And West Lancashire Teaching Hospitals NHS Trust,QYG,NHS Cheshire And Merseyside Integrated Care Board,NORTH WEST,North West Commissioning Region
2025-08/System-Mapping.xls,2025-26,2025-07,2025-04-01,2025-08-14,2025-08-14,RBQ,Liverpool Heart And Chest Hospital NHS Foundation Trust,QYG,NHS Cheshire And Merseyside Integrated Care Board,NORTH WEST,North West Commissioning Region
2025-08/System-Mapping.xls,2025-26,2025-07,2025-04-01,2025-08-14,2025-08-14,RBS,Alder Hey Children's NHS Foundation Trust,QYG,NHS Cheshire And Merseyside Integrated Care Board,NORTH WEST,North West Commissioning Region
2025-08/System-Mapping.xls,2025-26,2025-07,2025-04-01,2025-08-14,2025-08-14,RBT,Mid Cheshire Hospitals NHS Foundation Trust,QYG,NHS Cheshire And Merseyside Integrated Care Board,NORTH WEST,North West Commissioning Region
2025-08/System-Mapping.xls,2025-26,2025-07,2025-04-01,2025-08-14,2025-08-14,RBV,The Christie NHS Foundation Trust,QOP,NHS Greater Manchester Integrated Care Board,NORTH WEST,North West Commissioning Region
2025-08/System-Mapping.xls,2025-26,2025-07,2025-04-01,2025-08-14,2025-08-14,RC9,Bedfordshire Hospitals NHS Foundation Trust,QHG,"NHS Bedfordshire, Luton And Milton Keynes Integrated Care Board",EAST OF ENGLAND,East of England Commissioning Region
2025-08/System-Mapping.xls,2025-26,2025-07,2025-04-01,2025-08-14,2025-08-14,RCB,York And Scarborough Teaching Hospitals NHS Foundation Trust,QOQ,NHS Humber And North Yorkshire Integrated Care Board,NORTH EAST AND YORKSHIRE,North East and Yorkshire Commissioning Region
2025-08/System-Mapping.xls,2025-26,2025-07,2025-04-01,2025-08-14,2025-08-14,RCD,Harrogate And District NHS Foundation Trust,QOQ,NHS Humber And North Yorkshire Integrated Care Board,NORTH EAST AND YORKSHIRE,North East and Yorkshire Commissioning Region
2025-08/System-Mapping.xls,2025-26,2025-07,2025-04-01,2025-08-14,2025-08-14,RCF,Airedale NHS Foundation Trust,QWO,NHS West Yorkshire Integrated Care Board,NORTH EAST AND YORKSHIRE,North East and Yorkshire Commissioning Region
2025-08/System-Mapping.xls,2025-26,2025-07,2025-04-01,2025-08-14,2025-08-14,RCU,Sheffield Children's NHS Foundation Trust,QF7,NHS South Yorkshire Integrated Care Board,NORTH EAST AND YORKSHIRE,North East and Yorkshire Commissioning Region
2025-08/System-Mapping.xls,2025-26,2025-07,2025-04-01,2025-08-14,2025-08-14,RCX,"The Queen Elizabeth Hospital, King's Lynn, NHS Foundation Trust",QMM,NHS Norfolk And Waveney Integrated Care Board,EAST OF ENGLAND,East of England Commissioning Region
2025-08/System-Mapping.xls,2025-26,2025-07,2025-04-01,2025-08-14,2025-08-14,RD1,Royal United Hospitals Bath NHS Foundation Trust,QOX,"NHS Bath And North East Somerset, Swindon And Wiltshire Integrated Care Board",SOUTH WEST,South West Commissioning Region
2025-08/System-Mapping.xls,2025-26,2025-07,2025-04-01,2025-08-14,2025-08-14,RD8,Milton Keynes University Hospital NHS Foundation Trust,QHG,"NHS Bedfordshire, Luton And Milton Keynes Integrated Care Board",EAST OF ENGLAND,East of England Commissioning Region
2025-08/System-Mapping.xls,2025-26,2025-07,2025-04-01,2025-08-14,2025-08-14,RDE,East Suffolk And North Essex NHS Foundation Trust,QJG,NHS Suffolk And North East Essex Integrated Care Board,EAST OF ENGLAND,East of England Commissioning Region
2025-08/System-Mapping.xls,2025-26,2025-07,2025-04-01,2025-08-14,2025-08-14,RDR,Sussex Community NHS Foundation Trust,QNX,NHS Sussex Integrated Care Board,SOUTH EAST,South East Commissioning Region
2025-08/System-Mapping.xls,2025-26,2025-07,2025-04-01,2025-08-14,2025-08-14,RDU,Frimley Health NHS Foundation Trust,QNQ,NHS Frimley Integrated Care Board,SOUTH EAST,South East Commissioning Region
2025-08/System-Mapping.xls,2025-26,2025-07,2025-04-01,2025-08-14,2025-08-14,RDY,Dorset Healthcare University NHS Foundation Trust,QVV,NHS Dorset Integrated Care Board,SOUTH WEST,South West Commissioning Region
2025-08/System-Mapping.xls,2025-26,2025-07,2025-04-01,2025-08-14,2025-08-14,REF,Royal Cornwall Hospitals NHS Trust,QT6,NHS Cornwall And The Isles Of Scilly Integrated Care Board,SOUTH WEST,South West Commissioning Region
2025-08/System-Mapping.xls,2025-26,2025-07,2025-04-01,2025-08-14,2025-08-14,REM,Liverpool University Hospitals NHS Foundation Trust,QYG,NHS Cheshire And Merseyside Integrated Care Board,NORTH WEST,North West Commissioning Region
2025-08/System-Mapping.xls,2025-26,2025-07,2025-04-01,2025-08-14,2025-08-14,REP,Liverpool Women's NHS Foundation Trust,QYG,NHS Cheshire And Merseyside Integrated Care Board,NORTH WEST,North West Commissioning Region
2025-08/System-Mapping.xls,2025-26,2025-07,2025-04-01,2025-08-14,2025-08-14,RET,The Walton Centre NHS Foundation Trust,QYG,NHS Cheshire And Merseyside Integrated Care Board,NORTH WEST,North West Commissioning Region
2025-08/System-Mapping.xls,2025-26,2025-07,2025-04-01,2025-08-14,2025-08-14,RF4,"Barking, Havering And Redbridge University Hospitals NHS Trust",QMF,NHS North East London Integrated Care Board,LONDON,London Commissioning Region
2025-08/System-Mapping.xls,2025-26,2025-07,2025-04-01,2025-08-14,2025-08-14,RFF,Barnsley Hospital NHS Foundation Trust,QF7,NHS South Yorkshire Integrated Care Board,NORTH EAST AND YORKSHIRE,North East and Yorkshire Commissioning Region
2025-08/System-Mapping.xls,2025-26,2025-07,2025-04-01,2025-08-14,2025-08-14,RFR,The Rotherham NHS Foundation Trust,QF7,NHS South Yorkshire Integrated Care Board,NORTH EAST AND YORKSHIRE,North East and Yorkshire Commissioning Region
2025-08/System-Mapping.xls,2025-26,2025-07,2025-04-01,2025-08-14,2025-08-14,RFS,Chesterfield Royal Hospital NHS Foundation Trust,QJ2,NHS Derby And Derbyshire Integrated Care Board,MIDLANDS,Midlands Commissioning Region
2025-08/System-Mapping.xls,2025-26,2025-07,2025-04-01,2025-08-14,2025-08-14,RGN,North West Anglia NHS Foundation Trust,QUE,NHS Cambridgeshire And Peterborough Integrated Care Board,EAST OF ENGLAND,East of England Commissioning Region
2025-08/System-Mapping.xls,2025-26,2025-07,2025-04-01,2025-08-14,2025-08-14,RGP,James Paget University Hospitals NHS Foundation Trust,QMM,NHS Norfolk And Waveney Integrated Care Board,EAST OF ENGLAND,East of England Commissioning Region
2025-08/System-Mapping.xls,2025-26,2025-07,2025-04-01,2025-08-14,2025-08-14,RGR,West Suffolk NHS Foundation Trust,QJG,NHS Suffolk And North East Essex Integrated Care Board,EAST OF ENGLAND,East of England Commissioning Region
2025-08/System-Mapping.xls,2025-26,2025-07,2025-04-01,2025-08-14,2025-08-14,RGT,Cambridge University Hospitals NHS Foundation Trust,QUE,NHS Cambridgeshire And Peterborough Integrated Care Board,EAST OF ENGLAND,East of England Commissioning Region
2025-08/System-Mapping.xls,2025-26,2025-07,2025-04-01,2025-08-14,2025-08-14,RH5,Somerset NHS Foundation Trust,QSL,NHS Somerset Integrated Care Board,SOUTH WEST,South West Commissioning Region
2025-08/System-Mapping.xls,2025-26,2025-07,2025-04-01,2025-08-14,2025-08-14,RH8,Royal Devon University Healthcare NHS Foundation Trust,QJK,NHS Devon Integrated Care Board,SOUTH WEST,South West Commissioning Region
2025-08/System-Mapping.xls,2025-26,2025-07,2025-04-01,2025-08-14,2025-08-14,RHM,University Hospital Southampton NHS Foundation Trust,QRL,NHS Hampshire And Isle Of Wight Integrated Care Board,SOUTH EAST,South East Commissioning Region
2025-08/System-Mapping.xls,2025-26,2025-07,2025-04-01,2025-08-14,2025-08-14,RHQ,Sheffield Teaching Hospitals NHS Foundation Trust,QF7,NHS South Yorkshire Integrated Care Board,NORTH EAST AND YORKSHIRE,North East and Yorkshire Commissioning Region
2025-08/System-Mapping.xls,2025-26,2025-07,2025-04-01,2025-08-14,2025-08-14,RHU,Portsmouth Hospitals University National Health Service Trust,QRL,NHS Hampshire And Isle Of Wight Integrated Care Board,SOUTH EAST,South East Commissioning Region
2025-08/System-Mapping.xls,2025-26,2025-07,2025-04-01,2025-08-14,2025-08-14,RHW,Royal Berkshire NHS Foundation Trust,QU9,"NHS Buckinghamshire, Oxfordshire And Berkshire West Integrated Care Board",SOUTH EAST,South East Commissioning Region
2025-08/System-Mapping.xls,2025-26,2025-07,2025-04-01,2025-08-14,2025-08-14,RJ1,Guy's And St Thomas' NHS Foundation Trust,QKK,NHS South East London Integrated Care Board,LONDON,London Commissioning Region
2025-08/System-Mapping.xls,2025-26,2025-07,2025-04-01,2025-08-14,2025-08-14,RJ2,Lewisham And Greenwich NHS Trust,QKK,NHS South East London Integrated Care Board,LONDON,London Commissioning Region
2025-08/System-Mapping.xls,2025-26,2025-07,2025-04-01,2025-08-14,2025-08-14,RJ6,Croydon Health Services NHS Trust,QWE,NHS South West London Integrated Care Board,LONDON,London Commissioning Region
2025-08/System-Mapping.xls,2025-26,2025-07,2025-04-01,2025-08-14,2025-08-14,RJ7,St George's University Hospitals NHS Foundation Trust,QWE,NHS South West London Integrated Care Board,LONDON,London Commissioning Region
2025-08/System-Mapping.xls,2025-26,2025-07,2025-04-01,2025-08-14,2025-08-14,RJ8,Cornwall Partnership NHS Foundation Trust,QT6,NHS Cornwall And The Isles Of Scilly Integrated Care Board,SOUTH WEST,South West Commissioning Region
2025-08/System-Mapping.xls,2025-26,2025-07,2025-04-01,2025-08-14,2025-08-14,RJC,South Warwickshire University NHS Foundation Trust,QWU,NHS Coventry And Warwickshire Integrated Care Board,MIDLANDS,Midlands Commissioning Region
2025-08/System-Mapping.xls,2025-26,2025-07,2025-04-01,2025-08-14,2025-08-14,RJE,University Hospitals Of North Midlands NHS Trust,QNC,NHS Staffordshire And Stoke-On-Trent Integrated Care Board,MIDLANDS,Midlands Commissioning Region
2025-08/System-Mapping.xls,2025-26,2025-07,2025-04-01,2025-08-14,2025-08-14,RJL,Northern Lincolnshire And Goole NHS Foundation Trust,QOQ,NHS Humber And North Yorkshire Integrated Care Board,NORTH EAST AND YORKSHIRE,North East and Yorkshire Commissioning Region
2025-08/System-Mapping.xls,2025-26,2025-07,2025-04-01,2025-08-14,2025-08-14,RJN,East Cheshire NHS Trust,QYG,NHS Cheshire And Merseyside Integrated Care Board,NORTH WEST,North West Commissioning Region
2025-08/System-Mapping.xls,2025-26,2025-07,2025-04-01,2025-08-14,2025-08-14,RJR,Countess Of Chester Hospital NHS Foundation Trust,QYG,NHS Cheshire And Merseyside Integrated Care Board,NORTH WEST,North West Commissioning Region
2025-08/System-Mapping.xls,2025-26,2025-07,2025-04-01,2025-08-14,2025-08-14,RJZ,King's College Hospital NHS Foundation Trust,QKK,NHS South East London Integrated Care Board,LONDON,London Commissioning Region
2025-08/System-Mapping.xls,2025-26,2025-07,2025-04-01,2025-08-14,2025-08-14,RK5,Sherwood Forest Hospitals NHS Foundation Trust,QT1,NHS Nottingham And Nottinghamshire Integrated Care Board,MIDLANDS,Midlands Commissioning Region
2025-08/System-Mapping.xls,2025-26,2025-07,2025-04-01,2025-08-14,2025-08-14,RK9,University Hospitals Plymouth NHS Trust,QJK,NHS Devon Integrated Care Board,SOUTH WEST,South West Commissioning Region
2025-08/System-Mapping.xls,2025-26,2025-07,2025-04-01,2025-08-14,2025-08-14,RKB,University Hospitals Coventry And Warwickshire NHS Trust,QWU,NHS Coventry And Warwickshire Integrated Care Board,MIDLANDS,Midlands Commissioning Region
2025-08/System-Mapping.xls,2025-26,2025-07,2025-04-01,2025-08-14,2025-08-14,RKE,Whittington Health NHS Trust,QMJ,NHS North Central London Integrated Care Board,LONDON,London Commissioning Region
2025-08/System-Mapping.xls,2025-26,2025-07,2025-04-01,2025-08-14,2025-08-14,RL1,The Robert Jones And Agnes Hunt Orthopaedic Hospital NHS Foundation Trust,QOC,"NHS Shropshire, Telford And Wrekin Integrated Care Board",MIDLANDS,Midlands Commissioning Region
2025-08/System-Mapping.xls,2025-26,2025-07,2025-04-01,2025-08-14,2025-08-14,RL4,The Royal Wolverhampton NHS Trust,QUA,NHS Black Country Integrated Care Board,MIDLANDS,Midlands Commissioning Region
2025-08/System-Mapping.xls,2025-26,2025-07,2025-04-01,2025-08-14,2025-08-14,RLQ,Wye Valley NHS Trust,QGH,NHS Herefordshire And Worcestershire Integrated Care Board,MIDLANDS,Midlands Commissioning Region
2025-08/System-Mapping.xls,2025-26,2025-07,2025-04-01,2025-08-14,2025-08-14,RLT,George Eliot Hospital NHS Trust,QWU,NHS Coventry And Warwickshire Integrated Care Board,MIDLANDS,Midlands Commissioning Region
2025-08/System-Mapping.xls,2025-26,2025-07,2025-04-01,2025-08-14,2025-08-14,RM1,Norfolk And Norwich University Hospitals NHS Foundation Trust,QMM,NHS Norfolk And Waveney Integrated Care Board,EAST OF ENGLAND,East of England Commissioning Region
2025-08/System-Mapping.xls,2025-26,2025-07,2025-04-01,2025-08-14,2025-08-14,RM3,Northern Care Alliance NHS Foundation Trust,QOP,NHS Greater Manchester Integrated Care Board,NORTH WEST,North West Commissioning Region
2025-08/System-Mapping.xls,2025-26,2025-07,2025-04-01,2025-08-14,2025-08-14,RMC,Bolton NHS Foundation Trust,QOP,NHS Greater Manchester Integrated Care Board,NORTH WEST,North West Commissioning Region
2025-08/System-Mapping.xls,2025-26,2025-07,2025-04-01,2025-08-14,2025-08-14,RMP,Tameside And Glossop Integrated Care NHS Foundation Trust,QOP,NHS Greater Manchester Integrated Care Board,NORTH WEST,North West Commissioning Region
2025-08/System-Mapping.xls,2025-26,2025-07,2025-04-01,2025-08-14,2025-08-14,RN3,Great Western Hospitals NHS Foundation Trust,QOX,"NHS Bath And North East Somerset, Swindon And Wiltshire Integrated Care Board",SOUTH WEST,South West Commissioning Region
2025-08/System-Mapping.xls,2025-26,2025-07,2025-04-01,2025-08-14,2025-08-14,RN5,Hampshire Hospitals NHS Foundation Trust,QRL,NHS Hampshire And Isle Of Wight Integrated Care Board,SOUTH EAST,South East Commissioning Region
2025-08/System-Mapping.xls,2025-26,2025-07,2025-04-01,2025-08-14,2025-08-14,RN7,Dartford And Gravesham NHS Trust,QKS,NHS Kent And Medway Integrated Care Board,SOUTH EAST,South East Commissioning Region
2025-08/System-Mapping.xls,2025-26,2025-07,2025-04-01,2025-08-14,2025-08-14,RNA,The Dudley Group NHS Foundation Trust,QUA,NHS Black Country Integrated Care Board,MIDLANDS,Midlands Commissioning Region
2025-08/System-Mapping.xls,2025-26,2025-07,2025-04-01,2025-08-14,2025-08-14,RNN,North Cumbria Integrated Care NHS Foundation Trust,QHM,NHS North East And North Cumbria Integrated Care Board,NORTH EAST AND YORKSHIRE,North East and Yorkshire Commissioning Region
2025-08/System-Mapping.xls,2025-26,2025-07,2025-04-01,2025-08-14,2025-08-14,RNQ,Kettering General Hospital NHS Foundation Trust,QPM,NHS Northamptonshire Integrated Care Board,MIDLANDS,Midlands Commissioning Region
2025-08/System-Mapping.xls,2025-26,2025-07,2025-04-01,2025-08-14,2025-08-14,RNS,Northampton General Hospital NHS Trust,QPM,NHS Northamptonshire Integrated Care Board,MIDLANDS,Midlands Commissioning Region
2025-08/System-Mapping.xls,2025-26,2025-07,2025-04-01,2025-08-14,2025-08-14,RNU,Oxford Health NHS Foundation Trust,QU9,"NHS Buckinghamshire, Oxfordshire And Berkshire West Integrated Care Board",SOUTH EAST,South East Commissioning Region
2025-08/System-Mapping.xls,2025-26,2025-07,2025-04-01,2025-08-14,2025-08-14,RNZ,Salisbury NHS Foundation Trust,QOX,"NHS Bath And North East Somerset, Swindon And Wiltshire Integrated Care Board",SOUTH WEST,South West Commissioning Region
2025-08/System-Mapping.xls,2025-26,2025-07,2025-04-01,2025-08-14,2025-08-14,RP5,Doncaster And Bassetlaw Teaching Hospitals NHS Foundation Trust,QF7,NHS South Yorkshire Integrated Care Board,NORTH EAST AND YORKSHIRE,North East and Yorkshire Commissioning Region
2025-08/System-Mapping.xls,2025-26,2025-07,2025-04-01,2025-08-14,2025-08-14,RP6,Moorfields Eye Hospital NHS Foundation Trust,QMJ,NHS North Central London Integrated Care Board,LONDON,London Commissioning Region
2025-08/System-Mapping.xls,2025-26,2025-07,2025-04-01,2025-08-14,2025-08-14,RPA,Medway NHS Foundation Trust,QKS,NHS Kent And Medway Integrated Care Board,SOUTH EAST,South East Commissioning Region
2025-08/System-Mapping.xls,2025-26,2025-07,2025-04-01,2025-08-14,2025-08-14,RPC,Queen Victoria Hospital NHS Foundation Trust,QNX,NHS Sussex Integrated Care Board,SOUTH EAST,South East Commissioning Region
2025-08/System-Mapping.xls,2025-26,2025-07,2025-04-01,2025-08-14,2025-08-14,RQ3,Birmingham Women's And Children's NHS Foundation Trust,QHL,NHS Birmingham And Solihull Integrated Care Board,MIDLANDS,Midlands Commissioning Region
2025-08/System-Mapping.xls,2025-26,2025-07,2025-04-01,2025-08-14,2025-08-14,RQM,Chelsea And Westminster Hospital NHS Foundation Trust,QRV,NHS North West London Integrated Care Board,LONDON,London Commissioning Region
2025-08/System-Mapping.xls,2025-26,2025-07,2025-04-01,2025-08-14,2025-08-14,RQW,The Princess Alexandra Hospital NHS Trust,QM7,NHS Hertfordshire And West Essex Integrated Care Board,EAST OF ENGLAND,East of England Commissioning Region
2025-08/System-Mapping.xls,2025-26,2025-07,2025-04-01,2025-08-14,2025-08-14,RQX,Homerton Healthcare NHS Foundation Trust,QMF,NHS North East London Integrated Care Board,LONDON,London Commissioning Region
2025-08/System-Mapping.xls,2025-26,2025-07,2025-04-01,2025-08-14,2025-08-14,RR7,Gateshead Health NHS Foundation Trust,QHM,NHS North East And North Cumbria Integrated Care Board,NORTH EAST AND YORKSHIRE,North East and Yorkshire Commissioning Region
2025-08/System-Mapping.xls,2025-26,2025-07,2025-04-01,2025-08-14,2025-08-14,RR8,Leeds Teaching Hospitals NHS Trust,QWO,NHS West Yorkshire Integrated Care Board,NORTH EAST AND YORKSHIRE,North East and Yorkshire Commissioning Region
2025-08/System-Mapping.xls,2025-26,2025-07,2025-04-01,2025-08-14,2025-08-14,RRF,"Wrightington, Wigan And Leigh NHS Foundation Trust",QOP,NHS Greater Manchester Integrated Care Board,NORTH WEST,North West Commissioning Region
2025-08/System-Mapping.xls,2025-26,2025-07,2025-04-01,2025-08-14,2025-08-14,RRK,University Hospitals Birmingham NHS Foundation Trust,QHL,NHS Birmingham And Solihull Integrated Care Board,MIDLANDS,Midlands Commissioning Region
2025-08/System-Mapping.xls,2025-26,2025-07,2025-04-01,2025-08-14,2025-08-14,RRV,University College London Hospitals NHS Foundation Trust,QMJ,NHS North Central London Integrated Care Board,LONDON,London Commissioning Region
2025-08/System-Mapping.xls,2025-26,2025-07,2025-04-01,2025-08-14,2025-08-14,RTD,The Newcastle Upon Tyne Hospitals NHS Foundation Trust,QHM,NHS North East And North Cumbria Integrated Care Board,NORTH EAST AND YORKSHIRE,North East and Yorkshire Commissioning Region
2025-08/System-Mapping.xls,2025-26,2025-07,2025-04-01,2025-08-14,2025-08-14,RTE,Gloucestershire Hospitals NHS Foundation Trust,QR1,NHS Gloucestershire Integrated Care Board,SOUTH WEST,South West Commissioning Region
2025-08/System-Mapping.xls,2025-26,2025-07,2025-04-01,2025-08-14,2025-08-14,RTF,Northumbria Healthcare NHS Foundation Trust,QHM,NHS North East And North Cumbria Integrated Care Board,NORTH EAST AND YORKSHIRE,North East and Yorkshire Commissioning Region
2025-08/System-Mapping.xls,2025-26,2025-07,2025-04-01,2025-08-14,2025-08-14,RTG,University Hospitals Of Derby And Burton NHS Foundation Trust,QJ2,NHS Derby And Derbyshire Integrated Care Board,MIDLANDS,Midlands Commissioning Region
2025-08/System-Mapping.xls,2025-26,2025-07,2025-04-01,2025-08-14,2025-08-14,RTH,Oxford University Hospitals NHS Foundation Trust,QU9,"NHS Buckinghamshire, Oxfordshire And Berkshire West Integrated Care Board",SOUTH EAST,South East Commissioning Region
2025-08/System-Mapping.xls,2025-26,2025-07,2025-04-01,2025-08-14,2025-08-14,RTK,Ashford And St Peter's Hospitals NHS Foundation Trust,QXU,NHS Surrey Heartlands Integrated Care Board,SOUTH EAST,South East Commissioning Region
2025-08/System-Mapping.xls,2025-26,2025-07,2025-04-01,2025-08-14,2025-08-14,RTP,Surrey And Sussex Healthcare NHS Trust,QXU,NHS Surrey Heartlands Integrated Care Board,SOUTH EAST,South East Commissioning Region
2025-08/System-Mapping.xls,2025-26,2025-07,2025-04-01,2025-08-14,2025-08-14,RTQ,Gloucestershire Health And Care NHS Foundation Trust,QR1,NHS Gloucestershire Integrated Care Board,SOUTH WEST,South West Commissioning Region
2025-08/System-Mapping.xls,2025-26,2025-07,2025-04-01,2025-08-14,2025-08-14,RTR,South Tees Hospitals NHS Foundation Trust,QHM,NHS North East And North Cumbria Integrated Care Board,NORTH EAST AND YORKSHIRE,North East and Yorkshire Commissioning Region
2025-08/System-Mapping.xls,2025-26,2025-07,2025-04-01,2025-08-14,2025-08-14,RTX,University Hospitals Of Morecambe Bay NHS Foundation Trust,QE1,NHS Lancashire And South Cumbria Integrated Care Board,NORTH WEST,North West Commissioning Region
2025-08/System-Mapping.xls,2025-26,2025-07,2025-04-01,2025-08-14,2025-08-14,RV9,Humber Teaching NHS Foundation Trust,QOQ,NHS Humber And North Yorkshire Integrated Care Board,NORTH EAST AND YORKSHIRE,North East and Yorkshire Commissioning Region
2025-08/System-Mapping.xls,2025-26,2025-07,2025-04-01,2025-08-14,2025-08-14,RVJ,North Bristol NHS Trust,QUY,"NHS Bristol, North Somerset And South Gloucestershire Integrated Care Board",SOUTH WEST,South West Commissioning Region
2025-08/System-Mapping.xls,2025-26,2025-07,2025-04-01,2025-08-14,2025-08-14,RVR,Epsom And St Helier University Hospitals NHS Trust,QWE,NHS South West London Integrated Care Board,LONDON,London Commissioning Region
2025-08/System-Mapping.xls,2025-26,2025-07,2025-04-01,2025-08-14,2025-08-14,RVV,East Kent Hospitals University NHS Foundation Trust,QKS,NHS Kent And Medway Integrated Care Board,SOUTH EAST,South East Commissioning Region
2025-08/System-Mapping.xls,2025-26,2025-07,2025-04-01,2025-08-14,2025-08-14,RVW,North Tees And Hartlepool NHS Foundation Trust,QHM,NHS North East And North Cumbria Integrated Care Board,NORTH EAST AND YORKSHIRE,North East and Yorkshire Commissioning Region
2025-08/System-Mapping.xls,2025-26,2025-07,2025-04-01,2025-08-14,2025-08-14,RW1,Southern Health NHS Foundation Trust,QRL,NHS Hampshire And Isle Of Wight Integrated Care Board,SOUTH EAST,South East Commissioning Region
2025-08/System-Mapping.xls,2025-26,2025-07,2025-04-01,2025-08-14,2025-08-14,RW4,Mersey Care NHS Foundation Trust,QYG,NHS Cheshire And Merseyside Integrated Care Board,NORTH WEST,North West Commissioning Region
2025-08/System-Mapping.xls,2025-26,2025-07,2025-04-01,2025-08-14,2025-08-14,RWA,Hull University Teaching Hospitals NHS Trust,QOQ,NHS Humber And North Yorkshire Integrated Care Board,NORTH EAST AND YORKSHIRE,North East and Yorkshire Commissioning Region
2025-08/System-Mapping.xls,2025-26,2025-07,2025-04-01,2025-08-14,2025-08-14,RWD,United Lincolnshire Teaching Hospitals NHS Trust,QJM,NHS Lincolnshire Integrated Care Board,MIDLANDS,Midlands Commissioning Region
2025-08/System-Mapping.xls,2025-26,2025-07,2025-04-01,2025-08-14,2025-08-14,RWE,University Hospitals Of Leicester NHS Trust,QK1,"NHS Leicester, Leicestershire And Rutland Integrated Care Board",MIDLANDS,Midlands Commissioning Region
2025-08/System-Mapping.xls,2025-26,2025-07,2025-04-01,2025-08-14,2025-08-14,RWF,Maidstone And Tunbridge Wells NHS Trust,QKS,NHS Kent And Medway Integrated Care Board,SOUTH EAST,South East Commissioning Region
2025-08/System-Mapping.xls,2025-26,2025-07,2025-04-01,2025-08-14,2025-08-14,RWG,West Hertfordshire Teaching Hospitals NHS Trust,QM7,NHS Hertfordshire And West Essex Integrated Care Board,EAST OF ENGLAND,East of England Commissioning Region
2025-08/System-Mapping.xls,2025-26,2025-07,2025-04-01,2025-08-14,2025-08-14,RWH,East And North Hertfordshire NHS Trust,QM7,NHS Hertfordshire And West Essex Integrated Care Board,EAST OF ENGLAND,East of England Commissioning Region
2025-08/System-Mapping.xls,2025-26,2025-07,2025-04-01,2025-08-14,2025-08-14,RWJ,Stockport NHS Foundation Trust,QOP,NHS Greater Manchester Integrated Care Board,NORTH WEST,North West Commissioning Region
2025-08/System-Mapping.xls,2025-26,2025-07,2025-04-01,2025-08-14,2025-08-14,RWP,Worcestershire Acute Hospitals NHS Trust,QGH,NHS Herefordshire And Worcestershire Integrated Care Board,MIDLANDS,Midlands Commissioning Region
2025-08/System-Mapping.xls,2025-26,2025-07,2025-04-01,2025-08-14,2025-08-14,RWW,Warrington And Halton Teaching Hospitals NHS Foundation Trust,QYG,NHS Cheshire And Merseyside Integrated Care Board,NORTH WEST,North West Commissioning Region
2025-08/System-Mapping.xls,2025-26,2025-07,2025-04-01,2025-08-14,2025-08-14,RWX,Berkshire Healthcare NHS Foundation Trust,QU9,"NHS Buckinghamshire, Oxfordshire And Berkshire West Integrated Care Board",SOUTH EAST,South East Commissioning Region
2025-08/System-Mapping.xls,2025-26,2025-07,2025-04-01,2025-08-14,2025-08-14,RWY,Calderdale And Huddersfield NHS Foundation Trust,QWO,NHS West Yorkshire Integrated Care Board,NORTH EAST AND YORKSHIRE,North East and Yorkshire Commissioning Region
2025-08/System-Mapping.xls,2025-26,2025-07,2025-04-01,2025-08-14,2025-08-14,RX1,Nottingham University Hospitals NHS Trust,QT1,NHS Nottingham And Nottinghamshire Integrated Care Board,MIDLANDS,Midlands Commissioning Region
2025-08/System-Mapping.xls,2025-26,2025-07,2025-04-01,2025-08-14,2025-08-14,RXC,East Sussex Healthcare NHS Trust,QNX,NHS Sussex Integrated Care Board,SOUTH EAST,South East Commissioning Region
2025-08/System-Mapping.xls,2025-26,2025-07,2025-04-01,2025-08-14,2025-08-14,RXF,Mid Yorkshire Hospitals NHS Trust,QWO,NHS West Yorkshire Integrated Care Board,NORTH EAST AND YORKSHIRE,North East and Yorkshire Commissioning Region
2025-08/System-Mapping.xls,2025-26,2025-07,2025-04-01,2025-08-14,2025-08-14,RXG,South West Yorkshire Partnership NHS Foundation Trust,QWO,NHS West Yorkshire Integrated Care Board,NORTH EAST AND YORKSHIRE,North East and Yorkshire Commissioning Region
2025-08/System-Mapping.xls,2025-26,2025-07,2025-04-01,2025-08-14,2025-08-14,RXK,Sandwell And West Birmingham Hospitals NHS Trust,QUA,NHS Black Country Integrated Care Board,MIDLANDS,Midlands Commissioning Region
2025-08/System-Mapping.xls,2025-26,2025-07,2025-04-01,2025-08-14,2025-08-14,RXL,Blackpool Teaching Hospitals NHS Foundation Trust,QE1,NHS Lancashire And South Cumbria Integrated Care Board,NORTH WEST,North West Commissioning Region
2025-08/System-Mapping.xls,2025-26,2025-07,2025-04-01,2025-08-14,2025-08-14,RXN,Lancashire Teaching Hospitals NHS Foundation Trust,QE1,NHS Lancashire And South Cumbria Integrated Care Board,NORTH WEST,North West Commissioning Region
2025-08/System-Mapping.xls,2025-26,2025-07,2025-04-01,2025-08-14,2025-08-14,RXP,County Durham And Darlington NHS Foundation Trust,QHM,NHS North East And North Cumbria Integrated Care Board,NORTH EAST AND YORKSHIRE,North East and Yorkshire Commissioning Region
2025-08/System-Mapping.xls,2025-26,2025-07,2025-04-01,2025-08-14,2025-08-14,RXQ,Buckinghamshire Healthcare NHS Trust,QU9,"NHS Buckinghamshire, Oxfordshire And Berkshire West Integrated Care Board",SOUTH EAST,South East Commissioning Region
2025-08/System-Mapping.xls,2025-26,2025-07,2025-04-01,2025-08-14,2025-08-14,RXR,East Lancashire Hospitals NHS Trust,QE1,NHS Lancashire And South Cumbria Integrated Care Board,NORTH WEST,North West Commissioning Region
2025-08/System-Mapping.xls,2025-26,2025-07,2025-04-01,2025-08-14,2025-08-14,RXW,The Shrewsbury And Telford Hospital NHS Trust,QOC,"NHS Shropshire, Telford And Wrekin Integrated Care Board",MIDLANDS,Midlands Commissioning Region
2025-08/System-Mapping.xls,2025-26,2025-07,2025-04-01,2025-08-14,2025-08-14,RY2,Bridgewater Community Healthcare NHS Foundation Trust,QYG,NHS Cheshire And Merseyside Integrated Care Board,NORTH WEST,North West Commissioning Region
2025-08/System-Mapping.xls,2025-26,2025-07,2025-04-01,2025-08-14,2025-08-14,RY4,Hertfordshire Community NHS Trust,QM7,NHS Hertfordshire And West Essex Integrated Care Board,EAST OF ENGLAND,East of England Commissioning Region
2025-08/System-Mapping.xls,2025-26,2025-07,2025-04-01,2025-08-14,2025-08-14,RY5,Lincolnshire Community Health Services NHS Trust,QJM,NHS Lincolnshire Integrated Care Board,MIDLANDS,Midlands Commissioning Region
2025-08/System-Mapping.xls,2025-26,2025-07,2025-04-01,2025-08-14,2025-08-14,RY7,Wirral Community Health And Care NHS Foundation Trust,QYG,NHS Cheshire And Merseyside Integrated Care Board,NORTH WEST,North West Commissioning Region
2025-08/System-Mapping.xls,2025-26,2025-07,2025-04-01,2025-08-14,2025-08-14,RY8,Derbyshire Community Health Services NHS Foundation Trust,QJ2,NHS Derby And Derbyshire Integrated Care Board,MIDLANDS,Midlands Commissioning Region
2025-08/System-Mapping.xls,2025-26,2025-07,2025-04-01,2025-08-14,2025-08-14,RY9,Hounslow And Richmond Community Healthcare NHS Trust,QWE,NHS South West London Integrated Care Board,LONDON,London Commissioning Region
2025-08/System-Mapping.xls,2025-26,2025-07,2025-04-01,2025-08-14,2025-08-14,RYF,South Western Ambulance Service NHS Foundation Trust,QJK,NHS Devon Integrated Care Board,SOUTH WEST,South West Commissioning Region
2025-08/System-Mapping.xls,2025-26,2025-07,2025-04-01,2025-08-14,2025-08-14,RYG,Coventry and Warwickshire Partnership NHS Trust,QWU,NHS Coventry And Warwickshire Integrated Care Board,MIDLANDS,Midlands Commissioning Region
2025-08/System-Mapping.xls,2025-26,2025-07,2025-04-01,2025-08-14,2025-08-14,RYJ,Imperial College Healthcare NHS Trust,QRV,NHS North West London Integrated Care Board,LONDON,London Commissioning Region
2025-08/System-Mapping.xls,2025-26,2025-07,2025-04-01,2025-08-14,2025-08-14,RYR,University Hospitals Sussex NHS Foundation Trust,QNX,NHS Sussex Integrated Care Board,SOUTH EAST,South East Commissioning Region
2025-08/System-Mapping.xls,2025-26,2025-07,2025-04-01,2025-08-14,2025-08-14,RYX,Central London Community Healthcare NHS Trust,QRV,NHS North West London Integrated Care Board,LONDON,London Commissioning Region
2025-08/System-Mapping.xls,2025-26,2025-07,2025-04-01,2025-08-14,2025-08-14,RYY,Kent Community Health NHS Foundation Trust,QKS,NHS Kent And Medway Integrated Care Board,SOUTH EAST,South East Commissioning Region
2025-08/System-Mapping.xls,2025-26,2025-07,2025-04-01,2025-08-14,2025-08-14,Y00751,East Berks Primary Care Ooh(Wam),QNQ,NHS Frimley Integrated Care Board,SOUTH EAST,South East Commissioning Region
2025-08/System-Mapping.xls,2025-26,2025-07,2025-04-01,2025-08-14,2025-08-14,Y02147,Urgent Care Centre (Qms),QKK,NHS South East London Integrated Care Board,LONDON,London Commissioning Region
2025-08/System-Mapping.xls,2025-26,2025-07,2025-04-01,2025-08-14,2025-08-14,Y02428,Putnoe Medical Centre Walk In Centre,QHG,"NHS Bedfordshire, Luton And Milton Keynes Integrated Care Board",EAST OF ENGLAND,East of England Commissioning Region
2025-08/System-Mapping.xls,2025-26,2025-07,2025-04-01,2025-08-14,2025-08-14,Y02532,Miriam Minor Emergency,QYG,NHS Cheshire And Merseyside Integrated Care Board,NORTH WEST,North West Commissioning Region
2025-08/System-Mapping.xls,2025-26,2025-07,2025-04-01,2025-08-14,2025-08-14,Y02615,South Birmingham GP Walk In Centre,QHL,NHS Birmingham And Solihull Integrated Care Board,MIDLANDS,Midlands Commissioning Region
2025-08/System-Mapping.xls,2025-26,2025-07,2025-04-01,2025-08-14,2025-08-14,Y02676,Brighton Station Health Centre,QNX,NHS Sussex Integrated Care Board,SOUTH EAST,South East Commissioning Region
2025-08/System-Mapping.xls,2025-26,2025-07,2025-04-01,2025-08-14,2025-08-14,Y03007,Erdington GP Health & Wellbeing Wic,QHL,NHS Birmingham And Solihull Integrated Care Board,MIDLANDS,Midlands Commissioning Region
2025-08/System-Mapping.xls,2025-26,2025-07,2025-04-01,2025-08-14,2025-08-14,Y03218,The Pinn Unregistered Wic,QRV,NHS North West London Integrated Care Board,LONDON,London Commissioning Region
2025-08/System-Mapping.xls,2025-26,2025-07,2025-04-01,2025-08-14,2025-08-14,Y03571,Corby Urgent Care Centre,QPM,NHS Northamptonshire Integrated Care Board,MIDLANDS,Midlands Commissioning Region
2025-08/System-Mapping.xls,2025-26,2025-07,2025-04-01,2025-08-14,2025-08-14,Y04538,Bracknell Urgent Care Centre Wic,QNQ,NHS Frimley Integrated Care Board,SOUTH EAST,South East Commissioning Region
2025-11/System-Mapping.xls,2025-26,2025-10,2025-04-01,2025-11-13,2025-11-10,8J094,Badger Ltd,QHL,NHS Birmingham And Solihull Integrated Care Board,MIDLANDS,Midlands Commissioning Region
2025-11/System-Mapping.xls,2025-26,2025-10,2025-04-01,2025-11-13,2025-11-10,A5D4Q,NEMS UTC,QT1,NHS Nottingham And Nottinghamshire Integrated Care Board,MIDLANDS,Midlands Commissioning Region
2025-11/System-Mapping.xls,2025-26,2025-10,2025-04-01,2025-11-13,2025-11-10,AAH,Tetbury Hospital Trust Ltd,QR1,NHS Gloucestershire Integrated Care Board,SOUTH WEST,South West Commissioning Region
2025-11/System-Mapping.xls,2025-26,2025-10,2025-04-01,2025-11-13,2025-11-10,ACH01,Whitstable Medical Practice,QKS,NHS Kent And Medway Integrated Care Board,SOUTH EAST,South East Commissioning Region
2025-11/System-Mapping.xls,2025-26,2025-10,2025-04-01,2025-11-13,2025-11-10,AD913,Beckenham Beacon Ucc,QKK,NHS South East London Integrated Care Board,LONDON,London Commissioning Region
2025-11/System-Mapping.xls,2025-26,2025-10,2025-04-01,2025-11-13,2025-11-10,AJN,Workington Health Limited,QHM,NHS North East And North Cumbria Integrated Care Board,NORTH EAST AND YORKSHIRE,North East and Yorkshire Commissioning Region
2025-11/System-Mapping.xls,2025-26,2025-10,2025-04-01,2025-11-13,2025-11-10,AQM01,Faversham Medical Practice MIU,QKS,NHS Kent And Medway Integrated Care Board,SOUTH EAST,South East Commissioning Region
2025-11/System-Mapping.xls,2025-26,2025-10,2025-04-01,2025-11-13,2025-11-10,AQN04,Phl Lymington Utc,QRL,NHS Hampshire And Isle Of Wight Integrated Care Board,SOUTH EAST,South East Commissioning Region
2025-11/System-Mapping.xls,2025-26,2025-10,2025-04-01,2025-11-13,2025-11-10,ARN03,Local Care Direct,QWO,NHS West Yorkshire Integrated Care Board,NORTH EAST AND YORKSHIRE,North East and Yorkshire Commissioning Region
2025-11/System-Mapping.xls,2025-26,2025-10,2025-04-01,2025-11-13,2025-11-10,C82009,Market Harborough Med.Ctr,QK1,"NHS Leicester, Leicestershire And Rutland Integrated Care Board",MIDLANDS,Midlands Commissioning Region
2025-11/System-Mapping.xls,2025-26,2025-10,2025-04-01,2025-11-13,2025-11-10,C82038,Latham House Medical Practice,QK1,"NHS Leicester, Leicestershire And Rutland Integrated Care Board",MIDLANDS,Midlands Commissioning Region
2025-11/System-Mapping.xls,2025-26,2025-10,2025-04-01,2025-11-13,2025-11-10,C83023,Sleaford Medical Group,QJM,NHS Lincolnshire Integrated Care Board,MIDLANDS,Midlands Commissioning Region
2025-11/System-Mapping.xls,2025-26,2025-10,2025-04-01,2025-11-13,2025-11-10,DD401,Exmouth Minor Injury Unit,QJK,NHS Devon Integrated Care Board,SOUTH WEST,South West Commissioning Region
2025-11/System-Mapping.xls,2025-26,2025-10,2025-04-01,2025-11-13,2025-11-10,DJV01,Herne Bay Health Care LTD,QKS,NHS Kent And Medway Integrated Care Board,SOUTH EAST,South East Commissioning Region
2025-11/System-Mapping.xls,2025-26,2025-10,2025-04-01,2025-11-13,2025-11-10,DT301,Herts Urgent Care (Ascots Lane),QM7,NHS Hertfordshire And West Essex Integrated Care Board,EAST OF ENGLAND,East of England Commissioning Region
2025-11/System-Mapping.xls,2025-26,2025-10,2025-04-01,2025-11-13,2025-11-10,G0Q0L,Barking Hospital UTC,QMF,NHS North East London Integrated Care Board,LONDON,London Commissioning Region
2025-11/System-Mapping.xls,2025-26,2025-10,2025-04-01,2025-11-13,2025-11-10,G3P9C,Trowbridge Minor Injuries Unit,QOX,"NHS Bath And North East Somerset, Swindon And Wiltshire Integrated Care Board",SOUTH WEST,South West Commissioning Region
2025-11/System-Mapping.xls,2025-26,2025-10,2025-04-01,2025-11-13,2025-11-10,K6K0R,Harold Wood Polyclinic UTC,QMF,NHS North East London Integrated Care Board,LONDON,London Commissioning Region
2025-11/System-Mapping.xls,2025-26,2025-10,2025-04-01,2025-11-13,2025-11-10,L83087,Okehampton Medical Centre,QJK,NHS Devon Integrated Care Board,SOUTH WEST,South West Commissioning Region
2025-11/System-Mapping.xls,2025-26,2025-10,2025-04-01,2025-11-13,2025-11-10,NDA57,Haslemere Minor Injuries Unit,QXU,NHS Surrey Heartlands Integrated Care Board,SOUTH EAST,South East Commissioning Region
2025-11/System-Mapping.xls,2025-26,2025-10,2025-04-01,2025-11-13,2025-11-10,NDJ,First Community Health And Care Cic,QNX,NHS Sussex Integrated Care Board,SOUTH EAST,South East Commissioning Region
2025-11/System-Mapping.xls,2025-26,2025-10,2025-04-01,2025-11-13,2025-11-10,NL7,Assura Vertis Urgent Care Centres (Birmingham),QHL,NHS Birmingham And Solihull Integrated Care Board,MIDLANDS,Midlands Commissioning Region
2025-11/System-Mapping.xls,2025-26,2025-10,2025-04-01,2025-11-13,2025-11-10,NLX,Sirona Care & Health,QUY,"NHS Bristol, North Somerset And South Gloucestershire Integrated Care Board",SOUTH WEST,South West Commissioning Region
2025-11/System-Mapping.xls,2025-26,2025-10,2025-04-01,2025-11-13,2025-11-10,NNF09,Bransholme Health Centre,QOQ,NHS Humber And North Yorkshire Integrated Care Board,NORTH EAST AND YORKSHIRE,North East and Yorkshire Commissioning Region
2025-11/System-Mapping.xls,2025-26,2025-10,2025-04-01,2025-11-13,2025-11-10,NNF16,Bridlington Hospital,QOQ,NHS Humber And North Yorkshire Integrated Care Board,NORTH EAST AND YORKSHIRE,North East and Yorkshire Commissioning Region
2025-11/System-Mapping.xls,2025-26,2025-10,2025-04-01,2025-11-13,2025-11-10,NNF76,The Wilberforce Health Centre,QOQ,NHS Humber And North Yorkshire Integrated Care Board,NORTH EAST AND YORKSHIRE,North East and Yorkshire Commissioning Region
2025-11/System-Mapping.xls,2025-26,2025-10,2025-04-01,2025-11-13,2025-11-10,NNF94,East Riding Community Hospital,QOQ,NHS Humber And North Yorkshire Integrated Care Board,NORTH EAST AND YORKSHIRE,North East and Yorkshire Commissioning Region
2025-11/System-Mapping.xls,2025-26,2025-10,2025-04-01,2025-11-13,2025-11-10,NNFA7,Goole & District Hospital,QOQ,NHS Humber And North Yorkshire Integrated Care Board,NORTH EAST AND YORKSHIRE,North East and Yorkshire Commissioning Region
2025-11/System-Mapping.xls,2025-26,2025-10,2025-04-01,2025-11-13,2025-11-10,NNJ,Dhu Health Care C.I.C,QJ2,NHS Derby And Derbyshire Integrated Care Board,MIDLANDS,Midlands Commissioning Region
2025-11/System-Mapping.xls,2025-26,2025-10,2025-04-01,2025-11-13,2025-11-10,NNJ07,Loughborough Urgent Care Centre,QK1,"NHS Leicester, Leicestershire And Rutland Integrated Care Board",MIDLANDS,Midlands Commissioning Region
2025-11/System-Mapping.xls,2025-26,2025-10,2025-04-01,2025-11-13,2025-11-10,NNJ0H,Llr Ea - The Merlyn Vaz Health & Social Care Centre,QK1,"NHS Leicester, Leicestershire And Rutland Integrated Care Board",MIDLANDS,Midlands Commissioning Region
2025-11/System-Mapping.xls,2025-26,2025-10,2025-04-01,2025-11-13,2025-11-10,NNJ12,Market Harborough,QK1,"NHS Leicester, Leicestershire And Rutland Integrated Care Board",MIDLANDS,Midlands Commissioning Region
2025-11/System-Mapping.xls,2025-26,2025-10,2025-04-01,2025-11-13,2025-11-10,NNJ13,Melton Mowbray,QK1,"NHS Leicester, Leicestershire And Rutland Integrated Care Board",MIDLANDS,Midlands Commissioning Region
2025-11/System-Mapping.xls,2025-26,2025-10,2025-04-01,2025-11-13,2025-11-10,NNJ14,Oadby,QK1,"NHS Leicester, Leicestershire And Rutland Integrated Care Board",MIDLANDS,Midlands Commissioning Region
2025-11/System-Mapping.xls,2025-26,2025-10,2025-04-01,2025-11-13,2025-11-10,NNJ15,Oakham,QK1,"NHS Leicester, Leicestershire And Rutland Integrated Care Board",MIDLANDS,Midlands Commissioning Region
2025-11/System-Mapping.xls,2025-26,2025-10,2025-04-01,2025-11-13,2025-11-10,NQT1I,Chippenham Community Hospital,QOX,"NHS Bath And North East Somerset, Swindon And Wiltshire Integrated Care Board",SOUTH WEST,South West Commissioning Region
2025-11/System-Mapping.xls,2025-26,2025-10,2025-04-01,2025-11-13,2025-11-10,NQT5F,Skelmersdale Walk In Centre,QE1,NHS Lancashire And South Cumbria Integrated Care Board,NORTH WEST,North West Commissioning Region
2025-11/System-Mapping.xls,2025-26,2025-10,2025-04-01,2025-11-13,2025-11-10,NQT5H,Paulton Memorial Hospital,QOX,"NHS Bath And North East Somerset, Swindon And Wiltshire Integrated Care Board",SOUTH WEST,South West Commissioning Region
2025-11/System-Mapping.xls,2025-26,2025-10,2025-04-01,2025-11-13,2025-11-10,NQTE4,Summerfield Urgent Care Centre,QUA,NHS Black Country Integrated Care Board,MIDLANDS,Midlands Commissioning Region
2025-11/System-Mapping.xls,2025-26,2025-10,2025-04-01,2025-11-13,2025-11-10,NR3,Nottingham Citycare Partnership,QT1,NHS Nottingham And Nottinghamshire Integrated Care Board,MIDLANDS,Midlands Commissioning Region
2025-11/System-Mapping.xls,2025-26,2025-10,2025-04-01,2025-11-13,2025-11-10,NTP11,Practice Plus Group Hospital - Southampton,QRL,NHS Hampshire And Isle Of Wight Integrated Care Board,SOUTH EAST,South East Commissioning Region
2025-11/System-Mapping.xls,2025-26,2025-10,2025-04-01,2025-11-13,2025-11-10,NTPAD,Practice Plus Group Surgical Centre - St Marys Portsmouth,QRL,NHS Hampshire And Isle Of Wight Integrated Care Board,SOUTH EAST,South East Commissioning Region
2025-11/System-Mapping.xls,2025-26,2025-10,2025-04-01,2025-11-13,2025-11-10,NTV0B,Ashford Walk-In-Centre,QXU,NHS Surrey Heartlands Integrated Care Board,SOUTH EAST,South East Commissioning Region
2025-11/System-Mapping.xls,2025-26,2025-10,2025-04-01,2025-11-13,2025-11-10,NTV0W,Woking Walk In Centre,QXU,NHS Surrey Heartlands Integrated Care Board,SOUTH EAST,South East Commissioning Region
2025-11/System-Mapping.xls,2025-26,2025-10,2025-04-01,2025-11-13,2025-11-10,NV693,Rossendale Miu & Ooh,QE1,NHS Lancashire And South Cumbria Integrated Care Board,NORTH WEST,North West Commissioning Region
2025-11/System-Mapping.xls,2025-26,2025-10,2025-04-01,2025-11-13,2025-11-10,NVE43,Hastings GP Led Health Centre,QNX,NHS Sussex Integrated Care Board,SOUTH EAST,South East Commissioning Region
2025-11/System-Mapping.xls,2025-26,2025-10,2025-04-01,2025-11-13,2025-11-10,R0A,Manchester University NHS Foundation Trust,QOP,NHS Greater Manchester Integrated Care Board,NORTH WEST,North West Commissioning Region
2025-11/System-Mapping.xls,2025-26,2025-10,2025-04-01,2025-11-13,2025-11-10,R0B,South Tyneside And Sunderland NHS Foundation Trust,QHM,NHS North East And North Cumbria Integrated Care Board,NORTH EAST AND YORKSHIRE,North East and Yorkshire Commissioning Region
2025-11/System-Mapping.xls,2025-26,2025-10,2025-04-01,2025-11-13,2025-11-10,R0D,University Hospitals Dorset NHS Foundation Trust,QVV,NHS Dorset Integrated Care Board,SOUTH WEST,South West Commissioning Region
2025-11/System-Mapping.xls,2025-26,2025-10,2025-04-01,2025-11-13,2025-11-10,R1D,Shropshire Community Health NHS Trust,QOC,"NHS Shropshire, Telford And Wrekin Integrated Care Board",MIDLANDS,Midlands Commissioning Region
2025-11/System-Mapping.xls,2025-26,2025-10,2025-04-01,2025-11-13,2025-11-10,R1F,Isle Of Wight NHS Trust,QRL,NHS Hampshire And Isle Of Wight Integrated Care Board,SOUTH EAST,South East Commissioning Region
2025-11/System-Mapping.xls,2025-26,2025-10,2025-04-01,2025-11-13,2025-11-10,R1H,Barts Health NHS Trust,QMF,NHS North East London Integrated Care Board,LONDON,London Commissioning Region
2025-11/System-Mapping.xls,2025-26,2025-10,2025-04-01,2025-11-13,2025-11-10,R1K,London North West University Healthcare NHS Trust,QRV,NHS North West London Integrated Care Board,LONDON,London Commissioning Region
2025-11/System-Mapping.xls,2025-26,2025-10,2025-04-01,2025-11-13,2025-11-10,RA2,Royal Surrey County Hospital NHS Foundation Trust,QXU,NHS Surrey Heartlands Integrated Care Board,SOUTH EAST,South East Commissioning Region
2025-11/System-Mapping.xls,2025-26,2025-10,2025-04-01,2025-11-13,2025-11-10,RA7,University Hospitals Bristol And Weston NHS Foundation Trust,QUY,"NHS Bristol, North Somerset And South Gloucestershire Integrated Care Board",SOUTH WEST,South West Commissioning Region
2025-11/System-Mapping.xls,2025-26,2025-10,2025-04-01,2025-11-13,2025-11-10,RA9,Torbay And South Devon NHS Foundation Trust,QJK,NHS Devon Integrated Care Board,SOUTH WEST,South West Commissioning Region
2025-11/System-Mapping.xls,2025-26,2025-10,2025-04-01,2025-11-13,2025-11-10,RAE,Bradford Teaching Hospitals NHS Foundation Trust,QWO,NHS West Yorkshire Integrated Care Board,NORTH EAST AND YORKSHIRE,North East and Yorkshire Commissioning Region
2025-11/System-Mapping.xls,2025-26,2025-10,2025-04-01,2025-11-13,2025-11-10,RAJ,Mid And South Essex NHS Foundation Trust,QH8,NHS Mid And South Essex Integrated Care Board,EAST OF ENGLAND,East of England Commissioning Region
2025-11/System-Mapping.xls,2025-26,2025-10,2025-04-01,2025-11-13,2025-11-10,RAL,Royal Free London NHS Foundation Trust,QMJ,NHS North Central London Integrated Care Board,LONDON,London Commissioning Region
2025-11/System-Mapping.xls,2025-26,2025-10,2025-04-01,2025-11-13,2025-11-10,RAN,Royal National Orthopaedic Hospital NHS Trust,QMJ,NHS North Central London Integrated Care Board,LONDON,London Commissioning Region
2025-11/System-Mapping.xls,2025-26,2025-10,2025-04-01,2025-11-13,2025-11-10,RAS,The Hillingdon Hospitals NHS Foundation Trust,QRV,NHS North West London Integrated Care Board,LONDON,London Commissioning Region
2025-11/System-Mapping.xls,2025-26,2025-10,2025-04-01,2025-11-13,2025-11-10,RAT,North East London NHS Foundation Trust,QMF,NHS North East London Integrated Care Board,LONDON,London Commissioning Region
2025-11/System-Mapping.xls,2025-26,2025-10,2025-04-01,2025-11-13,2025-11-10,RAX,Kingston and Richmond NHS Foundation Trust,QWE,NHS South West London Integrated Care Board,LONDON,London Commissioning Region
2025-11/System-Mapping.xls,2025-26,2025-10,2025-04-01,2025-11-13,2025-11-10,RBD,Dorset County Hospital NHS Foundation Trust,QVV,NHS Dorset Integrated Care Board,SOUTH WEST,South West Commissioning Region
2025-11/System-Mapping.xls,2025-26,2025-10,2025-04-01,2025-11-13,2025-11-10,RBK,Walsall Healthcare NHS Trust,QUA,NHS Black Country Integrated Care Board,MIDLANDS,Midlands Commissioning Region
2025-11/System-Mapping.xls,2025-26,2025-10,2025-04-01,2025-11-13,2025-11-10,RBL,Wirral University Teaching Hospital NHS Foundation Trust,QYG,NHS Cheshire And Merseyside Integrated Care Board,NORTH WEST,North West Commissioning Region
2025-11/System-Mapping.xls,2025-26,2025-10,2025-04-01,2025-11-13,2025-11-10,RBN,Mersey And West Lancashire Teaching Hospitals NHS Trust,QYG,NHS Cheshire And Merseyside Integrated Care Board,NORTH WEST,North West Commissioning Region
2025-11/System-Mapping.xls,2025-26,2025-10,2025-04-01,2025-11-13,2025-11-10,RBQ,Liverpool Heart And Chest Hospital NHS Foundation Trust,QYG,NHS Cheshire And Merseyside Integrated Care Board,NORTH WEST,North West Commissioning Region
2025-11/System-Mapping.xls,2025-26,2025-10,2025-04-01,2025-11-13,2025-11-10,RBS,Alder Hey Children's NHS Foundation Trust,QYG,NHS Cheshire And Merseyside Integrated Care Board,NORTH WEST,North West Commissioning Region
2025-11/System-Mapping.xls,2025-26,2025-10,2025-04-01,2025-11-13,2025-11-10,RBT,Mid Cheshire Hospitals NHS Foundation Trust,QYG,NHS Cheshire And Merseyside Integrated Care Board,NORTH WEST,North West Commissioning Region
2025-11/System-Mapping.xls,2025-26,2025-10,2025-04-01,2025-11-13,2025-11-10,RBV,The Christie NHS Foundation Trust,QOP,NHS Greater Manchester Integrated Care Board,NORTH WEST,North West Commissioning Region
2025-11/System-Mapping.xls,2025-26,2025-10,2025-04-01,2025-11-13,2025-11-10,RC9,Bedfordshire Hospitals NHS Foundation Trust,QHG,"NHS Bedfordshire, Luton And Milton Keynes Integrated Care Board",EAST OF ENGLAND,East of England Commissioning Region
2025-11/System-Mapping.xls,2025-26,2025-10,2025-04-01,2025-11-13,2025-11-10,RCB,York And Scarborough Teaching Hospitals NHS Foundation Trust,QOQ,NHS Humber And North Yorkshire Integrated Care Board,NORTH EAST AND YORKSHIRE,North East and Yorkshire Commissioning Region
2025-11/System-Mapping.xls,2025-26,2025-10,2025-04-01,2025-11-13,2025-11-10,RCD,Harrogate And District NHS Foundation Trust,QOQ,NHS Humber And North Yorkshire Integrated Care Board,NORTH EAST AND YORKSHIRE,North East and Yorkshire Commissioning Region
2025-11/System-Mapping.xls,2025-26,2025-10,2025-04-01,2025-11-13,2025-11-10,RCF,Airedale NHS Foundation Trust,QWO,NHS West Yorkshire Integrated Care Board,NORTH EAST AND YORKSHIRE,North East and Yorkshire Commissioning Region
2025-11/System-Mapping.xls,2025-26,2025-10,2025-04-01,2025-11-13,2025-11-10,RCU,Sheffield Children's NHS Foundation Trust,QF7,NHS South Yorkshire Integrated Care Board,NORTH EAST AND YORKSHIRE,North East and Yorkshire Commissioning Region
2025-11/System-Mapping.xls,2025-26,2025-10,2025-04-01,2025-11-13,2025-11-10,RCX,"The Queen Elizabeth Hospital, King's Lynn, NHS Foundation Trust",QMM,NHS Norfolk And Waveney Integrated Care Board,EAST OF ENGLAND,East of England Commissioning Region
2025-11/System-Mapping.xls,2025-26,2025-10,2025-04-01,2025-11-13,2025-11-10,RD1,Royal United Hospitals Bath NHS Foundation Trust,QOX,"NHS Bath And North East Somerset, Swindon And Wiltshire Integrated Care Board",SOUTH WEST,South West Commissioning Region
2025-11/System-Mapping.xls,2025-26,2025-10,2025-04-01,2025-11-13,2025-11-10,RD8,Milton Keynes University Hospital NHS Foundation Trust,QHG,"NHS Bedfordshire, Luton And Milton Keynes Integrated Care Board",EAST OF ENGLAND,East of England Commissioning Region
2025-11/System-Mapping.xls,2025-26,2025-10,2025-04-01,2025-11-13,2025-11-10,RDE,East Suffolk And North Essex NHS Foundation Trust,QJG,NHS Suffolk And North East Essex Integrated Care Board,EAST OF ENGLAND,East of England Commissioning Region
2025-11/System-Mapping.xls,2025-26,2025-10,2025-04-01,2025-11-13,2025-11-10,RDR,Sussex Community NHS Foundation Trust,QNX,NHS Sussex Integrated Care Board,SOUTH EAST,South East Commissioning Region
2025-11/System-Mapping.xls,2025-26,2025-10,2025-04-01,2025-11-13,2025-11-10,RDU,Frimley Health NHS Foundation Trust,QNQ,NHS Frimley Integrated Care Board,SOUTH EAST,South East Commissioning Region
2025-11/System-Mapping.xls,2025-26,2025-10,2025-04-01,2025-11-13,2025-11-10,RDY,Dorset Healthcare University NHS Foundation Trust,QVV,NHS Dorset Integrated Care Board,SOUTH WEST,South West Commissioning Region
2025-11/System-Mapping.xls,2025-26,2025-10,2025-04-01,2025-11-13,2025-11-10,REF,Royal Cornwall Hospitals NHS Trust,QT6,NHS Cornwall And The Isles Of Scilly Integrated Care Board,SOUTH WEST,South West Commissioning Region
2025-11/System-Mapping.xls,2025-26,2025-10,2025-04-01,2025-11-13,2025-11-10,REM,Liverpool University Hospitals NHS Foundation Trust,QYG,NHS Cheshire And Merseyside Integrated Care Board,NORTH WEST,North West Commissioning Region
2025-11/System-Mapping.xls,2025-26,2025-10,2025-04-01,2025-11-13,2025-11-10,REP,Liverpool Women's NHS Foundation Trust,QYG,NHS Cheshire And Merseyside Integrated Care Board,NORTH WEST,North West Commissioning Region
2025-11/System-Mapping.xls,2025-26,2025-10,2025-04-01,2025-11-13,2025-11-10,RET,The Walton Centre NHS Foundation Trust,QYG,NHS Cheshire And Merseyside Integrated Care Board,NORTH WEST,North West Commissioning Region
2025-11/System-Mapping.xls,2025-26,2025-10,2025-04-01,2025-11-13,2025-11-10,RF4,"Barking, Havering And Redbridge University Hospitals NHS Trust",QMF,NHS North East London Integrated Care Board,LONDON,London Commissioning Region
2025-11/System-Mapping.xls,2025-26,2025-10,2025-04-01,2025-11-13,2025-11-10,RFF,Barnsley Hospital NHS Foundation Trust,QF7,NHS South Yorkshire Integrated Care Board,NORTH EAST AND YORKSHIRE,North East and Yorkshire Commissioning Region
2025-11/System-Mapping.xls,2025-26,2025-10,2025-04-01,2025-11-13,2025-11-10,RFR,The Rotherham NHS Foundation Trust,QF7,NHS South Yorkshire Integrated Care Board,NORTH EAST AND YORKSHIRE,North East and Yorkshire Commissioning Region
2025-11/System-Mapping.xls,2025-26,2025-10,2025-04-01,2025-11-13,2025-11-10,RFS,Chesterfield Royal Hospital NHS Foundation Trust,QJ2,NHS Derby And Derbyshire Integrated Care Board,MIDLANDS,Midlands Commissioning Region
2025-11/System-Mapping.xls,2025-26,2025-10,2025-04-01,2025-11-13,2025-11-10,RGN,North West Anglia NHS Foundation Trust,QUE,NHS Cambridgeshire And Peterborough Integrated Care Board,EAST OF ENGLAND,East of England Commissioning Region
2025-11/System-Mapping.xls,2025-26,2025-10,2025-04-01,2025-11-13,2025-11-10,RGP,James Paget University Hospitals NHS Foundation Trust,QMM,NHS Norfolk And Waveney Integrated Care Board,EAST OF ENGLAND,East of England Commissioning Region
2025-11/System-Mapping.xls,2025-26,2025-10,2025-04-01,2025-11-13,2025-11-10,RGR,West Suffolk NHS Foundation Trust,QJG,NHS Suffolk And North East Essex Integrated Care Board,EAST OF ENGLAND,East of England Commissioning Region
2025-11/System-Mapping.xls,2025-26,2025-10,2025-04-01,2025-11-13,2025-11-10,RGT,Cambridge University Hospitals NHS Foundation Trust,QUE,NHS Cambridgeshire And Peterborough Integrated Care Board,EAST OF ENGLAND,East of England Commissioning Region
2025-11/System-Mapping.xls,2025-26,2025-10,2025-04-01,2025-11-13,2025-11-10,RH5,Somerset NHS Foundation Trust,QSL,NHS Somerset Integrated Care Board,SOUTH WEST,South West Commissioning Region
2025-11/System-Mapping.xls,2025-26,2025-10,2025-04-01,2025-11-13,2025-11-10,RH8,Royal Devon University Healthcare NHS Foundation Trust,QJK,NHS Devon Integrated Care Board,SOUTH WEST,South West Commissioning Region
2025-11/System-Mapping.xls,2025-26,2025-10,2025-04-01,2025-11-13,2025-11-10,RHM,University Hospital Southampton NHS Foundation Trust,QRL,NHS Hampshire And Isle Of Wight Integrated Care Board,SOUTH EAST,South East Commissioning Region
2025-11/System-Mapping.xls,2025-26,2025-10,2025-04-01,2025-11-13,2025-11-10,RHQ,Sheffield Teaching Hospitals NHS Foundation Trust,QF7,NHS South Yorkshire Integrated Care Board,NORTH EAST AND YORKSHIRE,North East and Yorkshire Commissioning Region
2025-11/System-Mapping.xls,2025-26,2025-10,2025-04-01,2025-11-13,2025-11-10,RHU,Portsmouth Hospitals University National Health Service Trust,QRL,NHS Hampshire And Isle Of Wight Integrated Care Board,SOUTH EAST,South East Commissioning Region
2025-11/System-Mapping.xls,2025-26,2025-10,2025-04-01,2025-11-13,2025-11-10,RHW,Royal Berkshire NHS Foundation Trust,QU9,"NHS Buckinghamshire, Oxfordshire And Berkshire West Integrated Care Board",SOUTH EAST,South East Commissioning Region
2025-11/System-Mapping.xls,2025-26,2025-10,2025-04-01,2025-11-13,2025-11-10,RJ1,Guy's And St Thomas' NHS Foundation Trust,QKK,NHS South East London Integrated Care Board,LONDON,London Commissioning Region
2025-11/System-Mapping.xls,2025-26,2025-10,2025-04-01,2025-11-13,2025-11-10,RJ2,Lewisham And Greenwich NHS Trust,QKK,NHS South East London Integrated Care Board,LONDON,London Commissioning Region
2025-11/System-Mapping.xls,2025-26,2025-10,2025-04-01,2025-11-13,2025-11-10,RJ6,Croydon Health Services NHS Trust,QWE,NHS South West London Integrated Care Board,LONDON,London Commissioning Region
2025-11/System-Mapping.xls,2025-26,2025-10,2025-04-01,2025-11-13,2025-11-10,RJ7,St George's University Hospitals NHS Foundation Trust,QWE,NHS South West London Integrated Care Board,LONDON,London Commissioning Region
2025-11/System-Mapping.xls,2025-26,2025-10,2025-04-01,2025-11-13,2025-11-10,RJ8,Cornwall Partnership NHS Foundation Trust,QT6,NHS Cornwall And The Isles Of Scilly Integrated Care Board,SOUTH WEST,South West Commissioning Region
2025-11/System-Mapping.xls,2025-26,2025-10,2025-04-01,2025-11-13,2025-11-10,RJC,South Warwickshire University NHS Foundation Trust,QWU,NHS Coventry And Warwickshire Integrated Care Board,MIDLANDS,Midlands Commissioning Region
2025-11/System-Mapping.xls,2025-26,2025-10,2025-04-01,2025-11-13,2025-11-10,RJE,University Hospitals Of North Midlands NHS Trust,QNC,NHS Staffordshire And Stoke-On-Trent Integrated Care Board,MIDLANDS,Midlands Commissioning Region
2025-11/System-Mapping.xls,2025-26,2025-10,2025-04-01,2025-11-13,2025-11-10,RJL,Northern Lincolnshire And Goole NHS Foundation Trust,QOQ,NHS Humber And North Yorkshire Integrated Care Board,NORTH EAST AND YORKSHIRE,North East and Yorkshire Commissioning Region
2025-11/System-Mapping.xls,2025-26,2025-10,2025-04-01,2025-11-13,2025-11-10,RJN,East Cheshire NHS Trust,QYG,NHS Cheshire And Merseyside Integrated Care Board,NORTH WEST,North West Commissioning Region
2025-11/System-Mapping.xls,2025-26,2025-10,2025-04-01,2025-11-13,2025-11-10,RJR,Countess Of Chester Hospital NHS Foundation Trust,QYG,NHS Cheshire And Merseyside Integrated Care Board,NORTH WEST,North West Commissioning Region
2025-11/System-Mapping.xls,2025-26,2025-10,2025-04-01,2025-11-13,2025-11-10,RJZ,King's College Hospital NHS Foundation Trust,QKK,NHS South East London Integrated Care Board,LONDON,London Commissioning Region
2025-11/System-Mapping.xls,2025-26,2025-10,2025-04-01,2025-11-13,2025-11-10,RK5,Sherwood Forest Hospitals NHS Foundation Trust,QT1,NHS Nottingham And Nottinghamshire Integrated Care Board,MIDLANDS,Midlands Commissioning Region
2025-11/System-Mapping.xls,2025-26,2025-10,2025-04-01,2025-11-13,2025-11-10,RK9,University Hospitals Plymouth NHS Trust,QJK,NHS Devon Integrated Care Board,SOUTH WEST,South West Commissioning Region
2025-11/System-Mapping.xls,2025-26,2025-10,2025-04-01,2025-11-13,2025-11-10,RKB,University Hospitals Coventry And Warwickshire NHS Trust,QWU,NHS Coventry And Warwickshire Integrated Care Board,MIDLANDS,Midlands Commissioning Region
2025-11/System-Mapping.xls,2025-26,2025-10,2025-04-01,2025-11-13,2025-11-10,RKE,Whittington Health NHS Trust,QMJ,NHS North Central London Integrated Care Board,LONDON,London Commissioning Region
2025-11/System-Mapping.xls,2025-26,2025-10,2025-04-01,2025-11-13,2025-11-10,RL1,The Robert Jones And Agnes Hunt Orthopaedic Hospital NHS Foundation Trust,QOC,"NHS Shropshire, Telford And Wrekin Integrated Care Board",MIDLANDS,Midlands Commissioning Region
2025-11/System-Mapping.xls,2025-26,2025-10,2025-04-01,2025-11-13,2025-11-10,RL4,The Royal Wolverhampton NHS Trust,QUA,NHS Black Country Integrated Care Board,MIDLANDS,Midlands Commissioning Region
2025-11/System-Mapping.xls,2025-26,2025-10,2025-04-01,2025-11-13,2025-11-10,RLQ,Wye Valley NHS Trust,QGH,NHS Herefordshire And Worcestershire Integrated Care Board,MIDLANDS,Midlands Commissioning Region
2025-11/System-Mapping.xls,2025-26,2025-10,2025-04-01,2025-11-13,2025-11-10,RLT,George Eliot Hospital NHS Trust,QWU,NHS Coventry And Warwickshire Integrated Care Board,MIDLANDS,Midlands Commissioning Region
2025-11/System-Mapping.xls,2025-26,2025-10,2025-04-01,2025-11-13,2025-11-10,RM1,Norfolk And Norwich University Hospitals NHS Foundation Trust,QMM,NHS Norfolk And Waveney Integrated Care Board,EAST OF ENGLAND,East of England Commissioning Region
2025-11/System-Mapping.xls,2025-26,2025-10,2025-04-01,2025-11-13,2025-11-10,RM3,Northern Care Alliance NHS Foundation Trust,QOP,NHS Greater Manchester Integrated Care Board,NORTH WEST,North West Commissioning Region
2025-11/System-Mapping.xls,2025-26,2025-10,2025-04-01,2025-11-13,2025-11-10,RMC,Bolton NHS Foundation Trust,QOP,NHS Greater Manchester Integrated Care Board,NORTH WEST,North West Commissioning Region
2025-11/System-Mapping.xls,2025-26,2025-10,2025-04-01,2025-11-13,2025-11-10,RMP,Tameside And Glossop Integrated Care NHS Foundation Trust,QOP,NHS Greater Manchester Integrated Care Board,NORTH WEST,North West Commissioning Region
2025-11/System-Mapping.xls,2025-26,2025-10,2025-04-01,2025-11-13,2025-11-10,RN3,Great Western Hospitals NHS Foundation Trust,QOX,"NHS Bath And North East Somerset, Swindon And Wiltshire Integrated Care Board",SOUTH WEST,South West Commissioning Region
2025-11/System-Mapping.xls,2025-26,2025-10,2025-04-01,2025-11-13,2025-11-10,RN5,Hampshire Hospitals NHS Foundation Trust,QRL,NHS Hampshire And Isle Of Wight Integrated Care Board,SOUTH EAST,South East Commissioning Region
2025-11/System-Mapping.xls,2025-26,2025-10,2025-04-01,2025-11-13,2025-11-10,RN7,Dartford And Gravesham NHS Trust,QKS,NHS Kent And Medway Integrated Care Board,SOUTH EAST,South East Commissioning Region
2025-11/System-Mapping.xls,2025-26,2025-10,2025-04-01,2025-11-13,2025-11-10,RNA,The Dudley Group NHS Foundation Trust,QUA,NHS Black Country Integrated Care Board,MIDLANDS,Midlands Commissioning Region
2025-11/System-Mapping.xls,2025-26,2025-10,2025-04-01,2025-11-13,2025-11-10,RNN,North Cumbria Integrated Care NHS Foundation Trust,QHM,NHS North East And North Cumbria Integrated Care Board,NORTH EAST AND YORKSHIRE,North East and Yorkshire Commissioning Region
2025-11/System-Mapping.xls,2025-26,2025-10,2025-04-01,2025-11-13,2025-11-10,RNQ,Kettering General Hospital NHS Foundation Trust,QPM,NHS Northamptonshire Integrated Care Board,MIDLANDS,Midlands Commissioning Region
2025-11/System-Mapping.xls,2025-26,2025-10,2025-04-01,2025-11-13,2025-11-10,RNS,Northampton General Hospital NHS Trust,QPM,NHS Northamptonshire Integrated Care Board,MIDLANDS,Midlands Commissioning Region
2025-11/System-Mapping.xls,2025-26,2025-10,2025-04-01,2025-11-13,2025-11-10,RNU,Oxford Health NHS Foundation Trust,QU9,"NHS Buckinghamshire, Oxfordshire And Berkshire West Integrated Care Board",SOUTH EAST,South East Commissioning Region
2025-11/System-Mapping.xls,2025-26,2025-10,2025-04-01,2025-11-13,2025-11-10,RNZ,Salisbury NHS Foundation Trust,QOX,"NHS Bath And North East Somerset, Swindon And Wiltshire Integrated Care Board",SOUTH WEST,South West Commissioning Region
2025-11/System-Mapping.xls,2025-26,2025-10,2025-04-01,2025-11-13,2025-11-10,RP5,Doncaster And Bassetlaw Teaching Hospitals NHS Foundation Trust,QF7,NHS South Yorkshire Integrated Care Board,NORTH EAST AND YORKSHIRE,North East and Yorkshire Commissioning Region
2025-11/System-Mapping.xls,2025-26,2025-10,2025-04-01,2025-11-13,2025-11-10,RP6,Moorfields Eye Hospital NHS Foundation Trust,QMJ,NHS North Central London Integrated Care Board,LONDON,London Commissioning Region
2025-11/System-Mapping.xls,2025-26,2025-10,2025-04-01,2025-11-13,2025-11-10,RPA,Medway NHS Foundation Trust,QKS,NHS Kent And Medway Integrated Care Board,SOUTH EAST,South East Commissioning Region
2025-11/System-Mapping.xls,2025-26,2025-10,2025-04-01,2025-11-13,2025-11-10,RPC,Queen Victoria Hospital NHS Foundation Trust,QNX,NHS Sussex Integrated Care Board,SOUTH EAST,South East Commissioning Region
2025-11/System-Mapping.xls,2025-26,2025-10,2025-04-01,2025-11-13,2025-11-10,RQ3,Birmingham Women's And Children's NHS Foundation Trust,QHL,NHS Birmingham And Solihull Integrated Care Board,MIDLANDS,Midlands Commissioning Region
2025-11/System-Mapping.xls,2025-26,2025-10,2025-04-01,2025-11-13,2025-11-10,RQM,Chelsea And Westminster Hospital NHS Foundation Trust,QRV,NHS North West London Integrated Care Board,LONDON,London Commissioning Region
2025-11/System-Mapping.xls,2025-26,2025-10,2025-04-01,2025-11-13,2025-11-10,RQW,The Princess Alexandra Hospital NHS Trust,QM7,NHS Hertfordshire And West Essex Integrated Care Board,EAST OF ENGLAND,East of England Commissioning Region
2025-11/System-Mapping.xls,2025-26,2025-10,2025-04-01,2025-11-13,2025-11-10,RQX,Homerton Healthcare NHS Foundation Trust,QMF,NHS North East London Integrated Care Board,LONDON,London Commissioning Region
2025-11/System-Mapping.xls,2025-26,2025-10,2025-04-01,2025-11-13,2025-11-10,RR7,Gateshead Health NHS Foundation Trust,QHM,NHS North East And North Cumbria Integrated Care Board,NORTH EAST AND YORKSHIRE,North East and Yorkshire Commissioning Region
2025-11/System-Mapping.xls,2025-26,2025-10,2025-04-01,2025-11-13,2025-11-10,RR8,Leeds Teaching Hospitals NHS Trust,QWO,NHS West Yorkshire Integrated Care Board,NORTH EAST AND YORKSHIRE,North East and Yorkshire Commissioning Region
2025-11/System-Mapping.xls,2025-26,2025-10,2025-04-01,2025-11-13,2025-11-10,RRF,"Wrightington, Wigan And Leigh NHS Foundation Trust",QOP,NHS Greater Manchester Integrated Care Board,NORTH WEST,North West Commissioning Region
2025-11/System-Mapping.xls,2025-26,2025-10,2025-04-01,2025-11-13,2025-11-10,RRK,University Hospitals Birmingham NHS Foundation Trust,QHL,NHS Birmingham And Solihull Integrated Care Board,MIDLANDS,Midlands Commissioning Region
2025-11/System-Mapping.xls,2025-26,2025-10,2025-04-01,2025-11-13,2025-11-10,RRV,University College London Hospitals NHS Foundation Trust,QMJ,NHS North Central London Integrated Care Board,LONDON,London Commissioning Region
2025-11/System-Mapping.xls,2025-26,2025-10,2025-04-01,2025-11-13,2025-11-10,RTD,The Newcastle Upon Tyne Hospitals NHS Foundation Trust,QHM,NHS North East And North Cumbria Integrated Care Board,NORTH EAST AND YORKSHIRE,North East and Yorkshire Commissioning Region
2025-11/System-Mapping.xls,2025-26,2025-10,2025-04-01,2025-11-13,2025-11-10,RTE,Gloucestershire Hospitals NHS Foundation Trust,QR1,NHS Gloucestershire Integrated Care Board,SOUTH WEST,South West Commissioning Region
2025-11/System-Mapping.xls,2025-26,2025-10,2025-04-01,2025-11-13,2025-11-10,RTF,Northumbria Healthcare NHS Foundation Trust,QHM,NHS North East And North Cumbria Integrated Care Board,NORTH EAST AND YORKSHIRE,North East and Yorkshire Commissioning Region
2025-11/System-Mapping.xls,2025-26,2025-10,2025-04-01,2025-11-13,2025-11-10,RTG,University Hospitals Of Derby And Burton NHS Foundation Trust,QJ2,NHS Derby And Derbyshire Integrated Care Board,MIDLANDS,Midlands Commissioning Region
2025-11/System-Mapping.xls,2025-26,2025-10,2025-04-01,2025-11-13,2025-11-10,RTH,Oxford University Hospitals NHS Foundation Trust,QU9,"NHS Buckinghamshire, Oxfordshire And Berkshire West Integrated Care Board",SOUTH EAST,South East Commissioning Region
2025-11/System-Mapping.xls,2025-26,2025-10,2025-04-01,2025-11-13,2025-11-10,RTK,Ashford And St Peter's Hospitals NHS Foundation Trust,QXU,NHS Surrey Heartlands Integrated Care Board,SOUTH EAST,South East Commissioning Region
2025-11/System-Mapping.xls,2025-26,2025-10,2025-04-01,2025-11-13,2025-11-10,RTP,Surrey And Sussex Healthcare NHS Trust,QXU,NHS Surrey Heartlands Integrated Care Board,SOUTH EAST,South East Commissioning Region
2025-11/System-Mapping.xls,2025-26,2025-10,2025-04-01,2025-11-13,2025-11-10,RTQ,Gloucestershire Health And Care NHS Foundation Trust,QR1,NHS Gloucestershire Integrated Care Board,SOUTH WEST,South West Commissioning Region
2025-11/System-Mapping.xls,2025-26,2025-10,2025-04-01,2025-11-13,2025-11-10,RTR,South Tees Hospitals NHS Foundation Trust,QHM,NHS North East And North Cumbria Integrated Care Board,NORTH EAST AND YORKSHIRE,North East and Yorkshire Commissioning Region
2025-11/System-Mapping.xls,2025-26,2025-10,2025-04-01,2025-11-13,2025-11-10,RTX,University Hospitals Of Morecambe Bay NHS Foundation Trust,QE1,NHS Lancashire And South Cumbria Integrated Care Board,NORTH WEST,North West Commissioning Region
2025-11/System-Mapping.xls,2025-26,2025-10,2025-04-01,2025-11-13,2025-11-10,RV9,Humber Teaching NHS Foundation Trust,QOQ,NHS Humber And North Yorkshire Integrated Care Board,NORTH EAST AND YORKSHIRE,North East and Yorkshire Commissioning Region
2025-11/System-Mapping.xls,2025-26,2025-10,2025-04-01,2025-11-13,2025-11-10,RVJ,North Bristol NHS Trust,QUY,"NHS Bristol, North Somerset And South Gloucestershire Integrated Care Board",SOUTH WEST,South West Commissioning Region
2025-11/System-Mapping.xls,2025-26,2025-10,2025-04-01,2025-11-13,2025-11-10,RVR,Epsom And St Helier University Hospitals NHS Trust,QWE,NHS South West London Integrated Care Board,LONDON,London Commissioning Region
2025-11/System-Mapping.xls,2025-26,2025-10,2025-04-01,2025-11-13,2025-11-10,RVV,East Kent Hospitals University NHS Foundation Trust,QKS,NHS Kent And Medway Integrated Care Board,SOUTH EAST,South East Commissioning Region
2025-11/System-Mapping.xls,2025-26,2025-10,2025-04-01,2025-11-13,2025-11-10,RVW,North Tees And Hartlepool NHS Foundation Trust,QHM,NHS North East And North Cumbria Integrated Care Board,NORTH EAST AND YORKSHIRE,North East and Yorkshire Commissioning Region
2025-11/System-Mapping.xls,2025-26,2025-10,2025-04-01,2025-11-13,2025-11-10,RW1,Southern Health NHS Foundation Trust,QRL,NHS Hampshire And Isle Of Wight Integrated Care Board,SOUTH EAST,South East Commissioning Region
2025-11/System-Mapping.xls,2025-26,2025-10,2025-04-01,2025-11-13,2025-11-10,RW4,Mersey Care NHS Foundation Trust,QYG,NHS Cheshire And Merseyside Integrated Care Board,NORTH WEST,North West Commissioning Region
2025-11/System-Mapping.xls,2025-26,2025-10,2025-04-01,2025-11-13,2025-11-10,RWA,Hull University Teaching Hospitals NHS Trust,QOQ,NHS Humber And North Yorkshire Integrated Care Board,NORTH EAST AND YORKSHIRE,North East and Yorkshire Commissioning Region
2025-11/System-Mapping.xls,2025-26,2025-10,2025-04-01,2025-11-13,2025-11-10,RWD,United Lincolnshire Teaching Hospitals NHS Trust,QJM,NHS Lincolnshire Integrated Care Board,MIDLANDS,Midlands Commissioning Region
2025-11/System-Mapping.xls,2025-26,2025-10,2025-04-01,2025-11-13,2025-11-10,RWE,University Hospitals Of Leicester NHS Trust,QK1,"NHS Leicester, Leicestershire And Rutland Integrated Care Board",MIDLANDS,Midlands Commissioning Region
2025-11/System-Mapping.xls,2025-26,2025-10,2025-04-01,2025-11-13,2025-11-10,RWF,Maidstone And Tunbridge Wells NHS Trust,QKS,NHS Kent And Medway Integrated Care Board,SOUTH EAST,South East Commissioning Region
2025-11/System-Mapping.xls,2025-26,2025-10,2025-04-01,2025-11-13,2025-11-10,RWG,West Hertfordshire Teaching Hospitals NHS Trust,QM7,NHS Hertfordshire And West Essex Integrated Care Board,EAST OF ENGLAND,East of England Commissioning Region
2025-11/System-Mapping.xls,2025-26,2025-10,2025-04-01,2025-11-13,2025-11-10,RWH,East And North Hertfordshire NHS Trust,QM7,NHS Hertfordshire And West Essex Integrated Care Board,EAST OF ENGLAND,East of England Commissioning Region
2025-11/System-Mapping.xls,2025-26,2025-10,2025-04-01,2025-11-13,2025-11-10,RWJ,Stockport NHS Foundation Trust,QOP,NHS Greater Manchester Integrated Care Board,NORTH WEST,North West Commissioning Region
2025-11/System-Mapping.xls,2025-26,2025-10,2025-04-01,2025-11-13,2025-11-10,RWP,Worcestershire Acute Hospitals NHS Trust,QGH,NHS Herefordshire And Worcestershire Integrated Care Board,MIDLANDS,Midlands Commissioning Region
2025-11/System-Mapping.xls,2025-26,2025-10,2025-04-01,2025-11-13,2025-11-10,RWW,Warrington And Halton Teaching Hospitals NHS Foundation Trust,QYG,NHS Cheshire And Merseyside Integrated Care Board,NORTH WEST,North West Commissioning Region
2025-11/System-Mapping.xls,2025-26,2025-10,2025-04-01,2025-11-13,2025-11-10,RWX,Berkshire Healthcare NHS Foundation Trust,QU9,"NHS Buckinghamshire, Oxfordshire And Berkshire West Integrated Care Board",SOUTH EAST,South East Commissioning Region
2025-11/System-Mapping.xls,2025-26,2025-10,2025-04-01,2025-11-13,2025-11-10,RWY,Calderdale And Huddersfield NHS Foundation Trust,QWO,NHS West Yorkshire Integrated Care Board,NORTH EAST AND YORKSHIRE,North East and Yorkshire Commissioning Region
2025-11/System-Mapping.xls,2025-26,2025-10,2025-04-01,2025-11-13,2025-11-10,RX1,Nottingham University Hospitals NHS Trust,QT1,NHS Nottingham And Nottinghamshire Integrated Care Board,MIDLANDS,Midlands Commissioning Region
2025-11/System-Mapping.xls,2025-26,2025-10,2025-04-01,2025-11-13,2025-11-10,RXC,East Sussex Healthcare NHS Trust,QNX,NHS Sussex Integrated Care Board,SOUTH EAST,South East Commissioning Region
2025-11/System-Mapping.xls,2025-26,2025-10,2025-04-01,2025-11-13,2025-11-10,RXF,Mid Yorkshire Hospitals NHS Trust,QWO,NHS West Yorkshire Integrated Care Board,NORTH EAST AND YORKSHIRE,North East and Yorkshire Commissioning Region
2025-11/System-Mapping.xls,2025-26,2025-10,2025-04-01,2025-11-13,2025-11-10,RXG,South West Yorkshire Partnership NHS Foundation Trust,QWO,NHS West Yorkshire Integrated Care Board,NORTH EAST AND YORKSHIRE,North East and Yorkshire Commissioning Region
2025-11/System-Mapping.xls,2025-26,2025-10,2025-04-01,2025-11-13,2025-11-10,RXK,Sandwell And West Birmingham Hospitals NHS Trust,QUA,NHS Black Country Integrated Care Board,MIDLANDS,Midlands Commissioning Region
2025-11/System-Mapping.xls,2025-26,2025-10,2025-04-01,2025-11-13,2025-11-10,RXL,Blackpool Teaching Hospitals NHS Foundation Trust,QE1,NHS Lancashire And South Cumbria Integrated Care Board,NORTH WEST,North West Commissioning Region
2025-11/System-Mapping.xls,2025-26,2025-10,2025-04-01,2025-11-13,2025-11-10,RXN,Lancashire Teaching Hospitals NHS Foundation Trust,QE1,NHS Lancashire And South Cumbria Integrated Care Board,NORTH WEST,North West Commissioning Region
2025-11/System-Mapping.xls,2025-26,2025-10,2025-04-01,2025-11-13,2025-11-10,RXP,County Durham And Darlington NHS Foundation Trust,QHM,NHS North East And North Cumbria Integrated Care Board,NORTH EAST AND YORKSHIRE,North East and Yorkshire Commissioning Region
2025-11/System-Mapping.xls,2025-26,2025-10,2025-04-01,2025-11-13,2025-11-10,RXQ,Buckinghamshire Healthcare NHS Trust,QU9,"NHS Buckinghamshire, Oxfordshire And Berkshire West Integrated Care Board",SOUTH EAST,South East Commissioning Region
2025-11/System-Mapping.xls,2025-26,2025-10,2025-04-01,2025-11-13,2025-11-10,RXR,East Lancashire Hospitals NHS Trust,QE1,NHS Lancashire And South Cumbria Integrated Care Board,NORTH WEST,North West Commissioning Region
2025-11/System-Mapping.xls,2025-26,2025-10,2025-04-01,2025-11-13,2025-11-10,RXW,The Shrewsbury And Telford Hospital NHS Trust,QOC,"NHS Shropshire, Telford And Wrekin Integrated Care Board",MIDLANDS,Midlands Commissioning Region
2025-11/System-Mapping.xls,2025-26,2025-10,2025-04-01,2025-11-13,2025-11-10,RY2,Bridgewater Community Healthcare NHS Foundation Trust,QYG,NHS Cheshire And Merseyside Integrated Care Board,NORTH WEST,North West Commissioning Region
2025-11/System-Mapping.xls,2025-26,2025-10,2025-04-01,2025-11-13,2025-11-10,RY4,Hertfordshire Community NHS Trust,QM7,NHS Hertfordshire And West Essex Integrated Care Board,EAST OF ENGLAND,East of England Commissioning Region
2025-11/System-Mapping.xls,2025-26,2025-10,2025-04-01,2025-11-13,2025-11-10,RY5,Lincolnshire Community Health Services NHS Trust,QJM,NHS Lincolnshire Integrated Care Board,MIDLANDS,Midlands Commissioning Region
2025-11/System-Mapping.xls,2025-26,2025-10,2025-04-01,2025-11-13,2025-11-10,RY7,Wirral Community Health And Care NHS Foundation Trust,QYG,NHS Cheshire And Merseyside Integrated Care Board,NORTH WEST,North West Commissioning Region
2025-11/System-Mapping.xls,2025-26,2025-10,2025-04-01,2025-11-13,2025-11-10,RY8,Derbyshire Community Health Services NHS Foundation Trust,QJ2,NHS Derby And Derbyshire Integrated Care Board,MIDLANDS,Midlands Commissioning Region
2025-11/System-Mapping.xls,2025-26,2025-10,2025-04-01,2025-11-13,2025-11-10,RY9,Hounslow And Richmond Community Healthcare NHS Trust,QWE,NHS South West London Integrated Care Board,LONDON,London Commissioning Region
2025-11/System-Mapping.xls,2025-26,2025-10,2025-04-01,2025-11-13,2025-11-10,RYF,South Western Ambulance Service NHS Foundation Trust,QJK,NHS Devon Integrated Care Board,SOUTH WEST,South West Commissioning Region
2025-11/System-Mapping.xls,2025-26,2025-10,2025-04-01,2025-11-13,2025-11-10,RYG,Coventry and Warwickshire Partnership NHS Trust,QWU,NHS Coventry And Warwickshire Integrated Care Board,MIDLANDS,Midlands Commissioning Region
2025-11/System-Mapping.xls,2025-26,2025-10,2025-04-01,2025-11-13,2025-11-10,RYJ,Imperial College Healthcare NHS Trust,QRV,NHS North West London Integrated Care Board,LONDON,London Commissioning Region
2025-11/System-Mapping.xls,2025-26,2025-10,2025-04-01,2025-11-13,2025-11-10,RYR,University Hospitals Sussex NHS Foundation Trust,QNX,NHS Sussex Integrated Care Board,SOUTH EAST,South East Commissioning Region
2025-11/System-Mapping.xls,2025-26,2025-10,2025-04-01,2025-11-13,2025-11-10,RYX,Central London Community Healthcare NHS Trust,QRV,NHS North West London Integrated Care Board,LONDON,London Commissioning Region
2025-11/System-Mapping.xls,2025-26,2025-10,2025-04-01,2025-11-13,2025-11-10,RYY,Kent Community Health NHS Foundation Trust,QKS,NHS Kent And Medway Integrated Care Board,SOUTH EAST,South East Commissioning Region
2025-11/System-Mapping.xls,2025-26,2025-10,2025-04-01,2025-11-13,2025-11-10,Y02428,Putnoe Medical Centre Walk In Centre,QHG,"NHS Bedfordshire, Luton And Milton Keynes Integrated Care Board",EAST OF ENGLAND,East of England Commissioning Region
2025-11/System-Mapping.xls,2025-26,2025-10,2025-04-01,2025-11-13,2025-11-10,Y02532,Miriam Minor Emergency,QYG,NHS Cheshire And Merseyside Integrated Care Board,NORTH WEST,North West Commissioning Region
2025-11/System-Mapping.xls,2025-26,2025-10,2025-04-01,2025-11-13,2025-11-10,Y02615,South Birmingham GP Walk In Centre,QHL,NHS Birmingham And Solihull Integrated Care Board,MIDLANDS,Midlands Commissioning Region
2025-11/System-Mapping.xls,2025-26,2025-10,2025-04-01,2025-11-13,2025-11-10,Y02676,Brighton Station Health Centre,QNX,NHS Sussex Integrated Care Board,SOUTH EAST,South East Commissioning Region
2025-11/System-Mapping.xls,2025-26,2025-10,2025-04-01,2025-11-13,2025-11-10,Y03007,Erdington GP Health & Wellbeing Wic,QHL,NHS Birmingham And Solihull Integrated Care Board,MIDLANDS,Midlands Commissioning Region
2025-11/System-Mapping.xls,2025-26,2025-10,2025-04-01,2025-11-13,2025-11-10,Y03218,The Pinn Unregistered Wic,QRV,NHS North West London Integrated Care Board,LONDON,London Commissioning Region
2025-11/System-Mapping.xls,2025-26,2025-10,2025-04-01,2025-11-13,2025-11-10,Y03571,Corby Urgent Care Centre,QPM,NHS Northamptonshire Integrated Care Board,MIDLANDS,Midlands Commissioning Region
2025-11/System-Mapping.xls,2025-26,2025-10,2025-04-01,2025-11-13,2025-11-10,Y04538,Bracknell Urgent Care Centre Wic,QNQ,NHS Frimley Integrated Care Board,SOUTH EAST,South East Commissioning Region
2026-04/System-Mapping.xls,2025-26,2026-03,2025-04-01,2026-04-16,2026-04-16,8J094,Badger Ltd,QHL,NHS Birmingham And Solihull Integrated Care Board,MIDLANDS,Midlands Commissioning Region
2026-04/System-Mapping.xls,2025-26,2026-03,2025-04-01,2026-04-16,2026-04-16,A5D4Q,NEMS UTC,QT1,NHS Nottingham And Nottinghamshire Integrated Care Board,MIDLANDS,Midlands Commissioning Region
2026-04/System-Mapping.xls,2025-26,2026-03,2025-04-01,2026-04-16,2026-04-16,AAH,Tetbury Hospital Trust Ltd,QR1,NHS Gloucestershire Integrated Care Board,SOUTH WEST,South West Commissioning Region
2026-04/System-Mapping.xls,2025-26,2026-03,2025-04-01,2026-04-16,2026-04-16,ACH01,Whitstable Medical Practice,QKS,NHS Kent And Medway Integrated Care Board,SOUTH EAST,South East Commissioning Region
2026-04/System-Mapping.xls,2025-26,2026-03,2025-04-01,2026-04-16,2026-04-16,AD913,Beckenham Beacon Ucc,QKK,NHS South East London Integrated Care Board,LONDON,London Commissioning Region
2026-04/System-Mapping.xls,2025-26,2026-03,2025-04-01,2026-04-16,2026-04-16,AJN,Workington Health Limited,QHM,NHS North East And North Cumbria Integrated Care Board,NORTH EAST AND YORKSHIRE,North East and Yorkshire Commissioning Region
2026-04/System-Mapping.xls,2025-26,2026-03,2025-04-01,2026-04-16,2026-04-16,AQM01,Faversham Medical Practice MIU,QKS,NHS Kent And Medway Integrated Care Board,SOUTH EAST,South East Commissioning Region
2026-04/System-Mapping.xls,2025-26,2026-03,2025-04-01,2026-04-16,2026-04-16,AQN04,Phl Lymington Utc,QRL,NHS Hampshire And Isle Of Wight Integrated Care Board,SOUTH EAST,South East Commissioning Region
2026-04/System-Mapping.xls,2025-26,2026-03,2025-04-01,2026-04-16,2026-04-16,ARN03,Local Care Direct,QWO,NHS West Yorkshire Integrated Care Board,NORTH EAST AND YORKSHIRE,North East and Yorkshire Commissioning Region
2026-04/System-Mapping.xls,2025-26,2026-03,2025-04-01,2026-04-16,2026-04-16,C82009,Market Harborough Med.Ctr,QK1,"NHS Leicester, Leicestershire And Rutland Integrated Care Board",MIDLANDS,Midlands Commissioning Region
2026-04/System-Mapping.xls,2025-26,2026-03,2025-04-01,2026-04-16,2026-04-16,C82038,Latham House Medical Practice,QK1,"NHS Leicester, Leicestershire And Rutland Integrated Care Board",MIDLANDS,Midlands Commissioning Region
2026-04/System-Mapping.xls,2025-26,2026-03,2025-04-01,2026-04-16,2026-04-16,C83023,Sleaford Medical Group,QJM,NHS Lincolnshire Integrated Care Board,MIDLANDS,Midlands Commissioning Region
2026-04/System-Mapping.xls,2025-26,2026-03,2025-04-01,2026-04-16,2026-04-16,DD401,Exmouth Minor Injury Unit,QJK,NHS Devon Integrated Care Board,SOUTH WEST,South West Commissioning Region
2026-04/System-Mapping.xls,2025-26,2026-03,2025-04-01,2026-04-16,2026-04-16,DJV01,Herne Bay Health Care LTD,QKS,NHS Kent And Medway Integrated Care Board,SOUTH EAST,South East Commissioning Region
2026-04/System-Mapping.xls,2025-26,2026-03,2025-04-01,2026-04-16,2026-04-16,DT301,Herts Urgent Care (Ascots Lane),QM7,NHS Hertfordshire And West Essex Integrated Care Board,EAST OF ENGLAND,East of England Commissioning Region
2026-04/System-Mapping.xls,2025-26,2026-03,2025-04-01,2026-04-16,2026-04-16,G0Q0L,Barking Hospital UTC,QMF,NHS North East London Integrated Care Board,LONDON,London Commissioning Region
2026-04/System-Mapping.xls,2025-26,2026-03,2025-04-01,2026-04-16,2026-04-16,G3P9C,Trowbridge Minor Injuries Unit,QOX,"NHS Bath And North East Somerset, Swindon And Wiltshire Integrated Care Board",SOUTH WEST,South West Commissioning Region
2026-04/System-Mapping.xls,2025-26,2026-03,2025-04-01,2026-04-16,2026-04-16,K6K0R,Harold Wood Polyclinic UTC,QMF,NHS North East London Integrated Care Board,LONDON,London Commissioning Region
2026-04/System-Mapping.xls,2025-26,2026-03,2025-04-01,2026-04-16,2026-04-16,L83087,Okehampton Medical Centre,QJK,NHS Devon Integrated Care Board,SOUTH WEST,South West Commissioning Region
2026-04/System-Mapping.xls,2025-26,2026-03,2025-04-01,2026-04-16,2026-04-16,NDA57,Haslemere Minor Injuries Unit,QXU,NHS Surrey Heartlands Integrated Care Board,SOUTH EAST,South East Commissioning Region
2026-04/System-Mapping.xls,2025-26,2026-03,2025-04-01,2026-04-16,2026-04-16,NDJ,First Community Health And Care Cic,QNX,NHS Sussex Integrated Care Board,SOUTH EAST,South East Commissioning Region
2026-04/System-Mapping.xls,2025-26,2026-03,2025-04-01,2026-04-16,2026-04-16,NL7,Assura Vertis Urgent Care Centres (Birmingham),QHL,NHS Birmingham And Solihull Integrated Care Board,MIDLANDS,Midlands Commissioning Region
2026-04/System-Mapping.xls,2025-26,2026-03,2025-04-01,2026-04-16,2026-04-16,NLX,Sirona Care & Health,QUY,"NHS Bristol, North Somerset And South Gloucestershire Integrated Care Board",SOUTH WEST,South West Commissioning Region
2026-04/System-Mapping.xls,2025-26,2026-03,2025-04-01,2026-04-16,2026-04-16,NNF09,Bransholme Health Centre,QOQ,NHS Humber And North Yorkshire Integrated Care Board,NORTH EAST AND YORKSHIRE,North East and Yorkshire Commissioning Region
2026-04/System-Mapping.xls,2025-26,2026-03,2025-04-01,2026-04-16,2026-04-16,NNF16,Bridlington Hospital,QOQ,NHS Humber And North Yorkshire Integrated Care Board,NORTH EAST AND YORKSHIRE,North East and Yorkshire Commissioning Region
2026-04/System-Mapping.xls,2025-26,2026-03,2025-04-01,2026-04-16,2026-04-16,NNF76,The Wilberforce Health Centre,QOQ,NHS Humber And North Yorkshire Integrated Care Board,NORTH EAST AND YORKSHIRE,North East and Yorkshire Commissioning Region
2026-04/System-Mapping.xls,2025-26,2026-03,2025-04-01,2026-04-16,2026-04-16,NNF94,East Riding Community Hospital,QOQ,NHS Humber And North Yorkshire Integrated Care Board,NORTH EAST AND YORKSHIRE,North East and Yorkshire Commissioning Region
2026-04/System-Mapping.xls,2025-26,2026-03,2025-04-01,2026-04-16,2026-04-16,NNFA7,Goole & District Hospital,QOQ,NHS Humber And North Yorkshire Integrated Care Board,NORTH EAST AND YORKSHIRE,North East and Yorkshire Commissioning Region
2026-04/System-Mapping.xls,2025-26,2026-03,2025-04-01,2026-04-16,2026-04-16,NNJ,Dhu Health Care C.I.C,QJ2,NHS Derby And Derbyshire Integrated Care Board,MIDLANDS,Midlands Commissioning Region
2026-04/System-Mapping.xls,2025-26,2026-03,2025-04-01,2026-04-16,2026-04-16,NNJ07,Loughborough Urgent Care Centre,QK1,"NHS Leicester, Leicestershire And Rutland Integrated Care Board",MIDLANDS,Midlands Commissioning Region
2026-04/System-Mapping.xls,2025-26,2026-03,2025-04-01,2026-04-16,2026-04-16,NNJ0H,Llr Ea - The Merlyn Vaz Health & Social Care Centre,QK1,"NHS Leicester, Leicestershire And Rutland Integrated Care Board",MIDLANDS,Midlands Commissioning Region
2026-04/System-Mapping.xls,2025-26,2026-03,2025-04-01,2026-04-16,2026-04-16,NNJ10,Enderby Lesiure Centre,QK1,"NHS Leicester, Leicestershire And Rutland Integrated Care Board",MIDLANDS,Midlands Commissioning Region
2026-04/System-Mapping.xls,2025-26,2026-03,2025-04-01,2026-04-16,2026-04-16,NNJ11,Lutterworth Hospital,QK1,"NHS Leicester, Leicestershire And Rutland Integrated Care Board",MIDLANDS,Midlands Commissioning Region
2026-04/System-Mapping.xls,2025-26,2026-03,2025-04-01,2026-04-16,2026-04-16,NNJ12,Market Harborough,QK1,"NHS Leicester, Leicestershire And Rutland Integrated Care Board",MIDLANDS,Midlands Commissioning Region
2026-04/System-Mapping.xls,2025-26,2026-03,2025-04-01,2026-04-16,2026-04-16,NNJ13,Melton Mowbray,QK1,"NHS Leicester, Leicestershire And Rutland Integrated Care Board",MIDLANDS,Midlands Commissioning Region
2026-04/System-Mapping.xls,2025-26,2026-03,2025-04-01,2026-04-16,2026-04-16,NNJ14,Oadby,QK1,"NHS Leicester, Leicestershire And Rutland Integrated Care Board",MIDLANDS,Midlands Commissioning Region
2026-04/System-Mapping.xls,2025-26,2026-03,2025-04-01,2026-04-16,2026-04-16,NNJ15,Oakham,QK1,"NHS Leicester, Leicestershire And Rutland Integrated Care Board",MIDLANDS,Midlands Commissioning Region
2026-04/System-Mapping.xls,2025-26,2026-03,2025-04-01,2026-04-16,2026-04-16,NQT1I,Chippenham Community Hospital,QOX,"NHS Bath And North East Somerset, Swindon And Wiltshire Integrated Care Board",SOUTH WEST,South West Commissioning Region
2026-04/System-Mapping.xls,2025-26,2026-03,2025-04-01,2026-04-16,2026-04-16,NQT5F,Skelmersdale Walk In Centre,QE1,NHS Lancashire And South Cumbria Integrated Care Board,NORTH WEST,North West Commissioning Region
2026-04/System-Mapping.xls,2025-26,2026-03,2025-04-01,2026-04-16,2026-04-16,NQT5H,Paulton Memorial Hospital,QOX,"NHS Bath And North East Somerset, Swindon And Wiltshire Integrated Care Board",SOUTH WEST,South West Commissioning Region
2026-04/System-Mapping.xls,2025-26,2026-03,2025-04-01,2026-04-16,2026-04-16,NQTE4,Summerfield Urgent Care Centre,QUA,NHS Black Country Integrated Care Board,MIDLANDS,Midlands Commissioning Region
2026-04/System-Mapping.xls,2025-26,2026-03,2025-04-01,2026-04-16,2026-04-16,NR3,Nottingham Citycare Partnership,QT1,NHS Nottingham And Nottinghamshire Integrated Care Board,MIDLANDS,Midlands Commissioning Region
2026-04/System-Mapping.xls,2025-26,2026-03,2025-04-01,2026-04-16,2026-04-16,NTP11,Practice Plus Group Hospital - Southampton,QRL,NHS Hampshire And Isle Of Wight Integrated Care Board,SOUTH EAST,South East Commissioning Region
2026-04/System-Mapping.xls,2025-26,2026-03,2025-04-01,2026-04-16,2026-04-16,NTPAD,Practice Plus Group Surgical Centre - St Marys Portsmouth,QRL,NHS Hampshire And Isle Of Wight Integrated Care Board,SOUTH EAST,South East Commissioning Region
2026-04/System-Mapping.xls,2025-26,2026-03,2025-04-01,2026-04-16,2026-04-16,NTV0B,Ashford Walk-In-Centre,QXU,NHS Surrey Heartlands Integrated Care Board,SOUTH EAST,South East Commissioning Region
2026-04/System-Mapping.xls,2025-26,2026-03,2025-04-01,2026-04-16,2026-04-16,NTV0W,Woking Walk In Centre,QXU,NHS Surrey Heartlands Integrated Care Board,SOUTH EAST,South East Commissioning Region
2026-04/System-Mapping.xls,2025-26,2026-03,2025-04-01,2026-04-16,2026-04-16,NV693,Rossendale Miu & Ooh,QE1,NHS Lancashire And South Cumbria Integrated Care Board,NORTH WEST,North West Commissioning Region
2026-04/System-Mapping.xls,2025-26,2026-03,2025-04-01,2026-04-16,2026-04-16,NVE43,Hastings GP Led Health Centre,QNX,NHS Sussex Integrated Care Board,SOUTH EAST,South East Commissioning Region
2026-04/System-Mapping.xls,2025-26,2026-03,2025-04-01,2026-04-16,2026-04-16,R0A,Manchester University NHS Foundation Trust,QOP,NHS Greater Manchester Integrated Care Board,NORTH WEST,North West Commissioning Region
2026-04/System-Mapping.xls,2025-26,2026-03,2025-04-01,2026-04-16,2026-04-16,R0B,South Tyneside And Sunderland NHS Foundation Trust,QHM,NHS North East And North Cumbria Integrated Care Board,NORTH EAST AND YORKSHIRE,North East and Yorkshire Commissioning Region
2026-04/System-Mapping.xls,2025-26,2026-03,2025-04-01,2026-04-16,2026-04-16,R0D,University Hospitals Dorset NHS Foundation Trust,QVV,NHS Dorset Integrated Care Board,SOUTH WEST,South West Commissioning Region
2026-04/System-Mapping.xls,2025-26,2026-03,2025-04-01,2026-04-16,2026-04-16,R1D,Shropshire Community Health NHS Trust,QOC,"NHS Shropshire, Telford And Wrekin Integrated Care Board",MIDLANDS,Midlands Commissioning Region
2026-04/System-Mapping.xls,2025-26,2026-03,2025-04-01,2026-04-16,2026-04-16,R1F,Isle Of Wight NHS Trust,QRL,NHS Hampshire And Isle Of Wight Integrated Care Board,SOUTH EAST,South East Commissioning Region
2026-04/System-Mapping.xls,2025-26,2026-03,2025-04-01,2026-04-16,2026-04-16,R1H,Barts Health NHS Trust,QMF,NHS North East London Integrated Care Board,LONDON,London Commissioning Region
2026-04/System-Mapping.xls,2025-26,2026-03,2025-04-01,2026-04-16,2026-04-16,R1K,London North West University Healthcare NHS Trust,QRV,NHS North West London Integrated Care Board,LONDON,London Commissioning Region
2026-04/System-Mapping.xls,2025-26,2026-03,2025-04-01,2026-04-16,2026-04-16,RA2,Royal Surrey County Hospital NHS Foundation Trust,QXU,NHS Surrey Heartlands Integrated Care Board,SOUTH EAST,South East Commissioning Region
2026-04/System-Mapping.xls,2025-26,2026-03,2025-04-01,2026-04-16,2026-04-16,RA7,University Hospitals Bristol And Weston NHS Foundation Trust,QUY,"NHS Bristol, North Somerset And South Gloucestershire Integrated Care Board",SOUTH WEST,South West Commissioning Region
2026-04/System-Mapping.xls,2025-26,2026-03,2025-04-01,2026-04-16,2026-04-16,RA9,Torbay And South Devon NHS Foundation Trust,QJK,NHS Devon Integrated Care Board,SOUTH WEST,South West Commissioning Region
2026-04/System-Mapping.xls,2025-26,2026-03,2025-04-01,2026-04-16,2026-04-16,RAE,Bradford Teaching Hospitals NHS Foundation Trust,QWO,NHS West Yorkshire Integrated Care Board,NORTH EAST AND YORKSHIRE,North East and Yorkshire Commissioning Region
2026-04/System-Mapping.xls,2025-26,2026-03,2025-04-01,2026-04-16,2026-04-16,RAJ,Mid And South Essex NHS Foundation Trust,QH8,NHS Mid And South Essex Integrated Care Board,EAST OF ENGLAND,East of England Commissioning Region
2026-04/System-Mapping.xls,2025-26,2026-03,2025-04-01,2026-04-16,2026-04-16,RAL,Royal Free London NHS Foundation Trust,QMJ,NHS North Central London Integrated Care Board,LONDON,London Commissioning Region
2026-04/System-Mapping.xls,2025-26,2026-03,2025-04-01,2026-04-16,2026-04-16,RAN,Royal National Orthopaedic Hospital NHS Trust,QMJ,NHS North Central London Integrated Care Board,LONDON,London Commissioning Region
2026-04/System-Mapping.xls,2025-26,2026-03,2025-04-01,2026-04-16,2026-04-16,RAS,The Hillingdon Hospitals NHS Foundation Trust,QRV,NHS North West London Integrated Care Board,LONDON,London Commissioning Region
2026-04/System-Mapping.xls,2025-26,2026-03,2025-04-01,2026-04-16,2026-04-16,RAT,North East London NHS Foundation Trust,QMF,NHS North East London Integrated Care Board,LONDON,London Commissioning Region
2026-04/System-Mapping.xls,2025-26,2026-03,2025-04-01,2026-04-16,2026-04-16,RAX,Kingston and Richmond NHS Foundation Trust,QWE,NHS South West London Integrated Care Board,LONDON,London Commissioning Region
2026-04/System-Mapping.xls,2025-26,2026-03,2025-04-01,2026-04-16,2026-04-16,RBD,Dorset County Hospital NHS Foundation Trust,QVV,NHS Dorset Integrated Care Board,SOUTH WEST,South West Commissioning Region
2026-04/System-Mapping.xls,2025-26,2026-03,2025-04-01,2026-04-16,2026-04-16,RBK,Walsall Healthcare NHS Trust,QUA,NHS Black Country Integrated Care Board,MIDLANDS,Midlands Commissioning Region
2026-04/System-Mapping.xls,2025-26,2026-03,2025-04-01,2026-04-16,2026-04-16,RBL,Wirral University Teaching Hospital NHS Foundation Trust,QYG,NHS Cheshire And Merseyside Integrated Care Board,NORTH WEST,North West Commissioning Region
2026-04/System-Mapping.xls,2025-26,2026-03,2025-04-01,2026-04-16,2026-04-16,RBN,Mersey And West Lancashire Teaching Hospitals NHS Trust,QYG,NHS Cheshire And Merseyside Integrated Care Board,NORTH WEST,North West Commissioning Region
2026-04/System-Mapping.xls,2025-26,2026-03,2025-04-01,2026-04-16,2026-04-16,RBQ,Liverpool Heart And Chest Hospital NHS Foundation Trust,QYG,NHS Cheshire And Merseyside Integrated Care Board,NORTH WEST,North West Commissioning Region
2026-04/System-Mapping.xls,2025-26,2026-03,2025-04-01,2026-04-16,2026-04-16,RBS,Alder Hey Children's NHS Foundation Trust,QYG,NHS Cheshire And Merseyside Integrated Care Board,NORTH WEST,North West Commissioning Region
2026-04/System-Mapping.xls,2025-26,2026-03,2025-04-01,2026-04-16,2026-04-16,RBT,Mid Cheshire Hospitals NHS Foundation Trust,QYG,NHS Cheshire And Merseyside Integrated Care Board,NORTH WEST,North West Commissioning Region
2026-04/System-Mapping.xls,2025-26,2026-03,2025-04-01,2026-04-16,2026-04-16,RBV,The Christie NHS Foundation Trust,QOP,NHS Greater Manchester Integrated Care Board,NORTH WEST,North West Commissioning Region
2026-04/System-Mapping.xls,2025-26,2026-03,2025-04-01,2026-04-16,2026-04-16,RC9,Bedfordshire Hospitals NHS Foundation Trust,QHG,"NHS Bedfordshire, Luton And Milton Keynes Integrated Care Board",EAST OF ENGLAND,East of England Commissioning Region
2026-04/System-Mapping.xls,2025-26,2026-03,2025-04-01,2026-04-16,2026-04-16,RCB,York And Scarborough Teaching Hospitals NHS Foundation Trust,QOQ,NHS Humber And North Yorkshire Integrated Care Board,NORTH EAST AND YORKSHIRE,North East and Yorkshire Commissioning Region
2026-04/System-Mapping.xls,2025-26,2026-03,2025-04-01,2026-04-16,2026-04-16,RCD,Harrogate And District NHS Foundation Trust,QOQ,NHS Humber And North Yorkshire Integrated Care Board,NORTH EAST AND YORKSHIRE,North East and Yorkshire Commissioning Region
2026-04/System-Mapping.xls,2025-26,2026-03,2025-04-01,2026-04-16,2026-04-16,RCF,Airedale NHS Foundation Trust,QWO,NHS West Yorkshire Integrated Care Board,NORTH EAST AND YORKSHIRE,North East and Yorkshire Commissioning Region
2026-04/System-Mapping.xls,2025-26,2026-03,2025-04-01,2026-04-16,2026-04-16,RCU,Sheffield Children's NHS Foundation Trust,QF7,NHS South Yorkshire Integrated Care Board,NORTH EAST AND YORKSHIRE,North East and Yorkshire Commissioning Region
2026-04/System-Mapping.xls,2025-26,2026-03,2025-04-01,2026-04-16,2026-04-16,RCX,"The Queen Elizabeth Hospital, King's Lynn, NHS Foundation Trust",QMM,NHS Norfolk And Waveney Integrated Care Board,EAST OF ENGLAND,East of England Commissioning Region
2026-04/System-Mapping.xls,2025-26,2026-03,2025-04-01,2026-04-16,2026-04-16,RD1,Royal United Hospitals Bath NHS Foundation Trust,QOX,"NHS Bath And North East Somerset, Swindon And Wiltshire Integrated Care Board",SOUTH WEST,South West Commissioning Region
2026-04/System-Mapping.xls,2025-26,2026-03,2025-04-01,2026-04-16,2026-04-16,RD8,Milton Keynes University Hospital NHS Foundation Trust,QHG,"NHS Bedfordshire, Luton And Milton Keynes Integrated Care Board",EAST OF ENGLAND,East of England Commissioning Region
2026-04/System-Mapping.xls,2025-26,2026-03,2025-04-01,2026-04-16,2026-04-16,RDE,East Suffolk And North Essex NHS Foundation Trust,QJG,NHS Suffolk And North East Essex Integrated Care Board,EAST OF ENGLAND,East of England Commissioning Region
2026-04/System-Mapping.xls,2025-26,2026-03,2025-04-01,2026-04-16,2026-04-16,RDR,Sussex Community NHS Foundation Trust,QNX,NHS Sussex Integrated Care Board,SOUTH EAST,South East Commissioning Region
2026-04/System-Mapping.xls,2025-26,2026-03,2025-04-01,2026-04-16,2026-04-16,RDU,Frimley Health NHS Foundation Trust,QNQ,NHS Frimley Integrated Care Board,SOUTH EAST,South East Commissioning Region
2026-04/System-Mapping.xls,2025-26,2026-03,2025-04-01,2026-04-16,2026-04-16,RDY,Dorset Healthcare University NHS Foundation Trust,QVV,NHS Dorset Integrated Care Board,SOUTH WEST,South West Commissioning Region
2026-04/System-Mapping.xls,2025-26,2026-03,2025-04-01,2026-04-16,2026-04-16,REF,Royal Cornwall Hospitals NHS Trust,QT6,NHS Cornwall And The Isles Of Scilly Integrated Care Board,SOUTH WEST,South West Commissioning Region
2026-04/System-Mapping.xls,2025-26,2026-03,2025-04-01,2026-04-16,2026-04-16,REM,Liverpool University Hospitals NHS Foundation Trust,QYG,NHS Cheshire And Merseyside Integrated Care Board,NORTH WEST,North West Commissioning Region
2026-04/System-Mapping.xls,2025-26,2026-03,2025-04-01,2026-04-16,2026-04-16,REP,Liverpool Women's NHS Foundation Trust,QYG,NHS Cheshire And Merseyside Integrated Care Board,NORTH WEST,North West Commissioning Region
2026-04/System-Mapping.xls,2025-26,2026-03,2025-04-01,2026-04-16,2026-04-16,RET,The Walton Centre NHS Foundation Trust,QYG,NHS Cheshire And Merseyside Integrated Care Board,NORTH WEST,North West Commissioning Region
2026-04/System-Mapping.xls,2025-26,2026-03,2025-04-01,2026-04-16,2026-04-16,RF4,"Barking, Havering And Redbridge University Hospitals NHS Trust",QMF,NHS North East London Integrated Care Board,LONDON,London Commissioning Region
2026-04/System-Mapping.xls,2025-26,2026-03,2025-04-01,2026-04-16,2026-04-16,RFF,Barnsley Hospital NHS Foundation Trust,QF7,NHS South Yorkshire Integrated Care Board,NORTH EAST AND YORKSHIRE,North East and Yorkshire Commissioning Region
2026-04/System-Mapping.xls,2025-26,2026-03,2025-04-01,2026-04-16,2026-04-16,RFR,The Rotherham NHS Foundation Trust,QF7,NHS South Yorkshire Integrated Care Board,NORTH EAST AND YORKSHIRE,North East and Yorkshire Commissioning Region
2026-04/System-Mapping.xls,2025-26,2026-03,2025-04-01,2026-04-16,2026-04-16,RFS,Chesterfield Royal Hospital NHS Foundation Trust,QJ2,NHS Derby And Derbyshire Integrated Care Board,MIDLANDS,Midlands Commissioning Region
2026-04/System-Mapping.xls,2025-26,2026-03,2025-04-01,2026-04-16,2026-04-16,RGN,North West Anglia NHS Foundation Trust,QUE,NHS Cambridgeshire And Peterborough Integrated Care Board,EAST OF ENGLAND,East of England Commissioning Region
2026-04/System-Mapping.xls,2025-26,2026-03,2025-04-01,2026-04-16,2026-04-16,RGP,James Paget University Hospitals NHS Foundation Trust,QMM,NHS Norfolk And Waveney Integrated Care Board,EAST OF ENGLAND,East of England Commissioning Region
2026-04/System-Mapping.xls,2025-26,2026-03,2025-04-01,2026-04-16,2026-04-16,RGR,West Suffolk NHS Foundation Trust,QJG,NHS Suffolk And North East Essex Integrated Care Board,EAST OF ENGLAND,East of England Commissioning Region
2026-04/System-Mapping.xls,2025-26,2026-03,2025-04-01,2026-04-16,2026-04-16,RGT,Cambridge University Hospitals NHS Foundation Trust,QUE,NHS Cambridgeshire And Peterborough Integrated Care Board,EAST OF ENGLAND,East of England Commissioning Region
2026-04/System-Mapping.xls,2025-26,2026-03,2025-04-01,2026-04-16,2026-04-16,RH5,Somerset NHS Foundation Trust,QSL,NHS Somerset Integrated Care Board,SOUTH WEST,South West Commissioning Region
2026-04/System-Mapping.xls,2025-26,2026-03,2025-04-01,2026-04-16,2026-04-16,RH8,Royal Devon University Healthcare NHS Foundation Trust,QJK,NHS Devon Integrated Care Board,SOUTH WEST,South West Commissioning Region
2026-04/System-Mapping.xls,2025-26,2026-03,2025-04-01,2026-04-16,2026-04-16,RHM,University Hospital Southampton NHS Foundation Trust,QRL,NHS Hampshire And Isle Of Wight Integrated Care Board,SOUTH EAST,South East Commissioning Region
2026-04/System-Mapping.xls,2025-26,2026-03,2025-04-01,2026-04-16,2026-04-16,RHQ,Sheffield Teaching Hospitals NHS Foundation Trust,QF7,NHS South Yorkshire Integrated Care Board,NORTH EAST AND YORKSHIRE,North East and Yorkshire Commissioning Region
2026-04/System-Mapping.xls,2025-26,2026-03,2025-04-01,2026-04-16,2026-04-16,RHU,Portsmouth Hospitals University National Health Service Trust,QRL,NHS Hampshire And Isle Of Wight Integrated Care Board,SOUTH EAST,South East Commissioning Region
2026-04/System-Mapping.xls,2025-26,2026-03,2025-04-01,2026-04-16,2026-04-16,RHW,Royal Berkshire NHS Foundation Trust,QU9,"NHS Buckinghamshire, Oxfordshire And Berkshire West Integrated Care Board",SOUTH EAST,South East Commissioning Region
2026-04/System-Mapping.xls,2025-26,2026-03,2025-04-01,2026-04-16,2026-04-16,RJ1,Guy's And St Thomas' NHS Foundation Trust,QKK,NHS South East London Integrated Care Board,LONDON,London Commissioning Region
2026-04/System-Mapping.xls,2025-26,2026-03,2025-04-01,2026-04-16,2026-04-16,RJ2,Lewisham And Greenwich NHS Trust,QKK,NHS South East London Integrated Care Board,LONDON,London Commissioning Region
2026-04/System-Mapping.xls,2025-26,2026-03,2025-04-01,2026-04-16,2026-04-16,RJ6,Croydon Health Services NHS Trust,QWE,NHS South West London Integrated Care Board,LONDON,London Commissioning Region
2026-04/System-Mapping.xls,2025-26,2026-03,2025-04-01,2026-04-16,2026-04-16,RJ7,St George's University Hospitals NHS Foundation Trust,QWE,NHS South West London Integrated Care Board,LONDON,London Commissioning Region
2026-04/System-Mapping.xls,2025-26,2026-03,2025-04-01,2026-04-16,2026-04-16,RJ8,Cornwall Partnership NHS Foundation Trust,QT6,NHS Cornwall And The Isles Of Scilly Integrated Care Board,SOUTH WEST,South West Commissioning Region
2026-04/System-Mapping.xls,2025-26,2026-03,2025-04-01,2026-04-16,2026-04-16,RJC,South Warwickshire University NHS Foundation Trust,QWU,NHS Coventry And Warwickshire Integrated Care Board,MIDLANDS,Midlands Commissioning Region
2026-04/System-Mapping.xls,2025-26,2026-03,2025-04-01,2026-04-16,2026-04-16,RJE,University Hospitals Of North Midlands NHS Trust,QNC,NHS Staffordshire And Stoke-On-Trent Integrated Care Board,MIDLANDS,Midlands Commissioning Region
2026-04/System-Mapping.xls,2025-26,2026-03,2025-04-01,2026-04-16,2026-04-16,RJL,Northern Lincolnshire And Goole NHS Foundation Trust,QOQ,NHS Humber And North Yorkshire Integrated Care Board,NORTH EAST AND YORKSHIRE,North East and Yorkshire Commissioning Region
2026-04/System-Mapping.xls,2025-26,2026-03,2025-04-01,2026-04-16,2026-04-16,RJN,East Cheshire NHS Trust,QYG,NHS Cheshire And Merseyside Integrated Care Board,NORTH WEST,North West Commissioning Region
2026-04/System-Mapping.xls,2025-26,2026-03,2025-04-01,2026-04-16,2026-04-16,RJR,Countess Of Chester Hospital NHS Foundation Trust,QYG,NHS Cheshire And Merseyside Integrated Care Board,NORTH WEST,North West Commissioning Region
2026-04/System-Mapping.xls,2025-26,2026-03,2025-04-01,2026-04-16,2026-04-16,RJZ,King's College Hospital NHS Foundation Trust,QKK,NHS South East London Integrated Care Board,LONDON,London Commissioning Region
2026-04/System-Mapping.xls,2025-26,2026-03,2025-04-01,2026-04-16,2026-04-16,RK5,Sherwood Forest Hospitals NHS Foundation Trust,QT1,NHS Nottingham And Nottinghamshire Integrated Care Board,MIDLANDS,Midlands Commissioning Region
2026-04/System-Mapping.xls,2025-26,2026-03,2025-04-01,2026-04-16,2026-04-16,RK9,University Hospitals Plymouth NHS Trust,QJK,NHS Devon Integrated Care Board,SOUTH WEST,South West Commissioning Region
2026-04/System-Mapping.xls,2025-26,2026-03,2025-04-01,2026-04-16,2026-04-16,RKB,University Hospitals Coventry And Warwickshire NHS Trust,QWU,NHS Coventry And Warwickshire Integrated Care Board,MIDLANDS,Midlands Commissioning Region
2026-04/System-Mapping.xls,2025-26,2026-03,2025-04-01,2026-04-16,2026-04-16,RKE,Whittington Health NHS Trust,QMJ,NHS North Central London Integrated Care Board,LONDON,London Commissioning Region
2026-04/System-Mapping.xls,2025-26,2026-03,2025-04-01,2026-04-16,2026-04-16,RL1,The Robert Jones And Agnes Hunt Orthopaedic Hospital NHS Foundation Trust,QOC,"NHS Shropshire, Telford And Wrekin Integrated Care Board",MIDLANDS,Midlands Commissioning Region
2026-04/System-Mapping.xls,2025-26,2026-03,2025-04-01,2026-04-16,2026-04-16,RL4,The Royal Wolverhampton NHS Trust,QUA,NHS Black Country Integrated Care Board,MIDLANDS,Midlands Commissioning Region
2026-04/System-Mapping.xls,2025-26,2026-03,2025-04-01,2026-04-16,2026-04-16,RLQ,Wye Valley NHS Trust,QGH,NHS Herefordshire And Worcestershire Integrated Care Board,MIDLANDS,Midlands Commissioning Region
2026-04/System-Mapping.xls,2025-26,2026-03,2025-04-01,2026-04-16,2026-04-16,RLT,George Eliot Hospital NHS Trust,QWU,NHS Coventry And Warwickshire Integrated Care Board,MIDLANDS,Midlands Commissioning Region
2026-04/System-Mapping.xls,2025-26,2026-03,2025-04-01,2026-04-16,2026-04-16,RM1,Norfolk And Norwich University Hospitals NHS Foundation Trust,QMM,NHS Norfolk And Waveney Integrated Care Board,EAST OF ENGLAND,East of England Commissioning Region
2026-04/System-Mapping.xls,2025-26,2026-03,2025-04-01,2026-04-16,2026-04-16,RM3,Northern Care Alliance NHS Foundation Trust,QOP,NHS Greater Manchester Integrated Care Board,NORTH WEST,North West Commissioning Region
2026-04/System-Mapping.xls,2025-26,2026-03,2025-04-01,2026-04-16,2026-04-16,RMC,Bolton NHS Foundation Trust,QOP,NHS Greater Manchester Integrated Care Board,NORTH WEST,North West Commissioning Region
2026-04/System-Mapping.xls,2025-26,2026-03,2025-04-01,2026-04-16,2026-04-16,RMP,Tameside And Glossop Integrated Care NHS Foundation Trust,QOP,NHS Greater Manchester Integrated Care Board,NORTH WEST,North West Commissioning Region
2026-04/System-Mapping.xls,2025-26,2026-03,2025-04-01,2026-04-16,2026-04-16,RN3,Great Western Hospitals NHS Foundation Trust,QOX,"NHS Bath And North East Somerset, Swindon And Wiltshire Integrated Care Board",SOUTH WEST,South West Commissioning Region
2026-04/System-Mapping.xls,2025-26,2026-03,2025-04-01,2026-04-16,2026-04-16,RN5,Hampshire Hospitals NHS Foundation Trust,QRL,NHS Hampshire And Isle Of Wight Integrated Care Board,SOUTH EAST,South East Commissioning Region
2026-04/System-Mapping.xls,2025-26,2026-03,2025-04-01,2026-04-16,2026-04-16,RN7,Dartford And Gravesham NHS Trust,QKS,NHS Kent And Medway Integrated Care Board,SOUTH EAST,South East Commissioning Region
2026-04/System-Mapping.xls,2025-26,2026-03,2025-04-01,2026-04-16,2026-04-16,RNA,The Dudley Group NHS Foundation Trust,QUA,NHS Black Country Integrated Care Board,MIDLANDS,Midlands Commissioning Region
2026-04/System-Mapping.xls,2025-26,2026-03,2025-04-01,2026-04-16,2026-04-16,RNN,North Cumbria Integrated Care NHS Foundation Trust,QHM,NHS North East And North Cumbria Integrated Care Board,NORTH EAST AND YORKSHIRE,North East and Yorkshire Commissioning Region
2026-04/System-Mapping.xls,2025-26,2026-03,2025-04-01,2026-04-16,2026-04-16,RNQ,Kettering General Hospital NHS Foundation Trust,QPM,NHS Northamptonshire Integrated Care Board,MIDLANDS,Midlands Commissioning Region
2026-04/System-Mapping.xls,2025-26,2026-03,2025-04-01,2026-04-16,2026-04-16,RNS,Northampton General Hospital NHS Trust,QPM,NHS Northamptonshire Integrated Care Board,MIDLANDS,Midlands Commissioning Region
2026-04/System-Mapping.xls,2025-26,2026-03,2025-04-01,2026-04-16,2026-04-16,RNU,Oxford Health NHS Foundation Trust,QU9,"NHS Buckinghamshire, Oxfordshire And Berkshire West Integrated Care Board",SOUTH EAST,South East Commissioning Region
2026-04/System-Mapping.xls,2025-26,2026-03,2025-04-01,2026-04-16,2026-04-16,RNZ,Salisbury NHS Foundation Trust,QOX,"NHS Bath And North East Somerset, Swindon And Wiltshire Integrated Care Board",SOUTH WEST,South West Commissioning Region
2026-04/System-Mapping.xls,2025-26,2026-03,2025-04-01,2026-04-16,2026-04-16,RP5,Doncaster And Bassetlaw Teaching Hospitals NHS Foundation Trust,QF7,NHS South Yorkshire Integrated Care Board,NORTH EAST AND YORKSHIRE,North East and Yorkshire Commissioning Region
2026-04/System-Mapping.xls,2025-26,2026-03,2025-04-01,2026-04-16,2026-04-16,RP6,Moorfields Eye Hospital NHS Foundation Trust,QMJ,NHS North Central London Integrated Care Board,LONDON,London Commissioning Region
2026-04/System-Mapping.xls,2025-26,2026-03,2025-04-01,2026-04-16,2026-04-16,RPA,Medway NHS Foundation Trust,QKS,NHS Kent And Medway Integrated Care Board,SOUTH EAST,South East Commissioning Region
2026-04/System-Mapping.xls,2025-26,2026-03,2025-04-01,2026-04-16,2026-04-16,RPC,Queen Victoria Hospital NHS Foundation Trust,QNX,NHS Sussex Integrated Care Board,SOUTH EAST,South East Commissioning Region
2026-04/System-Mapping.xls,2025-26,2026-03,2025-04-01,2026-04-16,2026-04-16,RQ3,Birmingham Women's And Children's NHS Foundation Trust,QHL,NHS Birmingham And Solihull Integrated Care Board,MIDLANDS,Midlands Commissioning Region
2026-04/System-Mapping.xls,2025-26,2026-03,2025-04-01,2026-04-16,2026-04-16,RQM,Chelsea And Westminster Hospital NHS Foundation Trust,QRV,NHS North West London Integrated Care Board,LONDON,London Commissioning Region
2026-04/System-Mapping.xls,2025-26,2026-03,2025-04-01,2026-04-16,2026-04-16,RQW,The Princess Alexandra Hospital NHS Trust,QM7,NHS Hertfordshire And West Essex Integrated Care Board,EAST OF ENGLAND,East of England Commissioning Region
2026-04/System-Mapping.xls,2025-26,2026-03,2025-04-01,2026-04-16,2026-04-16,RQX,Homerton Healthcare NHS Foundation Trust,QMF,NHS North East London Integrated Care Board,LONDON,London Commissioning Region
2026-04/System-Mapping.xls,2025-26,2026-03,2025-04-01,2026-04-16,2026-04-16,RR7,Gateshead Health NHS Foundation Trust,QHM,NHS North East And North Cumbria Integrated Care Board,NORTH EAST AND YORKSHIRE,North East and Yorkshire Commissioning Region
2026-04/System-Mapping.xls,2025-26,2026-03,2025-04-01,2026-04-16,2026-04-16,RR8,Leeds Teaching Hospitals NHS Trust,QWO,NHS West Yorkshire Integrated Care Board,NORTH EAST AND YORKSHIRE,North East and Yorkshire Commissioning Region
2026-04/System-Mapping.xls,2025-26,2026-03,2025-04-01,2026-04-16,2026-04-16,RRF,"Wrightington, Wigan And Leigh NHS Foundation Trust",QOP,NHS Greater Manchester Integrated Care Board,NORTH WEST,North West Commissioning Region
2026-04/System-Mapping.xls,2025-26,2026-03,2025-04-01,2026-04-16,2026-04-16,RRK,University Hospitals Birmingham NHS Foundation Trust,QHL,NHS Birmingham And Solihull Integrated Care Board,MIDLANDS,Midlands Commissioning Region
2026-04/System-Mapping.xls,2025-26,2026-03,2025-04-01,2026-04-16,2026-04-16,RRV,University College London Hospitals NHS Foundation Trust,QMJ,NHS North Central London Integrated Care Board,LONDON,London Commissioning Region
2026-04/System-Mapping.xls,2025-26,2026-03,2025-04-01,2026-04-16,2026-04-16,RTD,The Newcastle Upon Tyne Hospitals NHS Foundation Trust,QHM,NHS North East And North Cumbria Integrated Care Board,NORTH EAST AND YORKSHIRE,North East and Yorkshire Commissioning Region
2026-04/System-Mapping.xls,2025-26,2026-03,2025-04-01,2026-04-16,2026-04-16,RTE,Gloucestershire Hospitals NHS Foundation Trust,QR1,NHS Gloucestershire Integrated Care Board,SOUTH WEST,South West Commissioning Region
2026-04/System-Mapping.xls,2025-26,2026-03,2025-04-01,2026-04-16,2026-04-16,RTF,Northumbria Healthcare NHS Foundation Trust,QHM,NHS North East And North Cumbria Integrated Care Board,NORTH EAST AND YORKSHIRE,North East and Yorkshire Commissioning Region
2026-04/System-Mapping.xls,2025-26,2026-03,2025-04-01,2026-04-16,2026-04-16,RTG,University Hospitals Of Derby And Burton NHS Foundation Trust,QJ2,NHS Derby And Derbyshire Integrated Care Board,MIDLANDS,Midlands Commissioning Region
2026-04/System-Mapping.xls,2025-26,2026-03,2025-04-01,2026-04-16,2026-04-16,RTH,Oxford University Hospitals NHS Foundation Trust,QU9,"NHS Buckinghamshire, Oxfordshire And Berkshire West Integrated Care Board",SOUTH EAST,South East Commissioning Region
2026-04/System-Mapping.xls,2025-26,2026-03,2025-04-01,2026-04-16,2026-04-16,RTK,Ashford And St Peter's Hospitals NHS Foundation Trust,QXU,NHS Surrey Heartlands Integrated Care Board,SOUTH EAST,South East Commissioning Region
2026-04/System-Mapping.xls,2025-26,2026-03,2025-04-01,2026-04-16,2026-04-16,RTP,Surrey And Sussex Healthcare NHS Trust,QXU,NHS Surrey Heartlands Integrated Care Board,SOUTH EAST,South East Commissioning Region
2026-04/System-Mapping.xls,2025-26,2026-03,2025-04-01,2026-04-16,2026-04-16,RTQ,Gloucestershire Health And Care NHS Foundation Trust,QR1,NHS Gloucestershire Integrated Care Board,SOUTH WEST,South West Commissioning Region
2026-04/System-Mapping.xls,2025-26,2026-03,2025-04-01,2026-04-16,2026-04-16,RTR,South Tees Hospitals NHS Foundation Trust,QHM,NHS North East And North Cumbria Integrated Care Board,NORTH EAST AND YORKSHIRE,North East and Yorkshire Commissioning Region
2026-04/System-Mapping.xls,2025-26,2026-03,2025-04-01,2026-04-16,2026-04-16,RTX,University Hospitals Of Morecambe Bay NHS Foundation Trust,QE1,NHS Lancashire And South Cumbria Integrated Care Board,NORTH WEST,North West Commissioning Region
2026-04/System-Mapping.xls,2025-26,2026-03,2025-04-01,2026-04-16,2026-04-16,RV9,Humber Teaching NHS Foundation Trust,QOQ,NHS Humber And North Yorkshire Integrated Care Board,NORTH EAST AND YORKSHIRE,North East and Yorkshire Commissioning Region
2026-04/System-Mapping.xls,2025-26,2026-03,2025-04-01,2026-04-16,2026-04-16,RVJ,North Bristol NHS Trust,QUY,"NHS Bristol, North Somerset And South Gloucestershire Integrated Care Board",SOUTH WEST,South West Commissioning Region
2026-04/System-Mapping.xls,2025-26,2026-03,2025-04-01,2026-04-16,2026-04-16,RVR,Epsom And St Helier University Hospitals NHS Trust,QWE,NHS South West London Integrated Care Board,LONDON,London Commissioning Region
2026-04/System-Mapping.xls,2025-26,2026-03,2025-04-01,2026-04-16,2026-04-16,RVV,East Kent Hospitals University NHS Foundation Trust,QKS,NHS Kent And Medway Integrated Care Board,SOUTH EAST,South East Commissioning Region
2026-04/System-Mapping.xls,2025-26,2026-03,2025-04-01,2026-04-16,2026-04-16,RVW,North Tees And Hartlepool NHS Foundation Trust,QHM,NHS North East And North Cumbria Integrated Care Board,NORTH EAST AND YORKSHIRE,North East and Yorkshire Commissioning Region
2026-04/System-Mapping.xls,2025-26,2026-03,2025-04-01,2026-04-16,2026-04-16,RW1,Southern Health NHS Foundation Trust,QRL,NHS Hampshire And Isle Of Wight Integrated Care Board,SOUTH EAST,South East Commissioning Region
2026-04/System-Mapping.xls,2025-26,2026-03,2025-04-01,2026-04-16,2026-04-16,RW4,Mersey Care NHS Foundation Trust,QYG,NHS Cheshire And Merseyside Integrated Care Board,NORTH WEST,North West Commissioning Region
2026-04/System-Mapping.xls,2025-26,2026-03,2025-04-01,2026-04-16,2026-04-16,RWA,Hull University Teaching Hospitals NHS Trust,QOQ,NHS Humber And North Yorkshire Integrated Care Board,NORTH EAST AND YORKSHIRE,North East and Yorkshire Commissioning Region
2026-04/System-Mapping.xls,2025-26,2026-03,2025-04-01,2026-04-16,2026-04-16,RWD,United Lincolnshire Teaching Hospitals NHS Trust,QJM,NHS Lincolnshire Integrated Care Board,MIDLANDS,Midlands Commissioning Region
2026-04/System-Mapping.xls,2025-26,2026-03,2025-04-01,2026-04-16,2026-04-16,RWE,University Hospitals Of Leicester NHS Trust,QK1,"NHS Leicester, Leicestershire And Rutland Integrated Care Board",MIDLANDS,Midlands Commissioning Region
2026-04/System-Mapping.xls,2025-26,2026-03,2025-04-01,2026-04-16,2026-04-16,RWF,Maidstone And Tunbridge Wells NHS Trust,QKS,NHS Kent And Medway Integrated Care Board,SOUTH EAST,South East Commissioning Region
2026-04/System-Mapping.xls,2025-26,2026-03,2025-04-01,2026-04-16,2026-04-16,RWG,West Hertfordshire Teaching Hospitals NHS Trust,QM7,NHS Hertfordshire And West Essex Integrated Care Board,EAST OF ENGLAND,East of England Commissioning Region
2026-04/System-Mapping.xls,2025-26,2026-03,2025-04-01,2026-04-16,2026-04-16,RWH,East And North Hertfordshire NHS Trust,QM7,NHS Hertfordshire And West Essex Integrated Care Board,EAST OF ENGLAND,East of England Commissioning Region
2026-04/System-Mapping.xls,2025-26,2026-03,2025-04-01,2026-04-16,2026-04-16,RWJ,Stockport NHS Foundation Trust,QOP,NHS Greater Manchester Integrated Care Board,NORTH WEST,North West Commissioning Region
2026-04/System-Mapping.xls,2025-26,2026-03,2025-04-01,2026-04-16,2026-04-16,RWP,Worcestershire Acute Hospitals NHS Trust,QGH,NHS Herefordshire And Worcestershire Integrated Care Board,MIDLANDS,Midlands Commissioning Region
2026-04/System-Mapping.xls,2025-26,2026-03,2025-04-01,2026-04-16,2026-04-16,RWW,Warrington And Halton Teaching Hospitals NHS Foundation Trust,QYG,NHS Cheshire And Merseyside Integrated Care Board,NORTH WEST,North West Commissioning Region
2026-04/System-Mapping.xls,2025-26,2026-03,2025-04-01,2026-04-16,2026-04-16,RWX,Berkshire Healthcare NHS Foundation Trust,QU9,"NHS Buckinghamshire, Oxfordshire And Berkshire West Integrated Care Board",SOUTH EAST,South East Commissioning Region
2026-04/System-Mapping.xls,2025-26,2026-03,2025-04-01,2026-04-16,2026-04-16,RWY,Calderdale And Huddersfield NHS Foundation Trust,QWO,NHS West Yorkshire Integrated Care Board,NORTH EAST AND YORKSHIRE,North East and Yorkshire Commissioning Region
2026-04/System-Mapping.xls,2025-26,2026-03,2025-04-01,2026-04-16,2026-04-16,RX1,Nottingham University Hospitals NHS Trust,QT1,NHS Nottingham And Nottinghamshire Integrated Care Board,MIDLANDS,Midlands Commissioning Region
2026-04/System-Mapping.xls,2025-26,2026-03,2025-04-01,2026-04-16,2026-04-16,RXC,East Sussex Healthcare NHS Trust,QNX,NHS Sussex Integrated Care Board,SOUTH EAST,South East Commissioning Region
2026-04/System-Mapping.xls,2025-26,2026-03,2025-04-01,2026-04-16,2026-04-16,RXF,Mid Yorkshire Hospitals NHS Trust,QWO,NHS West Yorkshire Integrated Care Board,NORTH EAST AND YORKSHIRE,North East and Yorkshire Commissioning Region
2026-04/System-Mapping.xls,2025-26,2026-03,2025-04-01,2026-04-16,2026-04-16,RXG,South West Yorkshire Partnership NHS Foundation Trust,QWO,NHS West Yorkshire Integrated Care Board,NORTH EAST AND YORKSHIRE,North East and Yorkshire Commissioning Region
2026-04/System-Mapping.xls,2025-26,2026-03,2025-04-01,2026-04-16,2026-04-16,RXK,Sandwell And West Birmingham Hospitals NHS Trust,QUA,NHS Black Country Integrated Care Board,MIDLANDS,Midlands Commissioning Region
2026-04/System-Mapping.xls,2025-26,2026-03,2025-04-01,2026-04-16,2026-04-16,RXL,Blackpool Teaching Hospitals NHS Foundation Trust,QE1,NHS Lancashire And South Cumbria Integrated Care Board,NORTH WEST,North West Commissioning Region
2026-04/System-Mapping.xls,2025-26,2026-03,2025-04-01,2026-04-16,2026-04-16,RXN,Lancashire Teaching Hospitals NHS Foundation Trust,QE1,NHS Lancashire And South Cumbria Integrated Care Board,NORTH WEST,North West Commissioning Region
2026-04/System-Mapping.xls,2025-26,2026-03,2025-04-01,2026-04-16,2026-04-16,RXP,County Durham And Darlington NHS Foundation Trust,QHM,NHS North East And North Cumbria Integrated Care Board,NORTH EAST AND YORKSHIRE,North East and Yorkshire Commissioning Region
2026-04/System-Mapping.xls,2025-26,2026-03,2025-04-01,2026-04-16,2026-04-16,RXQ,Buckinghamshire Healthcare NHS Trust,QU9,"NHS Buckinghamshire, Oxfordshire And Berkshire West Integrated Care Board",SOUTH EAST,South East Commissioning Region
2026-04/System-Mapping.xls,2025-26,2026-03,2025-04-01,2026-04-16,2026-04-16,RXR,East Lancashire Hospitals NHS Trust,QE1,NHS Lancashire And South Cumbria Integrated Care Board,NORTH WEST,North West Commissioning Region
2026-04/System-Mapping.xls,2025-26,2026-03,2025-04-01,2026-04-16,2026-04-16,RXW,The Shrewsbury And Telford Hospital NHS Trust,QOC,"NHS Shropshire, Telford And Wrekin Integrated Care Board",MIDLANDS,Midlands Commissioning Region
2026-04/System-Mapping.xls,2025-26,2026-03,2025-04-01,2026-04-16,2026-04-16,RY2,Bridgewater Community Healthcare NHS Foundation Trust,QYG,NHS Cheshire And Merseyside Integrated Care Board,NORTH WEST,North West Commissioning Region
2026-04/System-Mapping.xls,2025-26,2026-03,2025-04-01,2026-04-16,2026-04-16,RY4,Hertfordshire Community NHS Trust,QM7,NHS Hertfordshire And West Essex Integrated Care Board,EAST OF ENGLAND,East of England Commissioning Region
2026-04/System-Mapping.xls,2025-26,2026-03,2025-04-01,2026-04-16,2026-04-16,RY5,Lincolnshire Community Health Services NHS Trust,QJM,NHS Lincolnshire Integrated Care Board,MIDLANDS,Midlands Commissioning Region
2026-04/System-Mapping.xls,2025-26,2026-03,2025-04-01,2026-04-16,2026-04-16,RY7,Wirral Community Health And Care NHS Foundation Trust,QYG,NHS Cheshire And Merseyside Integrated Care Board,NORTH WEST,North West Commissioning Region
2026-04/System-Mapping.xls,2025-26,2026-03,2025-04-01,2026-04-16,2026-04-16,RY8,Derbyshire Community Health Services NHS Foundation Trust,QJ2,NHS Derby And Derbyshire Integrated Care Board,MIDLANDS,Midlands Commissioning Region
2026-04/System-Mapping.xls,2025-26,2026-03,2025-04-01,2026-04-16,2026-04-16,RY9,Hounslow And Richmond Community Healthcare NHS Trust,QWE,NHS South West London Integrated Care Board,LONDON,London Commissioning Region
2026-04/System-Mapping.xls,2025-26,2026-03,2025-04-01,2026-04-16,2026-04-16,RYF,South Western Ambulance Service NHS Foundation Trust,QJK,NHS Devon Integrated Care Board,SOUTH WEST,South West Commissioning Region
2026-04/System-Mapping.xls,2025-26,2026-03,2025-04-01,2026-04-16,2026-04-16,RYG,Coventry and Warwickshire Partnership NHS Trust,QWU,NHS Coventry And Warwickshire Integrated Care Board,MIDLANDS,Midlands Commissioning Region
2026-04/System-Mapping.xls,2025-26,2026-03,2025-04-01,2026-04-16,2026-04-16,RYJ,Imperial College Healthcare NHS Trust,QRV,NHS North West London Integrated Care Board,LONDON,London Commissioning Region
2026-04/System-Mapping.xls,2025-26,2026-03,2025-04-01,2026-04-16,2026-04-16,RYR,University Hospitals Sussex NHS Foundation Trust,QNX,NHS Sussex Integrated Care Board,SOUTH EAST,South East Commissioning Region
2026-04/System-Mapping.xls,2025-26,2026-03,2025-04-01,2026-04-16,2026-04-16,RYX,Central London Community Healthcare NHS Trust,QRV,NHS North West London Integrated Care Board,LONDON,London Commissioning Region
2026-04/System-Mapping.xls,2025-26,2026-03,2025-04-01,2026-04-16,2026-04-16,RYY,Kent Community Health NHS Foundation Trust,QKS,NHS Kent And Medway Integrated Care Board,SOUTH EAST,South East Commissioning Region
2026-04/System-Mapping.xls,2025-26,2026-03,2025-04-01,2026-04-16,2026-04-16,Y02428,Putnoe Medical Centre Walk In Centre,QHG,"NHS Bedfordshire, Luton And Milton Keynes Integrated Care Board",EAST OF ENGLAND,East of England Commissioning Region
2026-04/System-Mapping.xls,2025-26,2026-03,2025-04-01,2026-04-16,2026-04-16,Y02532,Miriam Minor Emergency,QYG,NHS Cheshire And Merseyside Integrated Care Board,NORTH WEST,North West Commissioning Region
2026-04/System-Mapping.xls,2025-26,2026-03,2025-04-01,2026-04-16,2026-04-16,Y02615,South Birmingham GP Walk In Centre,QHL,NHS Birmingham And Solihull Integrated Care Board,MIDLANDS,Midlands Commissioning Region
2026-04/System-Mapping.xls,2025-26,2026-03,2025-04-01,2026-04-16,2026-04-16,Y02676,Brighton Station Health Centre,QNX,NHS Sussex Integrated Care Board,SOUTH EAST,South East Commissioning Region
2026-04/System-Mapping.xls,2025-26,2026-03,2025-04-01,2026-04-16,2026-04-16,Y03007,Erdington GP Health & Wellbeing Wic,QHL,NHS Birmingham And Solihull Integrated Care Board,MIDLANDS,Midlands Commissioning Region
2026-04/System-Mapping.xls,2025-26,2026-03,2025-04-01,2026-04-16,2026-04-16,Y03218,The Pinn Unregistered Wic,QRV,NHS North West London Integrated Care Board,LONDON,London Commissioning Region
2026-04/System-Mapping.xls,2025-26,2026-03,2025-04-01,2026-04-16,2026-04-16,Y03571,Corby Urgent Care Centre,QPM,NHS Northamptonshire Integrated Care Board,MIDLANDS,Midlands Commissioning Region
2026-04/System-Mapping.xls,2025-26,2026-03,2025-04-01,2026-04-16,2026-04-16,Y04538,Bracknell Urgent Care Centre Wic,QNQ,NHS Frimley Integrated Care Board,SOUTH EAST,South East Commissioning Region
2026-05/System-Mapping-Apr-26.xls,2026-27,2026-04,2026-04-01,2026-05-14,2026-05-14,A5D4Q,NEMS UTC,QT1,NHS Nottingham And Nottinghamshire Integrated Care Board,MIDLANDS,Midlands Commissioning Region
2026-05/System-Mapping-Apr-26.xls,2026-27,2026-04,2026-04-01,2026-05-14,2026-05-14,AAH,Tetbury Hospital Trust Ltd,QR1,NHS Gloucestershire Integrated Care Board,SOUTH WEST,South West Commissioning Region
2026-05/System-Mapping-Apr-26.xls,2026-27,2026-04,2026-04-01,2026-05-14,2026-05-14,ACH01,Whitstable Medical Practice,QKS,NHS Kent And Medway Integrated Care Board,SOUTH EAST,South East Commissioning Region
2026-05/System-Mapping-Apr-26.xls,2026-27,2026-04,2026-04-01,2026-05-14,2026-05-14,AD913,Beckenham Beacon Ucc,QKK,NHS South East London Integrated Care Board,LONDON,London Commissioning Region
2026-05/System-Mapping-Apr-26.xls,2026-27,2026-04,2026-04-01,2026-05-14,2026-05-14,AJN,Workington Health Limited,QHM,NHS North East And North Cumbria Integrated Care Board,NORTH EAST AND YORKSHIRE,North East and Yorkshire Commissioning Region
2026-05/System-Mapping-Apr-26.xls,2026-27,2026-04,2026-04-01,2026-05-14,2026-05-14,AQM01,Faversham Medical Practice MIU,QKS,NHS Kent And Medway Integrated Care Board,SOUTH EAST,South East Commissioning Region
2026-05/System-Mapping-Apr-26.xls,2026-27,2026-04,2026-04-01,2026-05-14,2026-05-14,AQN04,Phl Lymington Utc,QRL,NHS Hampshire And Isle Of Wight Integrated Care Board,SOUTH EAST,South East Commissioning Region
2026-05/System-Mapping-Apr-26.xls,2026-27,2026-04,2026-04-01,2026-05-14,2026-05-14,ARN03,Local Care Direct,QWO,NHS West Yorkshire Integrated Care Board,NORTH EAST AND YORKSHIRE,North East and Yorkshire Commissioning Region
2026-05/System-Mapping-Apr-26.xls,2026-27,2026-04,2026-04-01,2026-05-14,2026-05-14,C82009,Market Harborough Med.Ctr,QK1,"NHS Leicester, Leicestershire And Rutland Integrated Care Board",MIDLANDS,Midlands Commissioning Region
2026-05/System-Mapping-Apr-26.xls,2026-27,2026-04,2026-04-01,2026-05-14,2026-05-14,C82038,Latham House Medical Practice,QK1,"NHS Leicester, Leicestershire And Rutland Integrated Care Board",MIDLANDS,Midlands Commissioning Region
2026-05/System-Mapping-Apr-26.xls,2026-27,2026-04,2026-04-01,2026-05-14,2026-05-14,C83023,Sleaford Medical Group,QJM,NHS Lincolnshire Integrated Care Board,MIDLANDS,Midlands Commissioning Region
2026-05/System-Mapping-Apr-26.xls,2026-27,2026-04,2026-04-01,2026-05-14,2026-05-14,DD401,Exmouth Minor Injury Unit,QJK,NHS Devon Integrated Care Board,SOUTH WEST,South West Commissioning Region
2026-05/System-Mapping-Apr-26.xls,2026-27,2026-04,2026-04-01,2026-05-14,2026-05-14,DJV01,Herne Bay Health Care LTD,QKS,NHS Kent And Medway Integrated Care Board,SOUTH EAST,South East Commissioning Region
2026-05/System-Mapping-Apr-26.xls,2026-27,2026-04,2026-04-01,2026-05-14,2026-05-14,DT301,Herts Urgent Care (Ascots Lane),S1Y5D,NHS Central East Integrated Care Board,EAST OF ENGLAND,East of England Commissioning Region
2026-05/System-Mapping-Apr-26.xls,2026-27,2026-04,2026-04-01,2026-05-14,2026-05-14,G0Q0L,Barking Hospital UTC,QMF,NHS North East London Integrated Care Board,LONDON,London Commissioning Region
2026-05/System-Mapping-Apr-26.xls,2026-27,2026-04,2026-04-01,2026-05-14,2026-05-14,G3P9C,Trowbridge Minor Injuries Unit,QOX,"NHS Bath And North East Somerset, Swindon And Wiltshire Integrated Care Board",SOUTH WEST,South West Commissioning Region
2026-05/System-Mapping-Apr-26.xls,2026-27,2026-04,2026-04-01,2026-05-14,2026-05-14,K6K0R,Harold Wood Polyclinic UTC,QMF,NHS North East London Integrated Care Board,LONDON,London Commissioning Region
2026-05/System-Mapping-Apr-26.xls,2026-27,2026-04,2026-04-01,2026-05-14,2026-05-14,L83087,Okehampton Medical Centre,QJK,NHS Devon Integrated Care Board,SOUTH WEST,South West Commissioning Region
2026-05/System-Mapping-Apr-26.xls,2026-27,2026-04,2026-04-01,2026-05-14,2026-05-14,NDA57,Haslemere Minor Injuries Unit,S9B9J,NHS Surrey and Sussex Integrated Care Board,SOUTH EAST,South East Commissioning Region
2026-05/System-Mapping-Apr-26.xls,2026-27,2026-04,2026-04-01,2026-05-14,2026-05-14,NDJ,First Community Health And Care Cic,S9B9J,NHS Surrey and Sussex Integrated Care Board,SOUTH EAST,South East Commissioning Region
2026-05/System-Mapping-Apr-26.xls,2026-27,2026-04,2026-04-01,2026-05-14,2026-05-14,NLX,Sirona Care & Health,QUY,"NHS Bristol, North Somerset And South Gloucestershire Integrated Care Board",SOUTH WEST,South West Commissioning Region
2026-05/System-Mapping-Apr-26.xls,2026-27,2026-04,2026-04-01,2026-05-14,2026-05-14,NNF09,Bransholme Health Centre,QOQ,NHS Humber And North Yorkshire Integrated Care Board,NORTH EAST AND YORKSHIRE,North East and Yorkshire Commissioning Region
2026-05/System-Mapping-Apr-26.xls,2026-27,2026-04,2026-04-01,2026-05-14,2026-05-14,NNF16,Bridlington Hospital,QOQ,NHS Humber And North Yorkshire Integrated Care Board,NORTH EAST AND YORKSHIRE,North East and Yorkshire Commissioning Region
2026-05/System-Mapping-Apr-26.xls,2026-27,2026-04,2026-04-01,2026-05-14,2026-05-14,NNF76,The Wilberforce Health Centre,QOQ,NHS Humber And North Yorkshire Integrated Care Board,NORTH EAST AND YORKSHIRE,North East and Yorkshire Commissioning Region
2026-05/System-Mapping-Apr-26.xls,2026-27,2026-04,2026-04-01,2026-05-14,2026-05-14,NNF94,East Riding Community Hospital,QOQ,NHS Humber And North Yorkshire Integrated Care Board,NORTH EAST AND YORKSHIRE,North East and Yorkshire Commissioning Region
2026-05/System-Mapping-Apr-26.xls,2026-27,2026-04,2026-04-01,2026-05-14,2026-05-14,NNFA7,Goole & District Hospital,QOQ,NHS Humber And North Yorkshire Integrated Care Board,NORTH EAST AND YORKSHIRE,North East and Yorkshire Commissioning Region
2026-05/System-Mapping-Apr-26.xls,2026-27,2026-04,2026-04-01,2026-05-14,2026-05-14,NNJ,Dhu Health Care C.I.C,QJ2,NHS Derby And Derbyshire Integrated Care Board,MIDLANDS,Midlands Commissioning Region
2026-05/System-Mapping-Apr-26.xls,2026-27,2026-04,2026-04-01,2026-05-14,2026-05-14,NNJ07,Loughborough Urgent Care Centre,QK1,"NHS Leicester, Leicestershire And Rutland Integrated Care Board",MIDLANDS,Midlands Commissioning Region
2026-05/System-Mapping-Apr-26.xls,2026-27,2026-04,2026-04-01,2026-05-14,2026-05-14,NNJ0H,Llr Ea - The Merlyn Vaz Health & Social Care Centre,QK1,"NHS Leicester, Leicestershire And Rutland Integrated Care Board",MIDLANDS,Midlands Commissioning Region
2026-05/System-Mapping-Apr-26.xls,2026-27,2026-04,2026-04-01,2026-05-14,2026-05-14,NNJ12,Market Harborough,QK1,"NHS Leicester, Leicestershire And Rutland Integrated Care Board",MIDLANDS,Midlands Commissioning Region
2026-05/System-Mapping-Apr-26.xls,2026-27,2026-04,2026-04-01,2026-05-14,2026-05-14,NNJ13,Melton Mowbray,QK1,"NHS Leicester, Leicestershire And Rutland Integrated Care Board",MIDLANDS,Midlands Commissioning Region
2026-05/System-Mapping-Apr-26.xls,2026-27,2026-04,2026-04-01,2026-05-14,2026-05-14,NNJ14,Oadby,QK1,"NHS Leicester, Leicestershire And Rutland Integrated Care Board",MIDLANDS,Midlands Commissioning Region
2026-05/System-Mapping-Apr-26.xls,2026-27,2026-04,2026-04-01,2026-05-14,2026-05-14,NNJ15,Oakham,QK1,"NHS Leicester, Leicestershire And Rutland Integrated Care Board",MIDLANDS,Midlands Commissioning Region
2026-05/System-Mapping-Apr-26.xls,2026-27,2026-04,2026-04-01,2026-05-14,2026-05-14,NQT1I,Chippenham Community Hospital,QOX,"NHS Bath And North East Somerset, Swindon And Wiltshire Integrated Care Board",SOUTH WEST,South West Commissioning Region
2026-05/System-Mapping-Apr-26.xls,2026-27,2026-04,2026-04-01,2026-05-14,2026-05-14,NQT5F,Skelmersdale Walk In Centre,QE1,NHS Lancashire And South Cumbria Integrated Care Board,NORTH WEST,North West Commissioning Region
2026-05/System-Mapping-Apr-26.xls,2026-27,2026-04,2026-04-01,2026-05-14,2026-05-14,NQT5H,Paulton Memorial Hospital,QOX,"NHS Bath And North East Somerset, Swindon And Wiltshire Integrated Care Board",SOUTH WEST,South West Commissioning Region
2026-05/System-Mapping-Apr-26.xls,2026-27,2026-04,2026-04-01,2026-05-14,2026-05-14,NR3,Nottingham Citycare Partnership,QT1,NHS Nottingham And Nottinghamshire Integrated Care Board,MIDLANDS,Midlands Commissioning Region
2026-05/System-Mapping-Apr-26.xls,2026-27,2026-04,2026-04-01,2026-05-14,2026-05-14,NTP11,Practice Plus Group Hospital - Southampton,QRL,NHS Hampshire And Isle Of Wight Integrated Care Board,SOUTH EAST,South East Commissioning Region
2026-05/System-Mapping-Apr-26.xls,2026-27,2026-04,2026-04-01,2026-05-14,2026-05-14,NTPAD,Practice Plus Group Surgical Centre - St Marys Portsmouth,QRL,NHS Hampshire And Isle Of Wight Integrated Care Board,SOUTH EAST,South East Commissioning Region
2026-05/System-Mapping-Apr-26.xls,2026-27,2026-04,2026-04-01,2026-05-14,2026-05-14,NTV0B,Ashford Walk-In-Centre,S9B9J,NHS Surrey and Sussex Integrated Care Board,SOUTH EAST,South East Commissioning Region
2026-05/System-Mapping-Apr-26.xls,2026-27,2026-04,2026-04-01,2026-05-14,2026-05-14,NTV0W,Woking Walk In Centre,S9B9J,NHS Surrey and Sussex Integrated Care Board,SOUTH EAST,South East Commissioning Region
2026-05/System-Mapping-Apr-26.xls,2026-27,2026-04,2026-04-01,2026-05-14,2026-05-14,NV693,Rossendale Miu & Ooh,QE1,NHS Lancashire And South Cumbria Integrated Care Board,NORTH WEST,North West Commissioning Region
2026-05/System-Mapping-Apr-26.xls,2026-27,2026-04,2026-04-01,2026-05-14,2026-05-14,NVE43,Hastings GP Led Health Centre,S9B9J,NHS Surrey and Sussex Integrated Care Board,SOUTH EAST,South East Commissioning Region
2026-05/System-Mapping-Apr-26.xls,2026-27,2026-04,2026-04-01,2026-05-14,2026-05-14,R0A,Manchester University NHS Foundation Trust,QOP,NHS Greater Manchester Integrated Care Board,NORTH WEST,North West Commissioning Region
2026-05/System-Mapping-Apr-26.xls,2026-27,2026-04,2026-04-01,2026-05-14,2026-05-14,R0B,South Tyneside And Sunderland NHS Foundation Trust,QHM,NHS North East And North Cumbria Integrated Care Board,NORTH EAST AND YORKSHIRE,North East and Yorkshire Commissioning Region
2026-05/System-Mapping-Apr-26.xls,2026-27,2026-04,2026-04-01,2026-05-14,2026-05-14,R0D,University Hospitals Dorset NHS Foundation Trust,QVV,NHS Dorset Integrated Care Board,SOUTH WEST,South West Commissioning Region
2026-05/System-Mapping-Apr-26.xls,2026-27,2026-04,2026-04-01,2026-05-14,2026-05-14,R1D,Shropshire Community Health NHS Trust,QOC,"NHS Shropshire, Telford And Wrekin Integrated Care Board",MIDLANDS,Midlands Commissioning Region
2026-05/System-Mapping-Apr-26.xls,2026-27,2026-04,2026-04-01,2026-05-14,2026-05-14,R1F,Isle Of Wight NHS Trust,QRL,NHS Hampshire And Isle Of Wight Integrated Care Board,SOUTH EAST,South East Commissioning Region
2026-05/System-Mapping-Apr-26.xls,2026-27,2026-04,2026-04-01,2026-05-14,2026-05-14,R1H,Barts Health NHS Trust,QMF,NHS North East London Integrated Care Board,LONDON,London Commissioning Region
2026-05/System-Mapping-Apr-26.xls,2026-27,2026-04,2026-04-01,2026-05-14,2026-05-14,R1K,London North West University Healthcare NHS Trust,Z9B2Z,NHS West and North London Integrated Care Board,LONDON,London Commissioning Region
2026-05/System-Mapping-Apr-26.xls,2026-27,2026-04,2026-04-01,2026-05-14,2026-05-14,RA2,Royal Surrey County Hospital NHS Foundation Trust,S9B9J,NHS Surrey and Sussex Integrated Care Board,SOUTH EAST,South East Commissioning Region
2026-05/System-Mapping-Apr-26.xls,2026-27,2026-04,2026-04-01,2026-05-14,2026-05-14,RA7,University Hospitals Bristol And Weston NHS Foundation Trust,QUY,"NHS Bristol, North Somerset And South Gloucestershire Integrated Care Board",SOUTH WEST,South West Commissioning Region
2026-05/System-Mapping-Apr-26.xls,2026-27,2026-04,2026-04-01,2026-05-14,2026-05-14,RA9,Torbay And South Devon NHS Foundation Trust,QJK,NHS Devon Integrated Care Board,SOUTH WEST,South West Commissioning Region
2026-05/System-Mapping-Apr-26.xls,2026-27,2026-04,2026-04-01,2026-05-14,2026-05-14,RAE,Bradford Teaching Hospitals NHS Foundation Trust,QWO,NHS West Yorkshire Integrated Care Board,NORTH EAST AND YORKSHIRE,North East and Yorkshire Commissioning Region
2026-05/System-Mapping-Apr-26.xls,2026-27,2026-04,2026-04-01,2026-05-14,2026-05-14,RAJ,Mid And South Essex NHS Foundation Trust,D7T5G,NHS Essex Integrated Care Board,EAST OF ENGLAND,East of England Commissioning Region
2026-05/System-Mapping-Apr-26.xls,2026-27,2026-04,2026-04-01,2026-05-14,2026-05-14,RAL,Royal Free London NHS Foundation Trust,Z9B2Z,NHS West and North London Integrated Care Board,LONDON,London Commissioning Region
2026-05/System-Mapping-Apr-26.xls,2026-27,2026-04,2026-04-01,2026-05-14,2026-05-14,RAN,Royal National Orthopaedic Hospital NHS Trust,Z9B2Z,NHS West and North London Integrated Care Board,LONDON,London Commissioning Region
2026-05/System-Mapping-Apr-26.xls,2026-27,2026-04,2026-04-01,2026-05-14,2026-05-14,RAS,The Hillingdon Hospitals NHS Foundation Trust,Z9B2Z,NHS West and North London Integrated Care Board,LONDON,London Commissioning Region
2026-05/System-Mapping-Apr-26.xls,2026-27,2026-04,2026-04-01,2026-05-14,2026-05-14,RAT,North East London NHS Foundation Trust,QMF,NHS North East London Integrated Care Board,LONDON,London Commissioning Region
2026-05/System-Mapping-Apr-26.xls,2026-27,2026-04,2026-04-01,2026-05-14,2026-05-14,RAX,Kingston and Richmond NHS Foundation Trust,QWE,NHS South West London Integrated Care Board,LONDON,London Commissioning Region
2026-05/System-Mapping-Apr-26.xls,2026-27,2026-04,2026-04-01,2026-05-14,2026-05-14,RBD,Dorset County Hospital NHS Foundation Trust,QVV,NHS Dorset Integrated Care Board,SOUTH WEST,South West Commissioning Region
2026-05/System-Mapping-Apr-26.xls,2026-27,2026-04,2026-04-01,2026-05-14,2026-05-14,RBK,Walsall Healthcare NHS Trust,QUA,NHS Black Country Integrated Care Board,MIDLANDS,Midlands Commissioning Region
2026-05/System-Mapping-Apr-26.xls,2026-27,2026-04,2026-04-01,2026-05-14,2026-05-14,RBL,Wirral University Teaching Hospital NHS Foundation Trust,QYG,NHS Cheshire And Merseyside Integrated Care Board,NORTH WEST,North West Commissioning Region
2026-05/System-Mapping-Apr-26.xls,2026-27,2026-04,2026-04-01,2026-05-14,2026-05-14,RBN,Mersey And West Lancashire Teaching Hospitals NHS Trust,QYG,NHS Cheshire And Merseyside Integrated Care Board,NORTH WEST,North West Commissioning Region
2026-05/System-Mapping-Apr-26.xls,2026-27,2026-04,2026-04-01,2026-05-14,2026-05-14,RBQ,Liverpool Heart And Chest Hospital NHS Foundation Trust,QYG,NHS Cheshire And Merseyside Integrated Care Board,NORTH WEST,North West Commissioning Region
2026-05/System-Mapping-Apr-26.xls,2026-27,2026-04,2026-04-01,2026-05-14,2026-05-14,RBS,Alder Hey Children's NHS Foundation Trust,QYG,NHS Cheshire And Merseyside Integrated Care Board,NORTH WEST,North West Commissioning Region
2026-05/System-Mapping-Apr-26.xls,2026-27,2026-04,2026-04-01,2026-05-14,2026-05-14,RBT,Mid Cheshire Hospitals NHS Foundation Trust,QYG,NHS Cheshire And Merseyside Integrated Care Board,NORTH WEST,North West Commissioning Region
2026-05/System-Mapping-Apr-26.xls,2026-27,2026-04,2026-04-01,2026-05-14,2026-05-14,RBV,The Christie NHS Foundation Trust,QOP,NHS Greater Manchester Integrated Care Board,NORTH WEST,North West Commissioning Region
2026-05/System-Mapping-Apr-26.xls,2026-27,2026-04,2026-04-01,2026-05-14,2026-05-14,RC9,Bedfordshire Hospitals NHS Foundation Trust,S1Y5D,NHS Central East Integrated Care Board,EAST OF ENGLAND,East of England Commissioning Region
2026-05/System-Mapping-Apr-26.xls,2026-27,2026-04,2026-04-01,2026-05-14,2026-05-14,RCB,York And Scarborough Teaching Hospitals NHS Foundation Trust,QOQ,NHS Humber And North Yorkshire Integrated Care Board,NORTH EAST AND YORKSHIRE,North East and Yorkshire Commissioning Region
2026-05/System-Mapping-Apr-26.xls,2026-27,2026-04,2026-04-01,2026-05-14,2026-05-14,RCD,Harrogate And District NHS Foundation Trust,QOQ,NHS Humber And North Yorkshire Integrated Care Board,NORTH EAST AND YORKSHIRE,North East and Yorkshire Commissioning Region
2026-05/System-Mapping-Apr-26.xls,2026-27,2026-04,2026-04-01,2026-05-14,2026-05-14,RCF,Airedale NHS Foundation Trust,QWO,NHS West Yorkshire Integrated Care Board,NORTH EAST AND YORKSHIRE,North East and Yorkshire Commissioning Region
2026-05/System-Mapping-Apr-26.xls,2026-27,2026-04,2026-04-01,2026-05-14,2026-05-14,RCU,Sheffield Children's NHS Foundation Trust,QF7,NHS South Yorkshire Integrated Care Board,NORTH EAST AND YORKSHIRE,North East and Yorkshire Commissioning Region
2026-05/System-Mapping-Apr-26.xls,2026-27,2026-04,2026-04-01,2026-05-14,2026-05-14,RCX,"The Queen Elizabeth Hospital, King's Lynn, NHS Foundation Trust",T6Y0W,NHS Norfolk and Suffolk Integrated Care Board,EAST OF ENGLAND,East of England Commissioning Region
2026-05/System-Mapping-Apr-26.xls,2026-27,2026-04,2026-04-01,2026-05-14,2026-05-14,RD1,Royal United Hospitals Bath NHS Foundation Trust,QOX,"NHS Bath And North East Somerset, Swindon And Wiltshire Integrated Care Board",SOUTH WEST,South West Commissioning Region
2026-05/System-Mapping-Apr-26.xls,2026-27,2026-04,2026-04-01,2026-05-14,2026-05-14,RD8,Milton Keynes University Hospital NHS Foundation Trust,S1Y5D,NHS Central East Integrated Care Board,EAST OF ENGLAND,East of England Commissioning Region
2026-05/System-Mapping-Apr-26.xls,2026-27,2026-04,2026-04-01,2026-05-14,2026-05-14,RDE,East Suffolk And North Essex NHS Foundation Trust,T6Y0W,NHS Norfolk and Suffolk Integrated Care Board,EAST OF ENGLAND,East of England Commissioning Region
2026-05/System-Mapping-Apr-26.xls,2026-27,2026-04,2026-04-01,2026-05-14,2026-05-14,RDR,Sussex Community NHS Foundation Trust,S9B9J,NHS Surrey and Sussex Integrated Care Board,SOUTH EAST,South East Commissioning Region
2026-05/System-Mapping-Apr-26.xls,2026-27,2026-04,2026-04-01,2026-05-14,2026-05-14,RDU,Frimley Health NHS Foundation Trust,S0E4D,NHS Thames Valley Integrated Care Board,SOUTH EAST,South East Commissioning Region
2026-05/System-Mapping-Apr-26.xls,2026-27,2026-04,2026-04-01,2026-05-14,2026-05-14,RDY,Dorset Healthcare University NHS Foundation Trust,QVV,NHS Dorset Integrated Care Board,SOUTH WEST,South West Commissioning Region
2026-05/System-Mapping-Apr-26.xls,2026-27,2026-04,2026-04-01,2026-05-14,2026-05-14,REF,Royal Cornwall Hospitals NHS Trust,QT6,NHS Cornwall And The Isles Of Scilly Integrated Care Board,SOUTH WEST,South West Commissioning Region
2026-05/System-Mapping-Apr-26.xls,2026-27,2026-04,2026-04-01,2026-05-14,2026-05-14,REM,Liverpool University Hospitals NHS Foundation Trust,QYG,NHS Cheshire And Merseyside Integrated Care Board,NORTH WEST,North West Commissioning Region
2026-05/System-Mapping-Apr-26.xls,2026-27,2026-04,2026-04-01,2026-05-14,2026-05-14,REP,Liverpool Women's NHS Foundation Trust,QYG,NHS Cheshire And Merseyside Integrated Care Board,NORTH WEST,North West Commissioning Region
2026-05/System-Mapping-Apr-26.xls,2026-27,2026-04,2026-04-01,2026-05-14,2026-05-14,RET,The Walton Centre NHS Foundation Trust,QYG,NHS Cheshire And Merseyside Integrated Care Board,NORTH WEST,North West Commissioning Region
2026-05/System-Mapping-Apr-26.xls,2026-27,2026-04,2026-04-01,2026-05-14,2026-05-14,RF4,"Barking, Havering And Redbridge University Hospitals NHS Trust",QMF,NHS North East London Integrated Care Board,LONDON,London Commissioning Region
2026-05/System-Mapping-Apr-26.xls,2026-27,2026-04,2026-04-01,2026-05-14,2026-05-14,RFF,Barnsley Hospital NHS Foundation Trust,QF7,NHS South Yorkshire Integrated Care Board,NORTH EAST AND YORKSHIRE,North East and Yorkshire Commissioning Region
2026-05/System-Mapping-Apr-26.xls,2026-27,2026-04,2026-04-01,2026-05-14,2026-05-14,RFR,The Rotherham NHS Foundation Trust,QF7,NHS South Yorkshire Integrated Care Board,NORTH EAST AND YORKSHIRE,North East and Yorkshire Commissioning Region
2026-05/System-Mapping-Apr-26.xls,2026-27,2026-04,2026-04-01,2026-05-14,2026-05-14,RFS,Chesterfield Royal Hospital NHS Foundation Trust,QJ2,NHS Derby And Derbyshire Integrated Care Board,MIDLANDS,Midlands Commissioning Region
2026-05/System-Mapping-Apr-26.xls,2026-27,2026-04,2026-04-01,2026-05-14,2026-05-14,RGN,North West Anglia NHS Foundation Trust,S1Y5D,NHS Central East Integrated Care Board,EAST OF ENGLAND,East of England Commissioning Region
2026-05/System-Mapping-Apr-26.xls,2026-27,2026-04,2026-04-01,2026-05-14,2026-05-14,RGP,James Paget University Hospitals NHS Foundation Trust,T6Y0W,NHS Norfolk and Suffolk Integrated Care Board,EAST OF ENGLAND,East of England Commissioning Region
2026-05/System-Mapping-Apr-26.xls,2026-27,2026-04,2026-04-01,2026-05-14,2026-05-14,RGR,West Suffolk NHS Foundation Trust,T6Y0W,NHS Norfolk and Suffolk Integrated Care Board,EAST OF ENGLAND,East of England Commissioning Region
2026-05/System-Mapping-Apr-26.xls,2026-27,2026-04,2026-04-01,2026-05-14,2026-05-14,RGT,Cambridge University Hospitals NHS Foundation Trust,S1Y5D,NHS Central East Integrated Care Board,EAST OF ENGLAND,East of England Commissioning Region
2026-05/System-Mapping-Apr-26.xls,2026-27,2026-04,2026-04-01,2026-05-14,2026-05-14,RH5,Somerset NHS Foundation Trust,QSL,NHS Somerset Integrated Care Board,SOUTH WEST,South West Commissioning Region
2026-05/System-Mapping-Apr-26.xls,2026-27,2026-04,2026-04-01,2026-05-14,2026-05-14,RH8,Royal Devon University Healthcare NHS Foundation Trust,QJK,NHS Devon Integrated Care Board,SOUTH WEST,South West Commissioning Region
2026-05/System-Mapping-Apr-26.xls,2026-27,2026-04,2026-04-01,2026-05-14,2026-05-14,RHM,University Hospital Southampton NHS Foundation Trust,QRL,NHS Hampshire And Isle Of Wight Integrated Care Board,SOUTH EAST,South East Commissioning Region
2026-05/System-Mapping-Apr-26.xls,2026-27,2026-04,2026-04-01,2026-05-14,2026-05-14,RHQ,Sheffield Teaching Hospitals NHS Foundation Trust,QF7,NHS South Yorkshire Integrated Care Board,NORTH EAST AND YORKSHIRE,North East and Yorkshire Commissioning Region
2026-05/System-Mapping-Apr-26.xls,2026-27,2026-04,2026-04-01,2026-05-14,2026-05-14,RHU,Portsmouth Hospitals University National Health Service Trust,QRL,NHS Hampshire And Isle Of Wight Integrated Care Board,SOUTH EAST,South East Commissioning Region
2026-05/System-Mapping-Apr-26.xls,2026-27,2026-04,2026-04-01,2026-05-14,2026-05-14,RHW,Royal Berkshire NHS Foundation Trust,S0E4D,NHS Thames Valley Integrated Care Board,SOUTH EAST,South East Commissioning Region
2026-05/System-Mapping-Apr-26.xls,2026-27,2026-04,2026-04-01,2026-05-14,2026-05-14,RJ1,Guy's And St Thomas' NHS Foundation Trust,QKK,NHS South East London Integrated Care Board,LONDON,London Commissioning Region
2026-05/System-Mapping-Apr-26.xls,2026-27,2026-04,2026-04-01,2026-05-14,2026-05-14,RJ2,Lewisham And Greenwich NHS Trust,QKK,NHS South East London Integrated Care Board,LONDON,London Commissioning Region
2026-05/System-Mapping-Apr-26.xls,2026-27,2026-04,2026-04-01,2026-05-14,2026-05-14,RJ6,Croydon Health Services NHS Trust,QWE,NHS South West London Integrated Care Board,LONDON,London Commissioning Region
2026-05/System-Mapping-Apr-26.xls,2026-27,2026-04,2026-04-01,2026-05-14,2026-05-14,RJ7,St George's University Hospitals NHS Foundation Trust,QWE,NHS South West London Integrated Care Board,LONDON,London Commissioning Region
2026-05/System-Mapping-Apr-26.xls,2026-27,2026-04,2026-04-01,2026-05-14,2026-05-14,RJ8,Cornwall Partnership NHS Foundation Trust,QT6,NHS Cornwall And The Isles Of Scilly Integrated Care Board,SOUTH WEST,South West Commissioning Region
2026-05/System-Mapping-Apr-26.xls,2026-27,2026-04,2026-04-01,2026-05-14,2026-05-14,RJC,South Warwickshire University NHS Foundation Trust,QWU,NHS Coventry And Warwickshire Integrated Care Board,MIDLANDS,Midlands Commissioning Region
2026-05/System-Mapping-Apr-26.xls,2026-27,2026-04,2026-04-01,2026-05-14,2026-05-14,RJE,University Hospitals Of North Midlands NHS Trust,QNC,NHS Staffordshire And Stoke-On-Trent Integrated Care Board,MIDLANDS,Midlands Commissioning Region
2026-05/System-Mapping-Apr-26.xls,2026-27,2026-04,2026-04-01,2026-05-14,2026-05-14,RJL,Northern Lincolnshire And Goole NHS Foundation Trust,QOQ,NHS Humber And North Yorkshire Integrated Care Board,NORTH EAST AND YORKSHIRE,North East and Yorkshire Commissioning Region
2026-05/System-Mapping-Apr-26.xls,2026-27,2026-04,2026-04-01,2026-05-14,2026-05-14,RJN,East Cheshire NHS Trust,QYG,NHS Cheshire And Merseyside Integrated Care Board,NORTH WEST,North West Commissioning Region
2026-05/System-Mapping-Apr-26.xls,2026-27,2026-04,2026-04-01,2026-05-14,2026-05-14,RJR,Countess Of Chester Hospital NHS Foundation Trust,QYG,NHS Cheshire And Merseyside Integrated Care Board,NORTH WEST,North West Commissioning Region
2026-05/System-Mapping-Apr-26.xls,2026-27,2026-04,2026-04-01,2026-05-14,2026-05-14,RJZ,King's College Hospital NHS Foundation Trust,QKK,NHS South East London Integrated Care Board,LONDON,London Commissioning Region
2026-05/System-Mapping-Apr-26.xls,2026-27,2026-04,2026-04-01,2026-05-14,2026-05-14,RK5,Sherwood Forest Hospitals NHS Foundation Trust,QT1,NHS Nottingham And Nottinghamshire Integrated Care Board,MIDLANDS,Midlands Commissioning Region
2026-05/System-Mapping-Apr-26.xls,2026-27,2026-04,2026-04-01,2026-05-14,2026-05-14,RK9,University Hospitals Plymouth NHS Trust,QJK,NHS Devon Integrated Care Board,SOUTH WEST,South West Commissioning Region
2026-05/System-Mapping-Apr-26.xls,2026-27,2026-04,2026-04-01,2026-05-14,2026-05-14,RKB,University Hospitals Coventry And Warwickshire NHS Trust,QWU,NHS Coventry And Warwickshire Integrated Care Board,MIDLANDS,Midlands Commissioning Region
2026-05/System-Mapping-Apr-26.xls,2026-27,2026-04,2026-04-01,2026-05-14,2026-05-14,RKE,Whittington Health NHS Trust,Z9B2Z,NHS West and North London Integrated Care Board,LONDON,London Commissioning Region
2026-05/System-Mapping-Apr-26.xls,2026-27,2026-04,2026-04-01,2026-05-14,2026-05-14,RL1,The Robert Jones And Agnes Hunt Orthopaedic Hospital NHS Foundation Trust,QOC,"NHS Shropshire, Telford And Wrekin Integrated Care Board",MIDLANDS,Midlands Commissioning Region
2026-05/System-Mapping-Apr-26.xls,2026-27,2026-04,2026-04-01,2026-05-14,2026-05-14,RL4,The Royal Wolverhampton NHS Trust,QUA,NHS Black Country Integrated Care Board,MIDLANDS,Midlands Commissioning Region
2026-05/System-Mapping-Apr-26.xls,2026-27,2026-04,2026-04-01,2026-05-14,2026-05-14,RLQ,Wye Valley NHS Trust,QGH,NHS Herefordshire And Worcestershire Integrated Care Board,MIDLANDS,Midlands Commissioning Region
2026-05/System-Mapping-Apr-26.xls,2026-27,2026-04,2026-04-01,2026-05-14,2026-05-14,RLT,George Eliot Hospital NHS Trust,QWU,NHS Coventry And Warwickshire Integrated Care Board,MIDLANDS,Midlands Commissioning Region
2026-05/System-Mapping-Apr-26.xls,2026-27,2026-04,2026-04-01,2026-05-14,2026-05-14,RM1,Norfolk And Norwich University Hospitals NHS Foundation Trust,T6Y0W,NHS Norfolk and Suffolk Integrated Care Board,EAST OF ENGLAND,East of England Commissioning Region
2026-05/System-Mapping-Apr-26.xls,2026-27,2026-04,2026-04-01,2026-05-14,2026-05-14,RM3,Northern Care Alliance NHS Foundation Trust,QOP,NHS Greater Manchester Integrated Care Board,NORTH WEST,North West Commissioning Region
2026-05/System-Mapping-Apr-26.xls,2026-27,2026-04,2026-04-01,2026-05-14,2026-05-14,RMC,Bolton NHS Foundation Trust,QOP,NHS Greater Manchester Integrated Care Board,NORTH WEST,North West Commissioning Region
2026-05/System-Mapping-Apr-26.xls,2026-27,2026-04,2026-04-01,2026-05-14,2026-05-14,RMP,Tameside And Glossop Integrated Care NHS Foundation Trust,QOP,NHS Greater Manchester Integrated Care Board,NORTH WEST,North West Commissioning Region
2026-05/System-Mapping-Apr-26.xls,2026-27,2026-04,2026-04-01,2026-05-14,2026-05-14,RN3,Great Western Hospitals NHS Foundation Trust,QOX,"NHS Bath And North East Somerset, Swindon And Wiltshire Integrated Care Board",SOUTH WEST,South West Commissioning Region
2026-05/System-Mapping-Apr-26.xls,2026-27,2026-04,2026-04-01,2026-05-14,2026-05-14,RN5,Hampshire Hospitals NHS Foundation Trust,QRL,NHS Hampshire And Isle Of Wight Integrated Care Board,SOUTH EAST,South East Commissioning Region
2026-05/System-Mapping-Apr-26.xls,2026-27,2026-04,2026-04-01,2026-05-14,2026-05-14,RN7,Dartford And Gravesham NHS Trust,QKS,NHS Kent And Medway Integrated Care Board,SOUTH EAST,South East Commissioning Region
2026-05/System-Mapping-Apr-26.xls,2026-27,2026-04,2026-04-01,2026-05-14,2026-05-14,RNA,The Dudley Group NHS Foundation Trust,QUA,NHS Black Country Integrated Care Board,MIDLANDS,Midlands Commissioning Region
2026-05/System-Mapping-Apr-26.xls,2026-27,2026-04,2026-04-01,2026-05-14,2026-05-14,RNN,North Cumbria Integrated Care NHS Foundation Trust,QHM,NHS North East And North Cumbria Integrated Care Board,NORTH EAST AND YORKSHIRE,North East and Yorkshire Commissioning Region
2026-05/System-Mapping-Apr-26.xls,2026-27,2026-04,2026-04-01,2026-05-14,2026-05-14,RNQ,Kettering General Hospital NHS Foundation Trust,QPM,NHS Northamptonshire Integrated Care Board,MIDLANDS,Midlands Commissioning Region
2026-05/System-Mapping-Apr-26.xls,2026-27,2026-04,2026-04-01,2026-05-14,2026-05-14,RNS,Northampton General Hospital NHS Trust,QPM,NHS Northamptonshire Integrated Care Board,MIDLANDS,Midlands Commissioning Region
2026-05/System-Mapping-Apr-26.xls,2026-27,2026-04,2026-04-01,2026-05-14,2026-05-14,RNU,Oxford Health NHS Foundation Trust,S0E4D,NHS Thames Valley Integrated Care Board,SOUTH EAST,South East Commissioning Region
2026-05/System-Mapping-Apr-26.xls,2026-27,2026-04,2026-04-01,2026-05-14,2026-05-14,RNZ,Salisbury NHS Foundation Trust,QOX,"NHS Bath And North East Somerset, Swindon And Wiltshire Integrated Care Board",SOUTH WEST,South West Commissioning Region
2026-05/System-Mapping-Apr-26.xls,2026-27,2026-04,2026-04-01,2026-05-14,2026-05-14,RP5,Doncaster And Bassetlaw Teaching Hospitals NHS Foundation Trust,QF7,NHS South Yorkshire Integrated Care Board,NORTH EAST AND YORKSHIRE,North East and Yorkshire Commissioning Region
2026-05/System-Mapping-Apr-26.xls,2026-27,2026-04,2026-04-01,2026-05-14,2026-05-14,RP6,Moorfields Eye Hospital NHS Foundation Trust,Z9B2Z,NHS West and North London Integrated Care Board,LONDON,London Commissioning Region
2026-05/System-Mapping-Apr-26.xls,2026-27,2026-04,2026-04-01,2026-05-14,2026-05-14,RPA,Medway NHS Foundation Trust,QKS,NHS Kent And Medway Integrated Care Board,SOUTH EAST,South East Commissioning Region
2026-05/System-Mapping-Apr-26.xls,2026-27,2026-04,2026-04-01,2026-05-14,2026-05-14,RPC,Queen Victoria Hospital NHS Foundation Trust,S9B9J,NHS Surrey and Sussex Integrated Care Board,SOUTH EAST,South East Commissioning Region
2026-05/System-Mapping-Apr-26.xls,2026-27,2026-04,2026-04-01,2026-05-14,2026-05-14,RQ3,Birmingham Women's And Children's NHS Foundation Trust,QHL,NHS Birmingham And Solihull Integrated Care Board,MIDLANDS,Midlands Commissioning Region
2026-05/System-Mapping-Apr-26.xls,2026-27,2026-04,2026-04-01,2026-05-14,2026-05-14,RQM,Chelsea And Westminster Hospital NHS Foundation Trust,Z9B2Z,NHS West and North London Integrated Care Board,LONDON,London Commissioning Region
2026-05/System-Mapping-Apr-26.xls,2026-27,2026-04,2026-04-01,2026-05-14,2026-05-14,RQW,The Princess Alexandra Hospital NHS Trust,D7T5G,NHS Essex Integrated Care Board,EAST OF ENGLAND,East of England Commissioning Region
2026-05/System-Mapping-Apr-26.xls,2026-27,2026-04,2026-04-01,2026-05-14,2026-05-14,RQX,Homerton Healthcare NHS Foundation Trust,QMF,NHS North East London Integrated Care Board,LONDON,London Commissioning Region
2026-05/System-Mapping-Apr-26.xls,2026-27,2026-04,2026-04-01,2026-05-14,2026-05-14,RR7,Gateshead Health NHS Foundation Trust,QHM,NHS North East And North Cumbria Integrated Care Board,NORTH EAST AND YORKSHIRE,North East and Yorkshire Commissioning Region
2026-05/System-Mapping-Apr-26.xls,2026-27,2026-04,2026-04-01,2026-05-14,2026-05-14,RR8,Leeds Teaching Hospitals NHS Trust,QWO,NHS West Yorkshire Integrated Care Board,NORTH EAST AND YORKSHIRE,North East and Yorkshire Commissioning Region
2026-05/System-Mapping-Apr-26.xls,2026-27,2026-04,2026-04-01,2026-05-14,2026-05-14,RRF,"Wrightington, Wigan And Leigh NHS Foundation Trust",QOP,NHS Greater Manchester Integrated Care Board,NORTH WEST,North West Commissioning Region
2026-05/System-Mapping-Apr-26.xls,2026-27,2026-04,2026-04-01,2026-05-14,2026-05-14,RRK,University Hospitals Birmingham NHS Foundation Trust,QHL,NHS Birmingham And Solihull Integrated Care Board,MIDLANDS,Midlands Commissioning Region
2026-05/System-Mapping-Apr-26.xls,2026-27,2026-04,2026-04-01,2026-05-14,2026-05-14,RRV,University College London Hospitals NHS Foundation Trust,Z9B2Z,NHS West and North London Integrated Care Board,LONDON,London Commissioning Region
2026-05/System-Mapping-Apr-26.xls,2026-27,2026-04,2026-04-01,2026-05-14,2026-05-14,RTD,The Newcastle Upon Tyne Hospitals NHS Foundation Trust,QHM,NHS North East And North Cumbria Integrated Care Board,NORTH EAST AND YORKSHIRE,North East and Yorkshire Commissioning Region
2026-05/System-Mapping-Apr-26.xls,2026-27,2026-04,2026-04-01,2026-05-14,2026-05-14,RTE,Gloucestershire Hospitals NHS Foundation Trust,QR1,NHS Gloucestershire Integrated Care Board,SOUTH WEST,South West Commissioning Region
2026-05/System-Mapping-Apr-26.xls,2026-27,2026-04,2026-04-01,2026-05-14,2026-05-14,RTF,Northumbria Healthcare NHS Foundation Trust,QHM,NHS North East And North Cumbria Integrated Care Board,NORTH EAST AND YORKSHIRE,North East and Yorkshire Commissioning Region
2026-05/System-Mapping-Apr-26.xls,2026-27,2026-04,2026-04-01,2026-05-14,2026-05-14,RTG,University Hospitals Of Derby And Burton NHS Foundation Trust,QJ2,NHS Derby And Derbyshire Integrated Care Board,MIDLANDS,Midlands Commissioning Region
2026-05/System-Mapping-Apr-26.xls,2026-27,2026-04,2026-04-01,2026-05-14,2026-05-14,RTH,Oxford University Hospitals NHS Foundation Trust,S0E4D,NHS Thames Valley Integrated Care Board,SOUTH EAST,South East Commissioning Region
2026-05/System-Mapping-Apr-26.xls,2026-27,2026-04,2026-04-01,2026-05-14,2026-05-14,RTK,Ashford And St Peter's Hospitals NHS Foundation Trust,S9B9J,NHS Surrey and Sussex Integrated Care Board,SOUTH EAST,South East Commissioning Region
2026-05/System-Mapping-Apr-26.xls,2026-27,2026-04,2026-04-01,2026-05-14,2026-05-14,RTP,Surrey And Sussex Healthcare NHS Trust,S9B9J,NHS Surrey and Sussex Integrated Care Board,SOUTH EAST,South East Commissioning Region
2026-05/System-Mapping-Apr-26.xls,2026-27,2026-04,2026-04-01,2026-05-14,2026-05-14,RTQ,Gloucestershire Health And Care NHS Foundation Trust,QR1,NHS Gloucestershire Integrated Care Board,SOUTH WEST,South West Commissioning Region
2026-05/System-Mapping-Apr-26.xls,2026-27,2026-04,2026-04-01,2026-05-14,2026-05-14,RTR,South Tees Hospitals NHS Foundation Trust,QHM,NHS North East And North Cumbria Integrated Care Board,NORTH EAST AND YORKSHIRE,North East and Yorkshire Commissioning Region
2026-05/System-Mapping-Apr-26.xls,2026-27,2026-04,2026-04-01,2026-05-14,2026-05-14,RTX,University Hospitals Of Morecambe Bay NHS Foundation Trust,QE1,NHS Lancashire And South Cumbria Integrated Care Board,NORTH WEST,North West Commissioning Region
2026-05/System-Mapping-Apr-26.xls,2026-27,2026-04,2026-04-01,2026-05-14,2026-05-14,RV9,Humber Teaching NHS Foundation Trust,QOQ,NHS Humber And North Yorkshire Integrated Care Board,NORTH EAST AND YORKSHIRE,North East and Yorkshire Commissioning Region
2026-05/System-Mapping-Apr-26.xls,2026-27,2026-04,2026-04-01,2026-05-14,2026-05-14,RVJ,North Bristol NHS Trust,QUY,"NHS Bristol, North Somerset And South Gloucestershire Integrated Care Board",SOUTH WEST,South West Commissioning Region
2026-05/System-Mapping-Apr-26.xls,2026-27,2026-04,2026-04-01,2026-05-14,2026-05-14,RVR,Epsom And St Helier University Hospitals NHS Trust,QWE,NHS South West London Integrated Care Board,LONDON,London Commissioning Region
2026-05/System-Mapping-Apr-26.xls,2026-27,2026-04,2026-04-01,2026-05-14,2026-05-14,RVV,East Kent Hospitals University NHS Foundation Trust,QKS,NHS Kent And Medway Integrated Care Board,SOUTH EAST,South East Commissioning Region
2026-05/System-Mapping-Apr-26.xls,2026-27,2026-04,2026-04-01,2026-05-14,2026-05-14,RVW,North Tees And Hartlepool NHS Foundation Trust,QHM,NHS North East And North Cumbria Integrated Care Board,NORTH EAST AND YORKSHIRE,North East and Yorkshire Commissioning Region
2026-05/System-Mapping-Apr-26.xls,2026-27,2026-04,2026-04-01,2026-05-14,2026-05-14,RW1,Southern Health NHS Foundation Trust,QRL,NHS Hampshire And Isle Of Wight Integrated Care Board,SOUTH EAST,South East Commissioning Region
2026-05/System-Mapping-Apr-26.xls,2026-27,2026-04,2026-04-01,2026-05-14,2026-05-14,RW4,Mersey Care NHS Foundation Trust,QYG,NHS Cheshire And Merseyside Integrated Care Board,NORTH WEST,North West Commissioning Region
2026-05/System-Mapping-Apr-26.xls,2026-27,2026-04,2026-04-01,2026-05-14,2026-05-14,RWA,Hull University Teaching Hospitals NHS Trust,QOQ,NHS Humber And North Yorkshire Integrated Care Board,NORTH EAST AND YORKSHIRE,North East and Yorkshire Commissioning Region
2026-05/System-Mapping-Apr-26.xls,2026-27,2026-04,2026-04-01,2026-05-14,2026-05-14,RWD,United Lincolnshire Teaching Hospitals NHS Trust,QJM,NHS Lincolnshire Integrated Care Board,MIDLANDS,Midlands Commissioning Region
2026-05/System-Mapping-Apr-26.xls,2026-27,2026-04,2026-04-01,2026-05-14,2026-05-14,RWE,University Hospitals Of Leicester NHS Trust,QK1,"NHS Leicester, Leicestershire And Rutland Integrated Care Board",MIDLANDS,Midlands Commissioning Region
2026-05/System-Mapping-Apr-26.xls,2026-27,2026-04,2026-04-01,2026-05-14,2026-05-14,RWF,Maidstone And Tunbridge Wells NHS Trust,QKS,NHS Kent And Medway Integrated Care Board,SOUTH EAST,South East Commissioning Region
2026-05/System-Mapping-Apr-26.xls,2026-27,2026-04,2026-04-01,2026-05-14,2026-05-14,RWG,West Hertfordshire Teaching Hospitals NHS Trust,S1Y5D,NHS Central East Integrated Care Board,EAST OF ENGLAND,East of England Commissioning Region
2026-05/System-Mapping-Apr-26.xls,2026-27,2026-04,2026-04-01,2026-05-14,2026-05-14,RWH,East And North Hertfordshire NHS Trust,S1Y5D,NHS Central East Integrated Care Board,EAST OF ENGLAND,East of England Commissioning Region
2026-05/System-Mapping-Apr-26.xls,2026-27,2026-04,2026-04-01,2026-05-14,2026-05-14,RWJ,Stockport NHS Foundation Trust,QOP,NHS Greater Manchester Integrated Care Board,NORTH WEST,North West Commissioning Region
2026-05/System-Mapping-Apr-26.xls,2026-27,2026-04,2026-04-01,2026-05-14,2026-05-14,RWP,Worcestershire Acute Hospitals NHS Trust,QGH,NHS Herefordshire And Worcestershire Integrated Care Board,MIDLANDS,Midlands Commissioning Region
2026-05/System-Mapping-Apr-26.xls,2026-27,2026-04,2026-04-01,2026-05-14,2026-05-14,RWW,North Cheshire and Mersey NHS Foundation Trust,QYG,NHS Cheshire And Merseyside Integrated Care Board,NORTH WEST,North West Commissioning Region
2026-05/System-Mapping-Apr-26.xls,2026-27,2026-04,2026-04-01,2026-05-14,2026-05-14,RWX,Berkshire Healthcare NHS Foundation Trust,S0E4D,NHS Thames Valley Integrated Care Board,SOUTH EAST,South East Commissioning Region
2026-05/System-Mapping-Apr-26.xls,2026-27,2026-04,2026-04-01,2026-05-14,2026-05-14,RWY,Calderdale And Huddersfield NHS Foundation Trust,QWO,NHS West Yorkshire Integrated Care Board,NORTH EAST AND YORKSHIRE,North East and Yorkshire Commissioning Region
2026-05/System-Mapping-Apr-26.xls,2026-27,2026-04,2026-04-01,2026-05-14,2026-05-14,RX1,Nottingham University Hospitals NHS Trust,QT1,NHS Nottingham And Nottinghamshire Integrated Care Board,MIDLANDS,Midlands Commissioning Region
2026-05/System-Mapping-Apr-26.xls,2026-27,2026-04,2026-04-01,2026-05-14,2026-05-14,RXC,East Sussex Healthcare NHS Trust,S9B9J,NHS Surrey and Sussex Integrated Care Board,SOUTH EAST,South East Commissioning Region
2026-05/System-Mapping-Apr-26.xls,2026-27,2026-04,2026-04-01,2026-05-14,2026-05-14,RXF,Mid Yorkshire Hospitals NHS Trust,QWO,NHS West Yorkshire Integrated Care Board,NORTH EAST AND YORKSHIRE,North East and Yorkshire Commissioning Region
2026-05/System-Mapping-Apr-26.xls,2026-27,2026-04,2026-04-01,2026-05-14,2026-05-14,RXG,South West Yorkshire Partnership NHS Foundation Trust,QWO,NHS West Yorkshire Integrated Care Board,NORTH EAST AND YORKSHIRE,North East and Yorkshire Commissioning Region
2026-05/System-Mapping-Apr-26.xls,2026-27,2026-04,2026-04-01,2026-05-14,2026-05-14,RXK,Sandwell And West Birmingham Hospitals NHS Trust,QUA,NHS Black Country Integrated Care Board,MIDLANDS,Midlands Commissioning Region
2026-05/System-Mapping-Apr-26.xls,2026-27,2026-04,2026-04-01,2026-05-14,2026-05-14,RXL,Blackpool Teaching Hospitals NHS Foundation Trust,QE1,NHS Lancashire And South Cumbria Integrated Care Board,NORTH WEST,North West Commissioning Region
2026-05/System-Mapping-Apr-26.xls,2026-27,2026-04,2026-04-01,2026-05-14,2026-05-14,RXN,Lancashire Teaching Hospitals NHS Foundation Trust,QE1,NHS Lancashire And South Cumbria Integrated Care Board,NORTH WEST,North West Commissioning Region
2026-05/System-Mapping-Apr-26.xls,2026-27,2026-04,2026-04-01,2026-05-14,2026-05-14,RXP,County Durham And Darlington NHS Foundation Trust,QHM,NHS North East And North Cumbria Integrated Care Board,NORTH EAST AND YORKSHIRE,North East and Yorkshire Commissioning Region
2026-05/System-Mapping-Apr-26.xls,2026-27,2026-04,2026-04-01,2026-05-14,2026-05-14,RXQ,Buckinghamshire Healthcare NHS Trust,S0E4D,NHS Thames Valley Integrated Care Board,SOUTH EAST,South East Commissioning Region
2026-05/System-Mapping-Apr-26.xls,2026-27,2026-04,2026-04-01,2026-05-14,2026-05-14,RXR,East Lancashire Hospitals NHS Trust,QE1,NHS Lancashire And South Cumbria Integrated Care Board,NORTH WEST,North West Commissioning Region
2026-05/System-Mapping-Apr-26.xls,2026-27,2026-04,2026-04-01,2026-05-14,2026-05-14,RXW,The Shrewsbury And Telford Hospital NHS Trust,QOC,"NHS Shropshire, Telford And Wrekin Integrated Care Board",MIDLANDS,Midlands Commissioning Region
2026-05/System-Mapping-Apr-26.xls,2026-27,2026-04,2026-04-01,2026-05-14,2026-05-14,RY2,Bridgewater Community Healthcare NHS Foundation Trust,QYG,NHS Cheshire And Merseyside Integrated Care Board,NORTH WEST,North West Commissioning Region
2026-05/System-Mapping-Apr-26.xls,2026-27,2026-04,2026-04-01,2026-05-14,2026-05-14,RY4,Hertfordshire Community NHS Trust,S1Y5D,NHS Central East Integrated Care Board,EAST OF ENGLAND,East of England Commissioning Region
2026-05/System-Mapping-Apr-26.xls,2026-27,2026-04,2026-04-01,2026-05-14,2026-05-14,RY5,Lincolnshire Community Health Services NHS Trust,QJM,NHS Lincolnshire Integrated Care Board,MIDLANDS,Midlands Commissioning Region
2026-05/System-Mapping-Apr-26.xls,2026-27,2026-04,2026-04-01,2026-05-14,2026-05-14,RY7,Wirral Community Health And Care NHS Foundation Trust,QYG,NHS Cheshire And Merseyside Integrated Care Board,NORTH WEST,North West Commissioning Region
2026-05/System-Mapping-Apr-26.xls,2026-27,2026-04,2026-04-01,2026-05-14,2026-05-14,RY8,Derbyshire Community Health Services NHS Foundation Trust,QJ2,NHS Derby And Derbyshire Integrated Care Board,MIDLANDS,Midlands Commissioning Region
2026-05/System-Mapping-Apr-26.xls,2026-27,2026-04,2026-04-01,2026-05-14,2026-05-14,RY9,Hounslow And Richmond Community Healthcare NHS Trust,QWE,NHS South West London Integrated Care Board,LONDON,London Commissioning Region
2026-05/System-Mapping-Apr-26.xls,2026-27,2026-04,2026-04-01,2026-05-14,2026-05-14,RYF,South Western Ambulance Service NHS Foundation Trust,QJK,NHS Devon Integrated Care Board,SOUTH WEST,South West Commissioning Region
2026-05/System-Mapping-Apr-26.xls,2026-27,2026-04,2026-04-01,2026-05-14,2026-05-14,RYG,Coventry and Warwickshire Partnership NHS Trust,QWU,NHS Coventry And Warwickshire Integrated Care Board,MIDLANDS,Midlands Commissioning Region
2026-05/System-Mapping-Apr-26.xls,2026-27,2026-04,2026-04-01,2026-05-14,2026-05-14,RYJ,Imperial College Healthcare NHS Trust,Z9B2Z,NHS West and North London Integrated Care Board,LONDON,London Commissioning Region
2026-05/System-Mapping-Apr-26.xls,2026-27,2026-04,2026-04-01,2026-05-14,2026-05-14,RYR,University Hospitals Sussex NHS Foundation Trust,S9B9J,NHS Surrey and Sussex Integrated Care Board,SOUTH EAST,South East Commissioning Region
2026-05/System-Mapping-Apr-26.xls,2026-27,2026-04,2026-04-01,2026-05-14,2026-05-14,RYX,Central London Community Healthcare NHS Trust,Z9B2Z,NHS West and North London Integrated Care Board,LONDON,London Commissioning Region
2026-05/System-Mapping-Apr-26.xls,2026-27,2026-04,2026-04-01,2026-05-14,2026-05-14,RYY,Kent Community Health NHS Foundation Trust,QKS,NHS Kent And Medway Integrated Care Board,SOUTH EAST,South East Commissioning Region
2026-05/System-Mapping-Apr-26.xls,2026-27,2026-04,2026-04-01,2026-05-14,2026-05-14,Y02428,Putnoe Medical Centre Walk In Centre,S1Y5D,NHS Central East Integrated Care Board,EAST OF ENGLAND,East of England Commissioning Region
2026-05/System-Mapping-Apr-26.xls,2026-27,2026-04,2026-04-01,2026-05-14,2026-05-14,Y02532,Miriam Minor Emergency,QYG,NHS Cheshire And Merseyside Integrated Care Board,NORTH WEST,North West Commissioning Region
2026-05/System-Mapping-Apr-26.xls,2026-27,2026-04,2026-04-01,2026-05-14,2026-05-14,Y02676,Brighton Station Health Centre,S9B9J,NHS Surrey and Sussex Integrated Care Board,SOUTH EAST,South East Commissioning Region
2026-05/System-Mapping-Apr-26.xls,2026-27,2026-04,2026-04-01,2026-05-14,2026-05-14,Y03218,The Pinn Unregistered Wic,Z9B2Z,NHS West and North London Integrated Care Board,LONDON,London Commissioning Region
2026-05/System-Mapping-Apr-26.xls,2026-27,2026-04,2026-04-01,2026-05-14,2026-05-14,Y03571,Corby Urgent Care Centre,QPM,NHS Northamptonshire Integrated Care Board,MIDLANDS,Midlands Commissioning Region
2026-05/System-Mapping-Apr-26.xls,2026-27,2026-04,2026-04-01,2026-05-14,2026-05-14,Y04538,Bracknell Urgent Care Centre Wic,S0E4D,NHS Thames Valley Integrated Care Board,SOUTH EAST,South East Commissioning Region
2026-06/System-Mapping-Apr-26.xls,2026-27,2026-05,2026-04-01,2026-06-11,2026-05-14,A5D4Q,NEMS UTC,QT1,NHS Nottingham And Nottinghamshire Integrated Care Board,MIDLANDS,Midlands Commissioning Region
2026-06/System-Mapping-Apr-26.xls,2026-27,2026-05,2026-04-01,2026-06-11,2026-05-14,AAH,Tetbury Hospital Trust Ltd,QR1,NHS Gloucestershire Integrated Care Board,SOUTH WEST,South West Commissioning Region
2026-06/System-Mapping-Apr-26.xls,2026-27,2026-05,2026-04-01,2026-06-11,2026-05-14,ACH01,Whitstable Medical Practice,QKS,NHS Kent And Medway Integrated Care Board,SOUTH EAST,South East Commissioning Region
2026-06/System-Mapping-Apr-26.xls,2026-27,2026-05,2026-04-01,2026-06-11,2026-05-14,AD913,Beckenham Beacon Ucc,QKK,NHS South East London Integrated Care Board,LONDON,London Commissioning Region
2026-06/System-Mapping-Apr-26.xls,2026-27,2026-05,2026-04-01,2026-06-11,2026-05-14,AJN,Workington Health Limited,QHM,NHS North East And North Cumbria Integrated Care Board,NORTH EAST AND YORKSHIRE,North East and Yorkshire Commissioning Region
2026-06/System-Mapping-Apr-26.xls,2026-27,2026-05,2026-04-01,2026-06-11,2026-05-14,AQM01,Faversham Medical Practice MIU,QKS,NHS Kent And Medway Integrated Care Board,SOUTH EAST,South East Commissioning Region
2026-06/System-Mapping-Apr-26.xls,2026-27,2026-05,2026-04-01,2026-06-11,2026-05-14,AQN04,Phl Lymington Utc,QRL,NHS Hampshire And Isle Of Wight Integrated Care Board,SOUTH EAST,South East Commissioning Region
2026-06/System-Mapping-Apr-26.xls,2026-27,2026-05,2026-04-01,2026-06-11,2026-05-14,ARN03,Local Care Direct,QWO,NHS West Yorkshire Integrated Care Board,NORTH EAST AND YORKSHIRE,North East and Yorkshire Commissioning Region
2026-06/System-Mapping-Apr-26.xls,2026-27,2026-05,2026-04-01,2026-06-11,2026-05-14,C82009,Market Harborough Med.Ctr,QK1,"NHS Leicester, Leicestershire And Rutland Integrated Care Board",MIDLANDS,Midlands Commissioning Region
2026-06/System-Mapping-Apr-26.xls,2026-27,2026-05,2026-04-01,2026-06-11,2026-05-14,C82038,Latham House Medical Practice,QK1,"NHS Leicester, Leicestershire And Rutland Integrated Care Board",MIDLANDS,Midlands Commissioning Region
2026-06/System-Mapping-Apr-26.xls,2026-27,2026-05,2026-04-01,2026-06-11,2026-05-14,C83023,Sleaford Medical Group,QJM,NHS Lincolnshire Integrated Care Board,MIDLANDS,Midlands Commissioning Region
2026-06/System-Mapping-Apr-26.xls,2026-27,2026-05,2026-04-01,2026-06-11,2026-05-14,DD401,Exmouth Minor Injury Unit,QJK,NHS Devon Integrated Care Board,SOUTH WEST,South West Commissioning Region
2026-06/System-Mapping-Apr-26.xls,2026-27,2026-05,2026-04-01,2026-06-11,2026-05-14,DJV01,Herne Bay Health Care LTD,QKS,NHS Kent And Medway Integrated Care Board,SOUTH EAST,South East Commissioning Region
2026-06/System-Mapping-Apr-26.xls,2026-27,2026-05,2026-04-01,2026-06-11,2026-05-14,DT301,Herts Urgent Care (Ascots Lane),S1Y5D,NHS Central East Integrated Care Board,EAST OF ENGLAND,East of England Commissioning Region
2026-06/System-Mapping-Apr-26.xls,2026-27,2026-05,2026-04-01,2026-06-11,2026-05-14,G0Q0L,Barking Hospital UTC,QMF,NHS North East London Integrated Care Board,LONDON,London Commissioning Region
2026-06/System-Mapping-Apr-26.xls,2026-27,2026-05,2026-04-01,2026-06-11,2026-05-14,G3P9C,Trowbridge Minor Injuries Unit,QOX,"NHS Bath And North East Somerset, Swindon And Wiltshire Integrated Care Board",SOUTH WEST,South West Commissioning Region
2026-06/System-Mapping-Apr-26.xls,2026-27,2026-05,2026-04-01,2026-06-11,2026-05-14,K6K0R,Harold Wood Polyclinic UTC,QMF,NHS North East London Integrated Care Board,LONDON,London Commissioning Region
2026-06/System-Mapping-Apr-26.xls,2026-27,2026-05,2026-04-01,2026-06-11,2026-05-14,L83087,Okehampton Medical Centre,QJK,NHS Devon Integrated Care Board,SOUTH WEST,South West Commissioning Region
2026-06/System-Mapping-Apr-26.xls,2026-27,2026-05,2026-04-01,2026-06-11,2026-05-14,NDA57,Haslemere Minor Injuries Unit,S9B9J,NHS Surrey and Sussex Integrated Care Board,SOUTH EAST,South East Commissioning Region
2026-06/System-Mapping-Apr-26.xls,2026-27,2026-05,2026-04-01,2026-06-11,2026-05-14,NDJ,First Community Health And Care Cic,S9B9J,NHS Surrey and Sussex Integrated Care Board,SOUTH EAST,South East Commissioning Region
2026-06/System-Mapping-Apr-26.xls,2026-27,2026-05,2026-04-01,2026-06-11,2026-05-14,NLX,Sirona Care & Health,QUY,"NHS Bristol, North Somerset And South Gloucestershire Integrated Care Board",SOUTH WEST,South West Commissioning Region
2026-06/System-Mapping-Apr-26.xls,2026-27,2026-05,2026-04-01,2026-06-11,2026-05-14,NNF09,Bransholme Health Centre,QOQ,NHS Humber And North Yorkshire Integrated Care Board,NORTH EAST AND YORKSHIRE,North East and Yorkshire Commissioning Region
2026-06/System-Mapping-Apr-26.xls,2026-27,2026-05,2026-04-01,2026-06-11,2026-05-14,NNF16,Bridlington Hospital,QOQ,NHS Humber And North Yorkshire Integrated Care Board,NORTH EAST AND YORKSHIRE,North East and Yorkshire Commissioning Region
2026-06/System-Mapping-Apr-26.xls,2026-27,2026-05,2026-04-01,2026-06-11,2026-05-14,NNF76,The Wilberforce Health Centre,QOQ,NHS Humber And North Yorkshire Integrated Care Board,NORTH EAST AND YORKSHIRE,North East and Yorkshire Commissioning Region
2026-06/System-Mapping-Apr-26.xls,2026-27,2026-05,2026-04-01,2026-06-11,2026-05-14,NNF94,East Riding Community Hospital,QOQ,NHS Humber And North Yorkshire Integrated Care Board,NORTH EAST AND YORKSHIRE,North East and Yorkshire Commissioning Region
2026-06/System-Mapping-Apr-26.xls,2026-27,2026-05,2026-04-01,2026-06-11,2026-05-14,NNFA7,Goole & District Hospital,QOQ,NHS Humber And North Yorkshire Integrated Care Board,NORTH EAST AND YORKSHIRE,North East and Yorkshire Commissioning Region
2026-06/System-Mapping-Apr-26.xls,2026-27,2026-05,2026-04-01,2026-06-11,2026-05-14,NNJ,Dhu Health Care C.I.C,QJ2,NHS Derby And Derbyshire Integrated Care Board,MIDLANDS,Midlands Commissioning Region
2026-06/System-Mapping-Apr-26.xls,2026-27,2026-05,2026-04-01,2026-06-11,2026-05-14,NNJ07,Loughborough Urgent Care Centre,QK1,"NHS Leicester, Leicestershire And Rutland Integrated Care Board",MIDLANDS,Midlands Commissioning Region
2026-06/System-Mapping-Apr-26.xls,2026-27,2026-05,2026-04-01,2026-06-11,2026-05-14,NNJ0H,Llr Ea - The Merlyn Vaz Health & Social Care Centre,QK1,"NHS Leicester, Leicestershire And Rutland Integrated Care Board",MIDLANDS,Midlands Commissioning Region
2026-06/System-Mapping-Apr-26.xls,2026-27,2026-05,2026-04-01,2026-06-11,2026-05-14,NNJ10,Enderby Leisure Centre,QK1,"NHS Leicester, Leicestershire And Rutland Integrated Care Board",MIDLANDS,Midlands Commissioning Region
2026-06/System-Mapping-Apr-26.xls,2026-27,2026-05,2026-04-01,2026-06-11,2026-05-14,NNJ11,Lutterworth Hospital,QK1,"NHS Leicester, Leicestershire And Rutland Integrated Care Board",MIDLANDS,Midlands Commissioning Region
2026-06/System-Mapping-Apr-26.xls,2026-27,2026-05,2026-04-01,2026-06-11,2026-05-14,NNJ12,Market Harborough,QK1,"NHS Leicester, Leicestershire And Rutland Integrated Care Board",MIDLANDS,Midlands Commissioning Region
2026-06/System-Mapping-Apr-26.xls,2026-27,2026-05,2026-04-01,2026-06-11,2026-05-14,NNJ13,Melton Mowbray,QK1,"NHS Leicester, Leicestershire And Rutland Integrated Care Board",MIDLANDS,Midlands Commissioning Region
2026-06/System-Mapping-Apr-26.xls,2026-27,2026-05,2026-04-01,2026-06-11,2026-05-14,NNJ14,Oadby,QK1,"NHS Leicester, Leicestershire And Rutland Integrated Care Board",MIDLANDS,Midlands Commissioning Region
2026-06/System-Mapping-Apr-26.xls,2026-27,2026-05,2026-04-01,2026-06-11,2026-05-14,NNJ15,Oakham,QK1,"NHS Leicester, Leicestershire And Rutland Integrated Care Board",MIDLANDS,Midlands Commissioning Region
2026-06/System-Mapping-Apr-26.xls,2026-27,2026-05,2026-04-01,2026-06-11,2026-05-14,NQT1I,Chippenham Community Hospital,QOX,"NHS Bath And North East Somerset, Swindon And Wiltshire Integrated Care Board",SOUTH WEST,South West Commissioning Region
2026-06/System-Mapping-Apr-26.xls,2026-27,2026-05,2026-04-01,2026-06-11,2026-05-14,NQT5F,Skelmersdale Walk In Centre,QE1,NHS Lancashire And South Cumbria Integrated Care Board,NORTH WEST,North West Commissioning Region
2026-06/System-Mapping-Apr-26.xls,2026-27,2026-05,2026-04-01,2026-06-11,2026-05-14,NQT5H,Paulton Memorial Hospital,QOX,"NHS Bath And North East Somerset, Swindon And Wiltshire Integrated Care Board",SOUTH WEST,South West Commissioning Region
2026-06/System-Mapping-Apr-26.xls,2026-27,2026-05,2026-04-01,2026-06-11,2026-05-14,NR3,Nottingham Citycare Partnership,QT1,NHS Nottingham And Nottinghamshire Integrated Care Board,MIDLANDS,Midlands Commissioning Region
2026-06/System-Mapping-Apr-26.xls,2026-27,2026-05,2026-04-01,2026-06-11,2026-05-14,NTP11,Practice Plus Group Hospital - Southampton,QRL,NHS Hampshire And Isle Of Wight Integrated Care Board,SOUTH EAST,South East Commissioning Region
2026-06/System-Mapping-Apr-26.xls,2026-27,2026-05,2026-04-01,2026-06-11,2026-05-14,NTPAD,Practice Plus Group Surgical Centre - St Marys Portsmouth,QRL,NHS Hampshire And Isle Of Wight Integrated Care Board,SOUTH EAST,South East Commissioning Region
2026-06/System-Mapping-Apr-26.xls,2026-27,2026-05,2026-04-01,2026-06-11,2026-05-14,NTV0B,Ashford Walk-In-Centre,S9B9J,NHS Surrey and Sussex Integrated Care Board,SOUTH EAST,South East Commissioning Region
2026-06/System-Mapping-Apr-26.xls,2026-27,2026-05,2026-04-01,2026-06-11,2026-05-14,NTV0W,Woking Walk In Centre,S9B9J,NHS Surrey and Sussex Integrated Care Board,SOUTH EAST,South East Commissioning Region
2026-06/System-Mapping-Apr-26.xls,2026-27,2026-05,2026-04-01,2026-06-11,2026-05-14,NV693,Rossendale Miu & Ooh,QE1,NHS Lancashire And South Cumbria Integrated Care Board,NORTH WEST,North West Commissioning Region
2026-06/System-Mapping-Apr-26.xls,2026-27,2026-05,2026-04-01,2026-06-11,2026-05-14,NVE43,Hastings GP Led Health Centre,S9B9J,NHS Surrey and Sussex Integrated Care Board,SOUTH EAST,South East Commissioning Region
2026-06/System-Mapping-Apr-26.xls,2026-27,2026-05,2026-04-01,2026-06-11,2026-05-14,R0A,Manchester University NHS Foundation Trust,QOP,NHS Greater Manchester Integrated Care Board,NORTH WEST,North West Commissioning Region
2026-06/System-Mapping-Apr-26.xls,2026-27,2026-05,2026-04-01,2026-06-11,2026-05-14,R0B,South Tyneside And Sunderland NHS Foundation Trust,QHM,NHS North East And North Cumbria Integrated Care Board,NORTH EAST AND YORKSHIRE,North East and Yorkshire Commissioning Region
2026-06/System-Mapping-Apr-26.xls,2026-27,2026-05,2026-04-01,2026-06-11,2026-05-14,R0D,University Hospitals Dorset NHS Foundation Trust,QVV,NHS Dorset Integrated Care Board,SOUTH WEST,South West Commissioning Region
2026-06/System-Mapping-Apr-26.xls,2026-27,2026-05,2026-04-01,2026-06-11,2026-05-14,R1D,Shropshire Community Health NHS Trust,QOC,"NHS Shropshire, Telford And Wrekin Integrated Care Board",MIDLANDS,Midlands Commissioning Region
2026-06/System-Mapping-Apr-26.xls,2026-27,2026-05,2026-04-01,2026-06-11,2026-05-14,R1F,Isle Of Wight NHS Trust,QRL,NHS Hampshire And Isle Of Wight Integrated Care Board,SOUTH EAST,South East Commissioning Region
2026-06/System-Mapping-Apr-26.xls,2026-27,2026-05,2026-04-01,2026-06-11,2026-05-14,R1H,Barts Health NHS Trust,QMF,NHS North East London Integrated Care Board,LONDON,London Commissioning Region
2026-06/System-Mapping-Apr-26.xls,2026-27,2026-05,2026-04-01,2026-06-11,2026-05-14,R1K,London North West University Healthcare NHS Trust,Z9B2Z,NHS West and North London Integrated Care Board,LONDON,London Commissioning Region
2026-06/System-Mapping-Apr-26.xls,2026-27,2026-05,2026-04-01,2026-06-11,2026-05-14,RA2,Royal Surrey County Hospital NHS Foundation Trust,S9B9J,NHS Surrey and Sussex Integrated Care Board,SOUTH EAST,South East Commissioning Region
2026-06/System-Mapping-Apr-26.xls,2026-27,2026-05,2026-04-01,2026-06-11,2026-05-14,RA7,University Hospitals Bristol And Weston NHS Foundation Trust,QUY,"NHS Bristol, North Somerset And South Gloucestershire Integrated Care Board",SOUTH WEST,South West Commissioning Region
2026-06/System-Mapping-Apr-26.xls,2026-27,2026-05,2026-04-01,2026-06-11,2026-05-14,RA9,Torbay And South Devon NHS Foundation Trust,QJK,NHS Devon Integrated Care Board,SOUTH WEST,South West Commissioning Region
2026-06/System-Mapping-Apr-26.xls,2026-27,2026-05,2026-04-01,2026-06-11,2026-05-14,RAE,Bradford Teaching Hospitals NHS Foundation Trust,QWO,NHS West Yorkshire Integrated Care Board,NORTH EAST AND YORKSHIRE,North East and Yorkshire Commissioning Region
2026-06/System-Mapping-Apr-26.xls,2026-27,2026-05,2026-04-01,2026-06-11,2026-05-14,RAJ,Mid And South Essex NHS Foundation Trust,D7T5G,NHS Essex Integrated Care Board,EAST OF ENGLAND,East of England Commissioning Region
2026-06/System-Mapping-Apr-26.xls,2026-27,2026-05,2026-04-01,2026-06-11,2026-05-14,RAL,Royal Free London NHS Foundation Trust,Z9B2Z,NHS West and North London Integrated Care Board,LONDON,London Commissioning Region
2026-06/System-Mapping-Apr-26.xls,2026-27,2026-05,2026-04-01,2026-06-11,2026-05-14,RAN,Royal National Orthopaedic Hospital NHS Trust,Z9B2Z,NHS West and North London Integrated Care Board,LONDON,London Commissioning Region
2026-06/System-Mapping-Apr-26.xls,2026-27,2026-05,2026-04-01,2026-06-11,2026-05-14,RAS,The Hillingdon Hospitals NHS Foundation Trust,Z9B2Z,NHS West and North London Integrated Care Board,LONDON,London Commissioning Region
2026-06/System-Mapping-Apr-26.xls,2026-27,2026-05,2026-04-01,2026-06-11,2026-05-14,RAT,North East London NHS Foundation Trust,QMF,NHS North East London Integrated Care Board,LONDON,London Commissioning Region
2026-06/System-Mapping-Apr-26.xls,2026-27,2026-05,2026-04-01,2026-06-11,2026-05-14,RAX,Kingston and Richmond NHS Foundation Trust,QWE,NHS South West London Integrated Care Board,LONDON,London Commissioning Region
2026-06/System-Mapping-Apr-26.xls,2026-27,2026-05,2026-04-01,2026-06-11,2026-05-14,RBD,Dorset County Hospital NHS Foundation Trust,QVV,NHS Dorset Integrated Care Board,SOUTH WEST,South West Commissioning Region
2026-06/System-Mapping-Apr-26.xls,2026-27,2026-05,2026-04-01,2026-06-11,2026-05-14,RBK,Walsall Healthcare NHS Trust,QUA,NHS Black Country Integrated Care Board,MIDLANDS,Midlands Commissioning Region
2026-06/System-Mapping-Apr-26.xls,2026-27,2026-05,2026-04-01,2026-06-11,2026-05-14,RBL,Wirral University Teaching Hospital NHS Foundation Trust,QYG,NHS Cheshire And Merseyside Integrated Care Board,NORTH WEST,North West Commissioning Region
2026-06/System-Mapping-Apr-26.xls,2026-27,2026-05,2026-04-01,2026-06-11,2026-05-14,RBN,Mersey And West Lancashire Teaching Hospitals NHS Trust,QYG,NHS Cheshire And Merseyside Integrated Care Board,NORTH WEST,North West Commissioning Region
2026-06/System-Mapping-Apr-26.xls,2026-27,2026-05,2026-04-01,2026-06-11,2026-05-14,RBQ,Liverpool Heart And Chest Hospital NHS Foundation Trust,QYG,NHS Cheshire And Merseyside Integrated Care Board,NORTH WEST,North West Commissioning Region
2026-06/System-Mapping-Apr-26.xls,2026-27,2026-05,2026-04-01,2026-06-11,2026-05-14,RBS,Alder Hey Children's NHS Foundation Trust,QYG,NHS Cheshire And Merseyside Integrated Care Board,NORTH WEST,North West Commissioning Region
2026-06/System-Mapping-Apr-26.xls,2026-27,2026-05,2026-04-01,2026-06-11,2026-05-14,RBT,Mid Cheshire Hospitals NHS Foundation Trust,QYG,NHS Cheshire And Merseyside Integrated Care Board,NORTH WEST,North West Commissioning Region
2026-06/System-Mapping-Apr-26.xls,2026-27,2026-05,2026-04-01,2026-06-11,2026-05-14,RBV,The Christie NHS Foundation Trust,QOP,NHS Greater Manchester Integrated Care Board,NORTH WEST,North West Commissioning Region
2026-06/System-Mapping-Apr-26.xls,2026-27,2026-05,2026-04-01,2026-06-11,2026-05-14,RC9,Bedfordshire Hospitals NHS Foundation Trust,S1Y5D,NHS Central East Integrated Care Board,EAST OF ENGLAND,East of England Commissioning Region
2026-06/System-Mapping-Apr-26.xls,2026-27,2026-05,2026-04-01,2026-06-11,2026-05-14,RCB,York And Scarborough Teaching Hospitals NHS Foundation Trust,QOQ,NHS Humber And North Yorkshire Integrated Care Board,NORTH EAST AND YORKSHIRE,North East and Yorkshire Commissioning Region
2026-06/System-Mapping-Apr-26.xls,2026-27,2026-05,2026-04-01,2026-06-11,2026-05-14,RCD,Harrogate And District NHS Foundation Trust,QOQ,NHS Humber And North Yorkshire Integrated Care Board,NORTH EAST AND YORKSHIRE,North East and Yorkshire Commissioning Region
2026-06/System-Mapping-Apr-26.xls,2026-27,2026-05,2026-04-01,2026-06-11,2026-05-14,RCF,Airedale NHS Foundation Trust,QWO,NHS West Yorkshire Integrated Care Board,NORTH EAST AND YORKSHIRE,North East and Yorkshire Commissioning Region
2026-06/System-Mapping-Apr-26.xls,2026-27,2026-05,2026-04-01,2026-06-11,2026-05-14,RCU,Sheffield Children's NHS Foundation Trust,QF7,NHS South Yorkshire Integrated Care Board,NORTH EAST AND YORKSHIRE,North East and Yorkshire Commissioning Region
2026-06/System-Mapping-Apr-26.xls,2026-27,2026-05,2026-04-01,2026-06-11,2026-05-14,RCX,"The Queen Elizabeth Hospital, King's Lynn, NHS Foundation Trust",T6Y0W,NHS Norfolk and Suffolk Integrated Care Board,EAST OF ENGLAND,East of England Commissioning Region
2026-06/System-Mapping-Apr-26.xls,2026-27,2026-05,2026-04-01,2026-06-11,2026-05-14,RD1,Royal United Hospitals Bath NHS Foundation Trust,QOX,"NHS Bath And North East Somerset, Swindon And Wiltshire Integrated Care Board",SOUTH WEST,South West Commissioning Region
2026-06/System-Mapping-Apr-26.xls,2026-27,2026-05,2026-04-01,2026-06-11,2026-05-14,RD8,Milton Keynes University Hospital NHS Foundation Trust,S1Y5D,NHS Central East Integrated Care Board,EAST OF ENGLAND,East of England Commissioning Region
2026-06/System-Mapping-Apr-26.xls,2026-27,2026-05,2026-04-01,2026-06-11,2026-05-14,RDE,East Suffolk And North Essex NHS Foundation Trust,T6Y0W,NHS Norfolk and Suffolk Integrated Care Board,EAST OF ENGLAND,East of England Commissioning Region
2026-06/System-Mapping-Apr-26.xls,2026-27,2026-05,2026-04-01,2026-06-11,2026-05-14,RDR,Sussex Community NHS Foundation Trust,S9B9J,NHS Surrey and Sussex Integrated Care Board,SOUTH EAST,South East Commissioning Region
2026-06/System-Mapping-Apr-26.xls,2026-27,2026-05,2026-04-01,2026-06-11,2026-05-14,RDU,Frimley Health NHS Foundation Trust,S0E4D,NHS Thames Valley Integrated Care Board,SOUTH EAST,South East Commissioning Region
2026-06/System-Mapping-Apr-26.xls,2026-27,2026-05,2026-04-01,2026-06-11,2026-05-14,RDY,Dorset Healthcare University NHS Foundation Trust,QVV,NHS Dorset Integrated Care Board,SOUTH WEST,South West Commissioning Region
2026-06/System-Mapping-Apr-26.xls,2026-27,2026-05,2026-04-01,2026-06-11,2026-05-14,REF,Royal Cornwall Hospitals NHS Trust,QT6,NHS Cornwall And The Isles Of Scilly Integrated Care Board,SOUTH WEST,South West Commissioning Region
2026-06/System-Mapping-Apr-26.xls,2026-27,2026-05,2026-04-01,2026-06-11,2026-05-14,REM,Liverpool University Hospitals NHS Foundation Trust,QYG,NHS Cheshire And Merseyside Integrated Care Board,NORTH WEST,North West Commissioning Region
2026-06/System-Mapping-Apr-26.xls,2026-27,2026-05,2026-04-01,2026-06-11,2026-05-14,REP,Liverpool Women's NHS Foundation Trust,QYG,NHS Cheshire And Merseyside Integrated Care Board,NORTH WEST,North West Commissioning Region
2026-06/System-Mapping-Apr-26.xls,2026-27,2026-05,2026-04-01,2026-06-11,2026-05-14,RET,The Walton Centre NHS Foundation Trust,QYG,NHS Cheshire And Merseyside Integrated Care Board,NORTH WEST,North West Commissioning Region
2026-06/System-Mapping-Apr-26.xls,2026-27,2026-05,2026-04-01,2026-06-11,2026-05-14,RF4,"Barking, Havering And Redbridge University Hospitals NHS Trust",QMF,NHS North East London Integrated Care Board,LONDON,London Commissioning Region
2026-06/System-Mapping-Apr-26.xls,2026-27,2026-05,2026-04-01,2026-06-11,2026-05-14,RFF,Barnsley Hospital NHS Foundation Trust,QF7,NHS South Yorkshire Integrated Care Board,NORTH EAST AND YORKSHIRE,North East and Yorkshire Commissioning Region
2026-06/System-Mapping-Apr-26.xls,2026-27,2026-05,2026-04-01,2026-06-11,2026-05-14,RFR,The Rotherham NHS Foundation Trust,QF7,NHS South Yorkshire Integrated Care Board,NORTH EAST AND YORKSHIRE,North East and Yorkshire Commissioning Region
2026-06/System-Mapping-Apr-26.xls,2026-27,2026-05,2026-04-01,2026-06-11,2026-05-14,RFS,Chesterfield Royal Hospital NHS Foundation Trust,QJ2,NHS Derby And Derbyshire Integrated Care Board,MIDLANDS,Midlands Commissioning Region
2026-06/System-Mapping-Apr-26.xls,2026-27,2026-05,2026-04-01,2026-06-11,2026-05-14,RGN,North West Anglia NHS Foundation Trust,S1Y5D,NHS Central East Integrated Care Board,EAST OF ENGLAND,East of England Commissioning Region
2026-06/System-Mapping-Apr-26.xls,2026-27,2026-05,2026-04-01,2026-06-11,2026-05-14,RGP,James Paget University Hospitals NHS Foundation Trust,T6Y0W,NHS Norfolk and Suffolk Integrated Care Board,EAST OF ENGLAND,East of England Commissioning Region
2026-06/System-Mapping-Apr-26.xls,2026-27,2026-05,2026-04-01,2026-06-11,2026-05-14,RGR,West Suffolk NHS Foundation Trust,T6Y0W,NHS Norfolk and Suffolk Integrated Care Board,EAST OF ENGLAND,East of England Commissioning Region
2026-06/System-Mapping-Apr-26.xls,2026-27,2026-05,2026-04-01,2026-06-11,2026-05-14,RGT,Cambridge University Hospitals NHS Foundation Trust,S1Y5D,NHS Central East Integrated Care Board,EAST OF ENGLAND,East of England Commissioning Region
2026-06/System-Mapping-Apr-26.xls,2026-27,2026-05,2026-04-01,2026-06-11,2026-05-14,RH5,Somerset NHS Foundation Trust,QSL,NHS Somerset Integrated Care Board,SOUTH WEST,South West Commissioning Region
2026-06/System-Mapping-Apr-26.xls,2026-27,2026-05,2026-04-01,2026-06-11,2026-05-14,RH8,Royal Devon University Healthcare NHS Foundation Trust,QJK,NHS Devon Integrated Care Board,SOUTH WEST,South West Commissioning Region
2026-06/System-Mapping-Apr-26.xls,2026-27,2026-05,2026-04-01,2026-06-11,2026-05-14,RHM,University Hospital Southampton NHS Foundation Trust,QRL,NHS Hampshire And Isle Of Wight Integrated Care Board,SOUTH EAST,South East Commissioning Region
2026-06/System-Mapping-Apr-26.xls,2026-27,2026-05,2026-04-01,2026-06-11,2026-05-14,RHQ,Sheffield Teaching Hospitals NHS Foundation Trust,QF7,NHS South Yorkshire Integrated Care Board,NORTH EAST AND YORKSHIRE,North East and Yorkshire Commissioning Region
2026-06/System-Mapping-Apr-26.xls,2026-27,2026-05,2026-04-01,2026-06-11,2026-05-14,RHU,Portsmouth Hospitals University National Health Service Trust,QRL,NHS Hampshire And Isle Of Wight Integrated Care Board,SOUTH EAST,South East Commissioning Region
2026-06/System-Mapping-Apr-26.xls,2026-27,2026-05,2026-04-01,2026-06-11,2026-05-14,RHW,Royal Berkshire NHS Foundation Trust,S0E4D,NHS Thames Valley Integrated Care Board,SOUTH EAST,South East Commissioning Region
2026-06/System-Mapping-Apr-26.xls,2026-27,2026-05,2026-04-01,2026-06-11,2026-05-14,RJ1,Guy's And St Thomas' NHS Foundation Trust,QKK,NHS South East London Integrated Care Board,LONDON,London Commissioning Region
2026-06/System-Mapping-Apr-26.xls,2026-27,2026-05,2026-04-01,2026-06-11,2026-05-14,RJ2,Lewisham And Greenwich NHS Trust,QKK,NHS South East London Integrated Care Board,LONDON,London Commissioning Region
2026-06/System-Mapping-Apr-26.xls,2026-27,2026-05,2026-04-01,2026-06-11,2026-05-14,RJ6,Croydon Health Services NHS Trust,QWE,NHS South West London Integrated Care Board,LONDON,London Commissioning Region
2026-06/System-Mapping-Apr-26.xls,2026-27,2026-05,2026-04-01,2026-06-11,2026-05-14,RJ7,St George's University Hospitals NHS Foundation Trust,QWE,NHS South West London Integrated Care Board,LONDON,London Commissioning Region
2026-06/System-Mapping-Apr-26.xls,2026-27,2026-05,2026-04-01,2026-06-11,2026-05-14,RJ8,Cornwall Partnership NHS Foundation Trust,QT6,NHS Cornwall And The Isles Of Scilly Integrated Care Board,SOUTH WEST,South West Commissioning Region
2026-06/System-Mapping-Apr-26.xls,2026-27,2026-05,2026-04-01,2026-06-11,2026-05-14,RJC,South Warwickshire University NHS Foundation Trust,QWU,NHS Coventry And Warwickshire Integrated Care Board,MIDLANDS,Midlands Commissioning Region
2026-06/System-Mapping-Apr-26.xls,2026-27,2026-05,2026-04-01,2026-06-11,2026-05-14,RJE,University Hospitals Of North Midlands NHS Trust,QNC,NHS Staffordshire And Stoke-On-Trent Integrated Care Board,MIDLANDS,Midlands Commissioning Region
2026-06/System-Mapping-Apr-26.xls,2026-27,2026-05,2026-04-01,2026-06-11,2026-05-14,RJL,Northern Lincolnshire And Goole NHS Foundation Trust,QOQ,NHS Humber And North Yorkshire Integrated Care Board,NORTH EAST AND YORKSHIRE,North East and Yorkshire Commissioning Region
2026-06/System-Mapping-Apr-26.xls,2026-27,2026-05,2026-04-01,2026-06-11,2026-05-14,RJN,East Cheshire NHS Trust,QYG,NHS Cheshire And Merseyside Integrated Care Board,NORTH WEST,North West Commissioning Region
2026-06/System-Mapping-Apr-26.xls,2026-27,2026-05,2026-04-01,2026-06-11,2026-05-14,RJR,Countess Of Chester Hospital NHS Foundation Trust,QYG,NHS Cheshire And Merseyside Integrated Care Board,NORTH WEST,North West Commissioning Region
2026-06/System-Mapping-Apr-26.xls,2026-27,2026-05,2026-04-01,2026-06-11,2026-05-14,RJZ,King's College Hospital NHS Foundation Trust,QKK,NHS South East London Integrated Care Board,LONDON,London Commissioning Region
2026-06/System-Mapping-Apr-26.xls,2026-27,2026-05,2026-04-01,2026-06-11,2026-05-14,RK5,Sherwood Forest Hospitals NHS Foundation Trust,QT1,NHS Nottingham And Nottinghamshire Integrated Care Board,MIDLANDS,Midlands Commissioning Region
2026-06/System-Mapping-Apr-26.xls,2026-27,2026-05,2026-04-01,2026-06-11,2026-05-14,RK9,University Hospitals Plymouth NHS Trust,QJK,NHS Devon Integrated Care Board,SOUTH WEST,South West Commissioning Region
2026-06/System-Mapping-Apr-26.xls,2026-27,2026-05,2026-04-01,2026-06-11,2026-05-14,RKB,University Hospitals Coventry And Warwickshire NHS Trust,QWU,NHS Coventry And Warwickshire Integrated Care Board,MIDLANDS,Midlands Commissioning Region
2026-06/System-Mapping-Apr-26.xls,2026-27,2026-05,2026-04-01,2026-06-11,2026-05-14,RKE,Whittington Health NHS Trust,Z9B2Z,NHS West and North London Integrated Care Board,LONDON,London Commissioning Region
2026-06/System-Mapping-Apr-26.xls,2026-27,2026-05,2026-04-01,2026-06-11,2026-05-14,RL1,The Robert Jones And Agnes Hunt Orthopaedic Hospital NHS Foundation Trust,QOC,"NHS Shropshire, Telford And Wrekin Integrated Care Board",MIDLANDS,Midlands Commissioning Region
2026-06/System-Mapping-Apr-26.xls,2026-27,2026-05,2026-04-01,2026-06-11,2026-05-14,RL4,The Royal Wolverhampton NHS Trust,QUA,NHS Black Country Integrated Care Board,MIDLANDS,Midlands Commissioning Region
2026-06/System-Mapping-Apr-26.xls,2026-27,2026-05,2026-04-01,2026-06-11,2026-05-14,RLQ,Wye Valley NHS Trust,QGH,NHS Herefordshire And Worcestershire Integrated Care Board,MIDLANDS,Midlands Commissioning Region
2026-06/System-Mapping-Apr-26.xls,2026-27,2026-05,2026-04-01,2026-06-11,2026-05-14,RLT,George Eliot Hospital NHS Trust,QWU,NHS Coventry And Warwickshire Integrated Care Board,MIDLANDS,Midlands Commissioning Region
2026-06/System-Mapping-Apr-26.xls,2026-27,2026-05,2026-04-01,2026-06-11,2026-05-14,RM1,Norfolk And Norwich University Hospitals NHS Foundation Trust,T6Y0W,NHS Norfolk and Suffolk Integrated Care Board,EAST OF ENGLAND,East of England Commissioning Region
2026-06/System-Mapping-Apr-26.xls,2026-27,2026-05,2026-04-01,2026-06-11,2026-05-14,RM3,Northern Care Alliance NHS Foundation Trust,QOP,NHS Greater Manchester Integrated Care Board,NORTH WEST,North West Commissioning Region
2026-06/System-Mapping-Apr-26.xls,2026-27,2026-05,2026-04-01,2026-06-11,2026-05-14,RMC,Bolton NHS Foundation Trust,QOP,NHS Greater Manchester Integrated Care Board,NORTH WEST,North West Commissioning Region
2026-06/System-Mapping-Apr-26.xls,2026-27,2026-05,2026-04-01,2026-06-11,2026-05-14,RMP,Tameside And Glossop Integrated Care NHS Foundation Trust,QOP,NHS Greater Manchester Integrated Care Board,NORTH WEST,North West Commissioning Region
2026-06/System-Mapping-Apr-26.xls,2026-27,2026-05,2026-04-01,2026-06-11,2026-05-14,RN3,Great Western Hospitals NHS Foundation Trust,QOX,"NHS Bath And North East Somerset, Swindon And Wiltshire Integrated Care Board",SOUTH WEST,South West Commissioning Region
2026-06/System-Mapping-Apr-26.xls,2026-27,2026-05,2026-04-01,2026-06-11,2026-05-14,RN5,Hampshire Hospitals NHS Foundation Trust,QRL,NHS Hampshire And Isle Of Wight Integrated Care Board,SOUTH EAST,South East Commissioning Region
2026-06/System-Mapping-Apr-26.xls,2026-27,2026-05,2026-04-01,2026-06-11,2026-05-14,RN7,Dartford And Gravesham NHS Trust,QKS,NHS Kent And Medway Integrated Care Board,SOUTH EAST,South East Commissioning Region
2026-06/System-Mapping-Apr-26.xls,2026-27,2026-05,2026-04-01,2026-06-11,2026-05-14,RNA,The Dudley Group NHS Foundation Trust,QUA,NHS Black Country Integrated Care Board,MIDLANDS,Midlands Commissioning Region
2026-06/System-Mapping-Apr-26.xls,2026-27,2026-05,2026-04-01,2026-06-11,2026-05-14,RNN,North Cumbria Integrated Care NHS Foundation Trust,QHM,NHS North East And North Cumbria Integrated Care Board,NORTH EAST AND YORKSHIRE,North East and Yorkshire Commissioning Region
2026-06/System-Mapping-Apr-26.xls,2026-27,2026-05,2026-04-01,2026-06-11,2026-05-14,RNQ,Kettering General Hospital NHS Foundation Trust,QPM,NHS Northamptonshire Integrated Care Board,MIDLANDS,Midlands Commissioning Region
2026-06/System-Mapping-Apr-26.xls,2026-27,2026-05,2026-04-01,2026-06-11,2026-05-14,RNS,Northampton General Hospital NHS Trust,QPM,NHS Northamptonshire Integrated Care Board,MIDLANDS,Midlands Commissioning Region
2026-06/System-Mapping-Apr-26.xls,2026-27,2026-05,2026-04-01,2026-06-11,2026-05-14,RNU,Oxford Health NHS Foundation Trust,S0E4D,NHS Thames Valley Integrated Care Board,SOUTH EAST,South East Commissioning Region
2026-06/System-Mapping-Apr-26.xls,2026-27,2026-05,2026-04-01,2026-06-11,2026-05-14,RNZ,Salisbury NHS Foundation Trust,QOX,"NHS Bath And North East Somerset, Swindon And Wiltshire Integrated Care Board",SOUTH WEST,South West Commissioning Region
2026-06/System-Mapping-Apr-26.xls,2026-27,2026-05,2026-04-01,2026-06-11,2026-05-14,RP5,Doncaster And Bassetlaw Teaching Hospitals NHS Foundation Trust,QF7,NHS South Yorkshire Integrated Care Board,NORTH EAST AND YORKSHIRE,North East and Yorkshire Commissioning Region
2026-06/System-Mapping-Apr-26.xls,2026-27,2026-05,2026-04-01,2026-06-11,2026-05-14,RP6,Moorfields Eye Hospital NHS Foundation Trust,Z9B2Z,NHS West and North London Integrated Care Board,LONDON,London Commissioning Region
2026-06/System-Mapping-Apr-26.xls,2026-27,2026-05,2026-04-01,2026-06-11,2026-05-14,RPA,Medway NHS Foundation Trust,QKS,NHS Kent And Medway Integrated Care Board,SOUTH EAST,South East Commissioning Region
2026-06/System-Mapping-Apr-26.xls,2026-27,2026-05,2026-04-01,2026-06-11,2026-05-14,RPC,Queen Victoria Hospital NHS Foundation Trust,S9B9J,NHS Surrey and Sussex Integrated Care Board,SOUTH EAST,South East Commissioning Region
2026-06/System-Mapping-Apr-26.xls,2026-27,2026-05,2026-04-01,2026-06-11,2026-05-14,RQ3,Birmingham Women's And Children's NHS Foundation Trust,QHL,NHS Birmingham And Solihull Integrated Care Board,MIDLANDS,Midlands Commissioning Region
2026-06/System-Mapping-Apr-26.xls,2026-27,2026-05,2026-04-01,2026-06-11,2026-05-14,RQM,Chelsea And Westminster Hospital NHS Foundation Trust,Z9B2Z,NHS West and North London Integrated Care Board,LONDON,London Commissioning Region
2026-06/System-Mapping-Apr-26.xls,2026-27,2026-05,2026-04-01,2026-06-11,2026-05-14,RQW,The Princess Alexandra Hospital NHS Trust,D7T5G,NHS Essex Integrated Care Board,EAST OF ENGLAND,East of England Commissioning Region
2026-06/System-Mapping-Apr-26.xls,2026-27,2026-05,2026-04-01,2026-06-11,2026-05-14,RQX,Homerton Healthcare NHS Foundation Trust,QMF,NHS North East London Integrated Care Board,LONDON,London Commissioning Region
2026-06/System-Mapping-Apr-26.xls,2026-27,2026-05,2026-04-01,2026-06-11,2026-05-14,RR7,Gateshead Health NHS Foundation Trust,QHM,NHS North East And North Cumbria Integrated Care Board,NORTH EAST AND YORKSHIRE,North East and Yorkshire Commissioning Region
2026-06/System-Mapping-Apr-26.xls,2026-27,2026-05,2026-04-01,2026-06-11,2026-05-14,RR8,Leeds Teaching Hospitals NHS Trust,QWO,NHS West Yorkshire Integrated Care Board,NORTH EAST AND YORKSHIRE,North East and Yorkshire Commissioning Region
2026-06/System-Mapping-Apr-26.xls,2026-27,2026-05,2026-04-01,2026-06-11,2026-05-14,RRF,"Wrightington, Wigan And Leigh NHS Foundation Trust",QOP,NHS Greater Manchester Integrated Care Board,NORTH WEST,North West Commissioning Region
2026-06/System-Mapping-Apr-26.xls,2026-27,2026-05,2026-04-01,2026-06-11,2026-05-14,RRK,University Hospitals Birmingham NHS Foundation Trust,QHL,NHS Birmingham And Solihull Integrated Care Board,MIDLANDS,Midlands Commissioning Region
2026-06/System-Mapping-Apr-26.xls,2026-27,2026-05,2026-04-01,2026-06-11,2026-05-14,RRV,University College London Hospitals NHS Foundation Trust,Z9B2Z,NHS West and North London Integrated Care Board,LONDON,London Commissioning Region
2026-06/System-Mapping-Apr-26.xls,2026-27,2026-05,2026-04-01,2026-06-11,2026-05-14,RTD,The Newcastle Upon Tyne Hospitals NHS Foundation Trust,QHM,NHS North East And North Cumbria Integrated Care Board,NORTH EAST AND YORKSHIRE,North East and Yorkshire Commissioning Region
2026-06/System-Mapping-Apr-26.xls,2026-27,2026-05,2026-04-01,2026-06-11,2026-05-14,RTE,Gloucestershire Hospitals NHS Foundation Trust,QR1,NHS Gloucestershire Integrated Care Board,SOUTH WEST,South West Commissioning Region
2026-06/System-Mapping-Apr-26.xls,2026-27,2026-05,2026-04-01,2026-06-11,2026-05-14,RTF,Northumbria Healthcare NHS Foundation Trust,QHM,NHS North East And North Cumbria Integrated Care Board,NORTH EAST AND YORKSHIRE,North East and Yorkshire Commissioning Region
2026-06/System-Mapping-Apr-26.xls,2026-27,2026-05,2026-04-01,2026-06-11,2026-05-14,RTG,University Hospitals Of Derby And Burton NHS Foundation Trust,QJ2,NHS Derby And Derbyshire Integrated Care Board,MIDLANDS,Midlands Commissioning Region
2026-06/System-Mapping-Apr-26.xls,2026-27,2026-05,2026-04-01,2026-06-11,2026-05-14,RTH,Oxford University Hospitals NHS Foundation Trust,S0E4D,NHS Thames Valley Integrated Care Board,SOUTH EAST,South East Commissioning Region
2026-06/System-Mapping-Apr-26.xls,2026-27,2026-05,2026-04-01,2026-06-11,2026-05-14,RTK,Ashford And St Peter's Hospitals NHS Foundation Trust,S9B9J,NHS Surrey and Sussex Integrated Care Board,SOUTH EAST,South East Commissioning Region
2026-06/System-Mapping-Apr-26.xls,2026-27,2026-05,2026-04-01,2026-06-11,2026-05-14,RTP,Surrey And Sussex Healthcare NHS Trust,S9B9J,NHS Surrey and Sussex Integrated Care Board,SOUTH EAST,South East Commissioning Region
2026-06/System-Mapping-Apr-26.xls,2026-27,2026-05,2026-04-01,2026-06-11,2026-05-14,RTQ,Gloucestershire Health And Care NHS Foundation Trust,QR1,NHS Gloucestershire Integrated Care Board,SOUTH WEST,South West Commissioning Region
2026-06/System-Mapping-Apr-26.xls,2026-27,2026-05,2026-04-01,2026-06-11,2026-05-14,RTR,South Tees Hospitals NHS Foundation Trust,QHM,NHS North East And North Cumbria Integrated Care Board,NORTH EAST AND YORKSHIRE,North East and Yorkshire Commissioning Region
2026-06/System-Mapping-Apr-26.xls,2026-27,2026-05,2026-04-01,2026-06-11,2026-05-14,RTX,University Hospitals Of Morecambe Bay NHS Foundation Trust,QE1,NHS Lancashire And South Cumbria Integrated Care Board,NORTH WEST,North West Commissioning Region
2026-06/System-Mapping-Apr-26.xls,2026-27,2026-05,2026-04-01,2026-06-11,2026-05-14,RV9,Humber Teaching NHS Foundation Trust,QOQ,NHS Humber And North Yorkshire Integrated Care Board,NORTH EAST AND YORKSHIRE,North East and Yorkshire Commissioning Region
2026-06/System-Mapping-Apr-26.xls,2026-27,2026-05,2026-04-01,2026-06-11,2026-05-14,RVJ,North Bristol NHS Trust,QUY,"NHS Bristol, North Somerset And South Gloucestershire Integrated Care Board",SOUTH WEST,South West Commissioning Region
2026-06/System-Mapping-Apr-26.xls,2026-27,2026-05,2026-04-01,2026-06-11,2026-05-14,RVR,Epsom And St Helier University Hospitals NHS Trust,QWE,NHS South West London Integrated Care Board,LONDON,London Commissioning Region
2026-06/System-Mapping-Apr-26.xls,2026-27,2026-05,2026-04-01,2026-06-11,2026-05-14,RVV,East Kent Hospitals University NHS Foundation Trust,QKS,NHS Kent And Medway Integrated Care Board,SOUTH EAST,South East Commissioning Region
2026-06/System-Mapping-Apr-26.xls,2026-27,2026-05,2026-04-01,2026-06-11,2026-05-14,RVW,North Tees And Hartlepool NHS Foundation Trust,QHM,NHS North East And North Cumbria Integrated Care Board,NORTH EAST AND YORKSHIRE,North East and Yorkshire Commissioning Region
2026-06/System-Mapping-Apr-26.xls,2026-27,2026-05,2026-04-01,2026-06-11,2026-05-14,RW1,Southern Health NHS Foundation Trust,QRL,NHS Hampshire And Isle Of Wight Integrated Care Board,SOUTH EAST,South East Commissioning Region
2026-06/System-Mapping-Apr-26.xls,2026-27,2026-05,2026-04-01,2026-06-11,2026-05-14,RW4,Mersey Care NHS Foundation Trust,QYG,NHS Cheshire And Merseyside Integrated Care Board,NORTH WEST,North West Commissioning Region
2026-06/System-Mapping-Apr-26.xls,2026-27,2026-05,2026-04-01,2026-06-11,2026-05-14,RWA,Hull University Teaching Hospitals NHS Trust,QOQ,NHS Humber And North Yorkshire Integrated Care Board,NORTH EAST AND YORKSHIRE,North East and Yorkshire Commissioning Region
2026-06/System-Mapping-Apr-26.xls,2026-27,2026-05,2026-04-01,2026-06-11,2026-05-14,RWD,United Lincolnshire Teaching Hospitals NHS Trust,QJM,NHS Lincolnshire Integrated Care Board,MIDLANDS,Midlands Commissioning Region
2026-06/System-Mapping-Apr-26.xls,2026-27,2026-05,2026-04-01,2026-06-11,2026-05-14,RWE,University Hospitals Of Leicester NHS Trust,QK1,"NHS Leicester, Leicestershire And Rutland Integrated Care Board",MIDLANDS,Midlands Commissioning Region
2026-06/System-Mapping-Apr-26.xls,2026-27,2026-05,2026-04-01,2026-06-11,2026-05-14,RWF,Maidstone And Tunbridge Wells NHS Trust,QKS,NHS Kent And Medway Integrated Care Board,SOUTH EAST,South East Commissioning Region
2026-06/System-Mapping-Apr-26.xls,2026-27,2026-05,2026-04-01,2026-06-11,2026-05-14,RWG,West Hertfordshire Teaching Hospitals NHS Trust,S1Y5D,NHS Central East Integrated Care Board,EAST OF ENGLAND,East of England Commissioning Region
2026-06/System-Mapping-Apr-26.xls,2026-27,2026-05,2026-04-01,2026-06-11,2026-05-14,RWH,East And North Hertfordshire NHS Trust,S1Y5D,NHS Central East Integrated Care Board,EAST OF ENGLAND,East of England Commissioning Region
2026-06/System-Mapping-Apr-26.xls,2026-27,2026-05,2026-04-01,2026-06-11,2026-05-14,RWJ,Stockport NHS Foundation Trust,QOP,NHS Greater Manchester Integrated Care Board,NORTH WEST,North West Commissioning Region
2026-06/System-Mapping-Apr-26.xls,2026-27,2026-05,2026-04-01,2026-06-11,2026-05-14,RWP,Worcestershire Acute Hospitals NHS Trust,QGH,NHS Herefordshire And Worcestershire Integrated Care Board,MIDLANDS,Midlands Commissioning Region
2026-06/System-Mapping-Apr-26.xls,2026-27,2026-05,2026-04-01,2026-06-11,2026-05-14,RWW,North Cheshire and Mersey NHS Foundation Trust,QYG,NHS Cheshire And Merseyside Integrated Care Board,NORTH WEST,North West Commissioning Region
2026-06/System-Mapping-Apr-26.xls,2026-27,2026-05,2026-04-01,2026-06-11,2026-05-14,RWX,Berkshire Healthcare NHS Foundation Trust,S0E4D,NHS Thames Valley Integrated Care Board,SOUTH EAST,South East Commissioning Region
2026-06/System-Mapping-Apr-26.xls,2026-27,2026-05,2026-04-01,2026-06-11,2026-05-14,RWY,Calderdale And Huddersfield NHS Foundation Trust,QWO,NHS West Yorkshire Integrated Care Board,NORTH EAST AND YORKSHIRE,North East and Yorkshire Commissioning Region
2026-06/System-Mapping-Apr-26.xls,2026-27,2026-05,2026-04-01,2026-06-11,2026-05-14,RX1,Nottingham University Hospitals NHS Trust,QT1,NHS Nottingham And Nottinghamshire Integrated Care Board,MIDLANDS,Midlands Commissioning Region
2026-06/System-Mapping-Apr-26.xls,2026-27,2026-05,2026-04-01,2026-06-11,2026-05-14,RXC,East Sussex Healthcare NHS Trust,S9B9J,NHS Surrey and Sussex Integrated Care Board,SOUTH EAST,South East Commissioning Region
2026-06/System-Mapping-Apr-26.xls,2026-27,2026-05,2026-04-01,2026-06-11,2026-05-14,RXF,Mid Yorkshire Hospitals NHS Trust,QWO,NHS West Yorkshire Integrated Care Board,NORTH EAST AND YORKSHIRE,North East and Yorkshire Commissioning Region
2026-06/System-Mapping-Apr-26.xls,2026-27,2026-05,2026-04-01,2026-06-11,2026-05-14,RXG,South West Yorkshire Partnership NHS Foundation Trust,QWO,NHS West Yorkshire Integrated Care Board,NORTH EAST AND YORKSHIRE,North East and Yorkshire Commissioning Region
2026-06/System-Mapping-Apr-26.xls,2026-27,2026-05,2026-04-01,2026-06-11,2026-05-14,RXK,Sandwell And West Birmingham Hospitals NHS Trust,QUA,NHS Black Country Integrated Care Board,MIDLANDS,Midlands Commissioning Region
2026-06/System-Mapping-Apr-26.xls,2026-27,2026-05,2026-04-01,2026-06-11,2026-05-14,RXL,Blackpool Teaching Hospitals NHS Foundation Trust,QE1,NHS Lancashire And South Cumbria Integrated Care Board,NORTH WEST,North West Commissioning Region
2026-06/System-Mapping-Apr-26.xls,2026-27,2026-05,2026-04-01,2026-06-11,2026-05-14,RXN,Lancashire Teaching Hospitals NHS Foundation Trust,QE1,NHS Lancashire And South Cumbria Integrated Care Board,NORTH WEST,North West Commissioning Region
2026-06/System-Mapping-Apr-26.xls,2026-27,2026-05,2026-04-01,2026-06-11,2026-05-14,RXP,County Durham And Darlington NHS Foundation Trust,QHM,NHS North East And North Cumbria Integrated Care Board,NORTH EAST AND YORKSHIRE,North East and Yorkshire Commissioning Region
2026-06/System-Mapping-Apr-26.xls,2026-27,2026-05,2026-04-01,2026-06-11,2026-05-14,RXQ,Buckinghamshire Healthcare NHS Trust,S0E4D,NHS Thames Valley Integrated Care Board,SOUTH EAST,South East Commissioning Region
2026-06/System-Mapping-Apr-26.xls,2026-27,2026-05,2026-04-01,2026-06-11,2026-05-14,RXR,East Lancashire Hospitals NHS Trust,QE1,NHS Lancashire And South Cumbria Integrated Care Board,NORTH WEST,North West Commissioning Region
2026-06/System-Mapping-Apr-26.xls,2026-27,2026-05,2026-04-01,2026-06-11,2026-05-14,RXW,The Shrewsbury And Telford Hospital NHS Trust,QOC,"NHS Shropshire, Telford And Wrekin Integrated Care Board",MIDLANDS,Midlands Commissioning Region
2026-06/System-Mapping-Apr-26.xls,2026-27,2026-05,2026-04-01,2026-06-11,2026-05-14,RY2,Bridgewater Community Healthcare NHS Foundation Trust,QYG,NHS Cheshire And Merseyside Integrated Care Board,NORTH WEST,North West Commissioning Region
2026-06/System-Mapping-Apr-26.xls,2026-27,2026-05,2026-04-01,2026-06-11,2026-05-14,RY4,Hertfordshire Community NHS Trust,S1Y5D,NHS Central East Integrated Care Board,EAST OF ENGLAND,East of England Commissioning Region
2026-06/System-Mapping-Apr-26.xls,2026-27,2026-05,2026-04-01,2026-06-11,2026-05-14,RY5,Lincolnshire Community Health Services NHS Trust,QJM,NHS Lincolnshire Integrated Care Board,MIDLANDS,Midlands Commissioning Region
2026-06/System-Mapping-Apr-26.xls,2026-27,2026-05,2026-04-01,2026-06-11,2026-05-14,RY7,Wirral Community Health And Care NHS Foundation Trust,QYG,NHS Cheshire And Merseyside Integrated Care Board,NORTH WEST,North West Commissioning Region
2026-06/System-Mapping-Apr-26.xls,2026-27,2026-05,2026-04-01,2026-06-11,2026-05-14,RY8,Derbyshire Community Health Services NHS Foundation Trust,QJ2,NHS Derby And Derbyshire Integrated Care Board,MIDLANDS,Midlands Commissioning Region
2026-06/System-Mapping-Apr-26.xls,2026-27,2026-05,2026-04-01,2026-06-11,2026-05-14,RY9,Hounslow And Richmond Community Healthcare NHS Trust,QWE,NHS South West London Integrated Care Board,LONDON,London Commissioning Region
2026-06/System-Mapping-Apr-26.xls,2026-27,2026-05,2026-04-01,2026-06-11,2026-05-14,RYF,South Western Ambulance Service NHS Foundation Trust,QJK,NHS Devon Integrated Care Board,SOUTH WEST,South West Commissioning Region
2026-06/System-Mapping-Apr-26.xls,2026-27,2026-05,2026-04-01,2026-06-11,2026-05-14,RYG,Coventry and Warwickshire Partnership NHS Trust,QWU,NHS Coventry And Warwickshire Integrated Care Board,MIDLANDS,Midlands Commissioning Region
2026-06/System-Mapping-Apr-26.xls,2026-27,2026-05,2026-04-01,2026-06-11,2026-05-14,RYJ,Imperial College Healthcare NHS Trust,Z9B2Z,NHS West and North London Integrated Care Board,LONDON,London Commissioning Region
2026-06/System-Mapping-Apr-26.xls,2026-27,2026-05,2026-04-01,2026-06-11,2026-05-14,RYR,University Hospitals Sussex NHS Foundation Trust,S9B9J,NHS Surrey and Sussex Integrated Care Board,SOUTH EAST,South East Commissioning Region
2026-06/System-Mapping-Apr-26.xls,2026-27,2026-05,2026-04-01,2026-06-11,2026-05-14,RYX,Central London Community Healthcare NHS Trust,Z9B2Z,NHS West and North London Integrated Care Board,LONDON,London Commissioning Region
2026-06/System-Mapping-Apr-26.xls,2026-27,2026-05,2026-04-01,2026-06-11,2026-05-14,RYY,Kent Community Health NHS Foundation Trust,QKS,NHS Kent And Medway Integrated Care Board,SOUTH EAST,South East Commissioning Region
2026-06/System-Mapping-Apr-26.xls,2026-27,2026-05,2026-04-01,2026-06-11,2026-05-14,Y02428,Putnoe Medical Centre Walk In Centre,S1Y5D,NHS Central East Integrated Care Board,EAST OF ENGLAND,East of England Commissioning Region
2026-06/System-Mapping-Apr-26.xls,2026-27,2026-05,2026-04-01,2026-06-11,2026-05-14,Y02532,Miriam Minor Emergency,QYG,NHS Cheshire And Merseyside Integrated Care Board,NORTH WEST,North West Commissioning Region
2026-06/System-Mapping-Apr-26.xls,2026-27,2026-05,2026-04-01,2026-06-11,2026-05-14,Y02676,Brighton Station Health Centre,S9B9J,NHS Surrey and Sussex Integrated Care Board,SOUTH EAST,South East Commissioning Region
2026-06/System-Mapping-Apr-26.xls,2026-27,2026-05,2026-04-01,2026-06-11,2026-05-14,Y03218,The Pinn Unregistered Wic,Z9B2Z,NHS West and North London Integrated Care Board,LONDON,London Commissioning Region
2026-06/System-Mapping-Apr-26.xls,2026-27,2026-05,2026-04-01,2026-06-11,2026-05-14,Y03571,Corby Urgent Care Centre,QPM,NHS Northamptonshire Integrated Care Board,MIDLANDS,Midlands Commissioning Region
2026-06/System-Mapping-Apr-26.xls,2026-27,2026-05,2026-04-01,2026-06-11,2026-05-14,Y04538,Bracknell Urgent Care Centre Wic,S0E4D,NHS Thames Valley Integrated Care Board,SOUTH EAST,South East Commissioning Region
